"code","number","edition","character","series","quality","obtainedDate","obtainedTimestamp","burnValue","dye.code","dye.name","frame","morphed","trimmed","tag","alias","wishlists","fights","dropQuality","dropper","grabber","guild","worker.effort","worker.style","worker.purity","worker.grabber","worker.dropper","worker.quickness","worker.toughness","worker.vanity","worker.recoveryDate","worker.recoveryTimestamp"
"v4dlt91","73433","1","Zookeeper","Panda! Go Panda!","3","Fri, 21 Mar 2025 09:16:36 GMT","1742548596493","2","","","","No","No","","","0","0","3","737980149995274240","737980149995274240","797920307284934697","1","F","S","S","S","F","F","D","",""
"v4dllns","73096","1","Lamica Hoshii","Lucky Star","2","Fri, 21 Mar 2025 08:36:10 GMT","1742546170633","5","","","","No","No","","","0","0","2","737980149995274240","737980149995274240","797920307284934697","1","F","S","S","S","A","F","D","",""
"v4d4t46","67412","1","Ren","Blade Runner: Black Out 2022","1","Thu, 20 Mar 2025 19:38:09 GMT","1742499489430","1","","","","No","No","","","1","0","1","737980149995274240","737980149995274240","1256218217987313754","0","F","S","S","S","F","F","D","",""
"v4d1tfl","13156","1","Dracula","Honkai Impact 3rd","2","Thu, 20 Mar 2025 14:16:15 GMT","1742480175188","29","","","","No","No","","","3","0","2","737980149995274240","737980149995274240","1256218217987313754","15","F","S","S","S","A","F","D","",""
"v4djtzc","71077","1","Chacha","Dokyuu Hentai HxEros","1","Thu, 20 Mar 2025 11:44:12 GMT","1742471052401","5","","","","No","No","","","1","0","1","737980149995274240","737980149995274240","1256218217987313754","1","F","S","S","S","A","F","D","",""
"v4dbs2h","73633","1","Kuro","Gokinjo Monogatari","0","Thu, 20 Mar 2025 07:39:44 GMT","1742456384533","2","","","","No","No","","","1","0","0","1345496003708588172","737980149995274240","1256218217987313754","1","F","S","S","F","B","F","D","",""
"v4ghfwn","18692","3","Nobutaka Osanai","Tokyo Revengers","2","Sun, 02 Mar 2025 13:48:45 GMT","1740923325531","28","","","","No","No","","","1","0","2","737980149995274240","737980149995274240","797920307284934697","15","F","S","S","S","A","F","D","",""
"v4knknp","72006","1","Domino","One Piece","2","Thu, 06 Feb 2025 20:32:25 GMT","1738873945086","18","","","","No","No","","","1","0","2","1258103469164728365","737980149995274240","1230568496014819439","10","F","S","S","F","F","F","D","",""
"v4kj9tv","57847","1","Bond Forger","Spy x Family","3","Thu, 06 Feb 2025 20:19:22 GMT","1738873162380","101","","","","No","No","","","203","0","3","","737980149995274240","1230568496014819439","50","F","S","S","F","B","F","D","",""
"v4kk4dd","43190","2","Yoshie","Ponyo on the Cliff by the Sea","2","Thu, 06 Feb 2025 16:50:42 GMT","1738860642069","17","","","","No","No","","","1","0","2","737980149995274240","737980149995274240","1230568496014819439","8","F","S","S","S","A","F","D","",""
"v4w6f6l","72999","1","Riku's Mother","Grrl Power!","1","Wed, 05 Feb 2025 20:19:17 GMT","1738786757249","1","","","","No","No","","","0","0","1","737980149995274240","737980149995274240","1230568496014819439","0","F","S","S","S","A","F","D","",""
"v4w8zbw","2081","3","Vill-V","Honkai Impact 3rd","2","Wed, 05 Feb 2025 11:33:56 GMT","1738755236579","65","","","","No","No","","","33","0","2","737980149995274240","737980149995274240","1230568496014819439","36","F","S","S","S","A","F","D","",""
"v4wtnvg","72409","1","Jinenji","InuYasha","2","Wed, 05 Feb 2025 10:53:07 GMT","1738752787747","3","","","","No","No","","","1","0","2","688687114128588823","737980149995274240","1230568496014819439","1","F","S","S","F","F","F","D","",""
"v4wp2xm","72109","1","Piyotan","Tachumaru Gekijou","0","Tue, 04 Feb 2025 20:28:37 GMT","1738700917729","1","","","","No","No","","","1","0","0","737980149995274240","737980149995274240","1230568496014819439","0","F","S","S","S","A","F","D","",""
"v4w4zfn","26733","3","Ryuunosuke Chiba","Assassination Classroom","2","Tue, 04 Feb 2025 19:03:41 GMT","1738695821196","35","","","","No","No","","","1","0","2","737980149995274240","737980149995274240","1230568496014819439","20","F","S","S","S","S","F","D","",""
"v4wzl4d","72178","1","December","Coyote Ragtime Show","2","Tue, 04 Feb 2025 18:25:47 GMT","1738693547297","2","","","","No","No","","","1","0","2","737980149995274240","737980149995274240","1230568496014819439","1","F","S","S","S","A","F","D","",""
"v4wz1jh","72532","1","Carrot","Magical Witch Punie-chan","3","Tue, 04 Feb 2025 15:54:34 GMT","1738684474615","19","","","","No","No","","","1","0","3","737980149995274240","737980149995274240","1230568496014819439","13","F","S","S","S","S","F","D","",""
"v4wnqrp","72155","1","Oroku","Pom Poko","2","Tue, 04 Feb 2025 12:30:58 GMT","1738672258411","2","","","","No","No","","","1","0","2","737980149995274240","737980149995274240","1230568496014819439","1","F","S","S","S","S","F","D","",""
"v4wb4r2","3783","6","Red","Pokémon Origins","4","Tue, 04 Feb 2025 07:24:18 GMT","1738653858445","254","","","","No","No","","","29","0","4","737980149995274240","737980149995274240","1230568496014819439","141","F","S","S","S","S","F","D","",""
"v4w5lfw","72221","1","Friendly Akuma","D.Gray-man","1","Tue, 04 Feb 2025 06:48:53 GMT","1738651733011","1","","","","No","No","","","1","0","1","737980149995274240","737980149995274240","1230568496014819439","0","F","S","S","S","A","F","D","",""
"v4w096b","72154","1","Miyari","Robot Girls Z Specials","0","Mon, 03 Feb 2025 20:43:22 GMT","1738615402756","1","","","","No","No","","","1","0","0","737980149995274240","737980149995274240","1230568496014819439","0","F","S","S","S","B","F","D","",""
"v4wmztz","71909","1","Komami","Puchimas! Petit iDOLM@STER","2","Mon, 03 Feb 2025 17:30:23 GMT","1738603823832","2","","","","No","No","","","1","0","2","737980149995274240","737980149995274240","1230568496014819439","1","F","S","S","S","B","F","D","",""
"v4wmt72","72132","1","Margie","Animal Crossing","4","Mon, 03 Feb 2025 16:40:17 GMT","1738600817796","33","","","","No","No","","","2","0","4","","737980149995274240","1230568496014819439","16","F","S","S","F","A","F","D","",""
"v42cs9d","72521","1","Akagappa","Nura: Rise of the Youkai Clan - Demon Capital","4","Mon, 03 Feb 2025 15:32:30 GMT","1738596750132","6","","","","No","No","","","0","0","4","737980149995274240","737980149995274240","1230568496014819439","4","F","S","S","S","A","F","D","",""
"v426kjw","9753","1","SIMBA","Dear Vocalist","1","Mon, 03 Feb 2025 12:34:27 GMT","1738586067890","6","","","","No","No","","","1","0","1","","737980149995274240","1230568496014819439","4","F","S","S","F","F","F","D","",""
"v42xtqz","72183","1","Mayu's Mother","Elfen Lied","1","Mon, 03 Feb 2025 11:29:47 GMT","1738582187795","1","","","","No","No","","","1","0","1","1215241268427231272","737980149995274240","1230568496014819439","0","F","S","S","F","F","F","D","",""
"v42x5jp","72288","1","Blue","Jungle Master Movie","2","Mon, 03 Feb 2025 07:56:07 GMT","1738569367038","2","","","","No","No","","","0","0","2","737980149995274240","737980149995274240","1230568496014819439","1","F","S","S","S","S","F","D","",""
"v429lmt","71772","1","Vine Zeki","RWBY","2","Sun, 02 Feb 2025 20:01:02 GMT","1738526462042","5","","","","No","No","","","1","0","2","1258103469164728365","737980149995274240","1230568496014819439","1","F","S","S","F","A","F","D","",""
"v429xx6","71999","1","Teacher","Piano: The Melody of a Young Girl's Heart","3","Sun, 02 Feb 2025 18:56:24 GMT","1738522584633","2","","","","No","No","","","0","0","3","737980149995274240","737980149995274240","1230568496014819439","1","F","S","S","S","B","F","D","",""
"v42ptxg","72076","1","Sheepshead","One Piece","1","Sun, 02 Feb 2025 11:28:44 GMT","1738495724480","5","","","","No","No","","","1","0","1","737980149995274240","737980149995274240","1230568496014819439","1","F","S","S","S","B","F","D","",""
"v4243mt","72009","1","Takeshi's Grandmother","Yamishibai: Japanese Ghost Stories 5th Season","2","Sun, 02 Feb 2025 10:25:20 GMT","1738491920289","1","","","","No","No","","","1","0","2","1215241268427231272","737980149995274240","1230568496014819439","0","F","S","S","F","F","F","D","",""
"v42k10l","15749","3","Eugénie de Danglars","Gankutsuou: The Count of Monte Cristo","3","Sat, 01 Feb 2025 21:56:22 GMT","1738446982980","36","","","","No","No","","","1","0","3","737980149995274240","737980149995274240","1230568496014819439","19","F","S","S","S","A","F","D","",""
"v42hwfv","1144","7","Palm Siberia","Hunter x Hunter (2011)","2","Sat, 01 Feb 2025 17:16:11 GMT","1738430171686","76","","","","No","No","","","15","0","2","737980149995274240","737980149995274240","1230568496014819439","44","F","S","S","S","A","F","D","",""
"v420czc","44897","1","Azelf","Pokémon: Diamond & Pearl","2","Sat, 01 Feb 2025 10:53:42 GMT","1738407222306","18","","","","No","No","","","2","0","2","737980149995274240","737980149995274240","1230568496014819439","13","F","S","S","S","A","F","D","",""
"v4htcvk","70713","1","Kurokuma","Danganronpa Another Episode: Ultra Despair Girls","1","Fri, 31 Jan 2025 22:09:42 GMT","1738361382643","13","","","","No","No","","","2","0","1","737980149995274240","737980149995274240","1230568496014819439","6","F","S","S","S","A","F","D","",""
"v4h7d7l","56028","1","JetMervamon","Digimon Xros Wars: Aku no Death General to Shichinin no Oukoku","1","Fri, 31 Jan 2025 21:28:45 GMT","1738358925976","4","","","","No","No","","","1","0","1","737980149995274240","737980149995274240","1230568496014819439","1","F","S","S","S","D","F","D","",""
"v4htcl9","72203","1","Mew","PriPara","4","Fri, 31 Jan 2025 20:53:27 GMT","1738356807598","21","","","","No","No","","","0","0","4","737980149995274240","737980149995274240","1230568496014819439","13","F","S","S","S","B","F","D","",""
"v4h8l7s","60807","1","Giant Squid","Heaven's Design Team","2","Fri, 31 Jan 2025 17:57:11 GMT","1738346231724","7","","","","No","No","","","1","0","2","737980149995274240","737980149995274240","1230568496014819439","4","F","S","S","S","B","F","D","",""
"v4hlh3m","72121","1","Crabrante","One-Punch Man","0","Fri, 31 Jan 2025 17:21:20 GMT","1738344080726","2","","","","No","No","","","1","0","0","","737980149995274240","1230568496014819439","1","F","S","S","F","B","F","D","",""
"v4hl6bd","72266","1","Lisa Castle","Avengers Confidential: Black Widow & Punisher","2","Fri, 31 Jan 2025 16:57:41 GMT","1738342661714","4","","","","No","No","","","1","0","2","737980149995274240","737980149995274240","1230568496014819439","1","F","S","S","S","A","F","D","",""
"v4hf1rs","71965","1","Anmo-hime","The Morose Mononokean","3","Fri, 31 Jan 2025 14:20:11 GMT","1738333211030","6","","","","No","No","","","1","0","3","737980149995274240","737980149995274240","1230568496014819439","4","F","S","S","S","A","F","D","",""
"v4hgnz6","38531","2","Elf","Nanbaka","1","Fri, 31 Jan 2025 12:06:42 GMT","1738325202294","10","","","","No","No","","","3","0","1","","737980149995274240","1230568496014819439","5","F","S","S","F","B","F","D","",""
"v4h9001","44082","2","Kouji Haruta","Toradora!","2","Fri, 31 Jan 2025 11:14:53 GMT","1738322093730","22","","","","No","No","","","1","0","2","737980149995274240","737980149995274240","1230568496014819439","14","F","S","S","S","A","F","D","",""
"v4h3pv1","72356","1","Bear's Father","Pig: The Dam Keeper Poems","2","Fri, 31 Jan 2025 08:11:06 GMT","1738311066974","3","","","","No","No","","","1","0","2","737980149995274240","737980149995274240","1230568496014819439","1","F","S","S","S","A","F","D","",""
"v4hnzl0","72295","1","Kinoshita","Nana","2","Thu, 30 Jan 2025 20:42:03 GMT","1738269723437","2","","","","No","No","","","1","0","2","737980149995274240","737980149995274240","1230568496014819439","1","F","S","S","S","A","F","D","",""
"v4hbjll","71797","1","Hiruta Mitsuo","Tokyo Godfathers","1","Thu, 30 Jan 2025 18:13:21 GMT","1738260801823","1","","","","No","No","","","1","0","1","737980149995274240","737980149995274240","1230568496014819439","0","F","S","S","S","B","F","D","",""
"v4hb4gt","72249","1","Ranbyou","Aria the Scarlet Ammo AA","2","Thu, 30 Jan 2025 17:52:01 GMT","1738259521087","4","","","","No","No","","","1","0","2","","737980149995274240","1230568496014819439","1","F","S","S","F","F","F","D","",""
"v4h53k2","71835","1","Mr. Resetti","Animal Crossing","3","Thu, 30 Jan 2025 17:23:18 GMT","1738257798906","23","","","","No","No","","","2","0","3","1195645756615426048","737980149995274240","1230568496014819439","11","F","S","S","F","F","F","D","",""
"v4q7d4v","19212","3","Jessie's Mimikyu","Pokémon Sun & Moon","1","Thu, 30 Jan 2025 14:47:35 GMT","1738248455443","25","","","","No","No","","","19","0","1","1195645756615426048","1195645756615426048","1230568496014819439","11","F","S","F","F","A","F","D","",""
"v4hw29r","67474","1","Chilly","Kirby: Right Back at Ya!","4","Thu, 30 Jan 2025 13:14:19 GMT","1738242859162","35","","","","No","No","","","1","0","4","737980149995274240","737980149995274240","1230568496014819439","20","F","S","S","S","A","F","D","",""
"v4q6lcp","6508","1","Puchi Suri","The Unwanted Undead Adventurer","2","Wed, 29 Jan 2025 20:59:37 GMT","1738184377623","6","","","","No","No","","","1","0","2","","737980149995274240","1230568496014819439","4","F","S","S","F","A","F","D","",""
"v4q6jmm","72658","1","Flute","Violinist of Hamelin","0","Wed, 29 Jan 2025 20:37:19 GMT","1738183039648","1","","","","No","No","","","1","0","0","737980149995274240","737980149995274240","1230568496014819439","0","F","S","S","S","A","F","D","",""
"v4qx7qw","72748","1","Arak","Dragon Ball Super","0","Wed, 29 Jan 2025 20:25:38 GMT","1738182338168","1","","","","No","No","","","1","0","0","","737980149995274240","1230568496014819439","0","F","S","S","F","B","F","D","",""
"v4q63sw","72228","1","Brago","Zatch Bell!","1","Wed, 29 Jan 2025 19:59:48 GMT","1738180788373","4","","","","No","No","","","2","0","1","737980149995274240","737980149995274240","1230568496014819439","1","F","S","S","S","A","F","D","",""
"v4qsg09","17671","2","Zun","Ore, Tsushima","0","Wed, 29 Jan 2025 18:12:09 GMT","1738174329757","8","","","","No","No","","","3","0","0","737980149995274240","737980149995274240","1230568496014819439","4","F","S","S","S","A","F","D","",""
"v4qrbx2","870","7","Toshizou Hijikata","Hakuouki: Demon of the Fleeting Blossom","2","Tue, 28 Jan 2025 20:59:10 GMT","1738097950790","52","","","","No","No","","","8","0","2","737980149995274240","737980149995274240","1230568496014819439","30","F","S","S","S","B","F","C","",""
"v4q4p1g","72093","1","Angeletta","Romeo no Aoi Sora","0","Tue, 28 Jan 2025 19:12:02 GMT","1738091522721","1","","","","No","No","","","1","0","0","737980149995274240","737980149995274240","1230568496014819439","0","F","S","S","S","B","F","D","",""
"v4q13k6","72266","1","Oslo Whistler","Professor Layton and the Eternal Diva","2","Tue, 28 Jan 2025 16:20:47 GMT","1738081247632","1","","","","No","No","","","1","0","2","1258103469164728365","737980149995274240","1230568496014819439","0","F","S","S","F","F","F","D","",""
"v4qj827","72199","1","Otto Frank","Anne no Nikki","2","Tue, 28 Jan 2025 13:40:07 GMT","1738071607438","2","","","","No","No","","","2","0","2","897897525992910868","737980149995274240","1230568496014819439","1","F","S","S","F","F","F","D","",""
"v4qv5l7","71850","1","Monk","Dojoji","2","Mon, 27 Jan 2025 16:48:42 GMT","1737996522463","2","","","","No","No","","","1","0","2","","737980149995274240","1230568496014819439","1","F","S","S","F","F","F","D","",""
"v4qm648","72353","1","Papa Gunsmith","Granblue Fantasy the Animation","3","Mon, 27 Jan 2025 16:13:02 GMT","1737994382393","4","","","","No","No","","","0","0","3","737980149995274240","737980149995274240","1230568496014819439","1","F","S","S","S","A","F","D","",""
"v40c18p","41633","2","Kokapiani","Anime Kapibara-san","1","Mon, 27 Jan 2025 13:37:49 GMT","1737985069202","9","","","","No","No","","","4","0","1","737980149995274240","737980149995274240","1230568496014819439","4","F","S","S","S","S","F","D","",""
"v40lzhd","71877","1","Droopy-eared Bananya","Bananya and the Curious Bunch","2","Sun, 26 Jan 2025 22:02:43 GMT","1737928963582","17","","","","No","No","","","9","0","2","897897525992910868","737980149995274240","1230568496014819439","6","F","S","S","F","B","F","D","",""
"v40fq7r","72538","1","Tsutomu","Aoyama Goshou Tanpenshuu","2","Sun, 26 Jan 2025 21:14:33 GMT","1737926073726","4","","","","No","No","","","1","0","2","737980149995274240","737980149995274240","1230568496014819439","1","F","S","S","S","A","F","D","",""
"vzc8pr0","43278","2","Shirakawa","Elfen Lied","1","Sun, 26 Jan 2025 20:10:23 GMT","1737922223885","8","","","","No","No","","","1","0","1","1258103469164728365","1258103469164728365","797920307284934697","4","F","S","F","F","A","F","D","",""
"vnsh51k","25241","2","Mayu","Elfen Lied","2","Sun, 26 Jan 2025 20:10:13 GMT","1737922213905","20","","","","No","No","","","3","0","2","1258103469164728365","1258103469164728365","797920307284934697","10","F","S","F","F","B","F","D","",""
"vnm2z69","67095","1","Kanae","Elfen Lied","4","Sun, 26 Jan 2025 20:10:02 GMT","1737922202976","25","","","","No","No","","","1","0","4","1258103469164728365","1258103469164728365","797920307284934697","10","F","S","F","F","F","F","D","",""
"vn6pg62","27502","1","Chief Kurama","Elfen Lied","1","Sun, 26 Jan 2025 20:09:47 GMT","1737922187710","1","","","","No","No","","","1","0","1","1258103469164728365","1258103469164728365","797920307284934697","0","F","S","F","F","C","F","D","",""
"v409rz5","71637","1","Mariko Kurama","Elfen Lied","3","Sun, 26 Jan 2025 20:07:37 GMT","1737922057810","17","","","","No","No","","","1","0","3","1258103469164728365","1258103469164728365","1230568496014819439","6","F","S","F","F","B","F","D","",""
"v40g3bj","31438","2","Fat Gum","My Hero Academia 4","2","Sun, 26 Jan 2025 20:07:30 GMT","1737922050725","57","","","","No","No","","","27","0","2","737980149995274240","737980149995274240","1230568496014819439","30","F","S","S","S","A","F","D","",""
"v40gv8d","72608","1","Sarah Dupont","Kaleido Star","0","Sun, 26 Jan 2025 19:12:19 GMT","1737918739784","1","","","","No","No","","","1","0","0","897897525992910868","737980149995274240","1230568496014819439","0","F","S","S","F","B","F","D","",""
"v40rqlx","72121","1","Dino Brachio","Dinozaurs: The Series","2","Sun, 26 Jan 2025 13:56:49 GMT","1737899809670","3","","","","No","No","","","1","0","2","688687114128588823","737980149995274240","1230568496014819439","1","F","S","S","F","F","F","D","",""
"v4vlgf5","72023","1","Manumaru","Aggretsuko","2","Fri, 24 Jan 2025 15:05:39 GMT","1737731139847","7","","","","No","No","","","1","0","2","688687114128588823","737980149995274240","1230568496014819439","4","F","S","S","F","A","F","D","",""
"v4v9zjr","33846","1","Zeldris","The Seven Deadly Sins: Revival of the Commandments","2","Fri, 24 Jan 2025 10:55:20 GMT","1737716120265","43","","","","No","No","","","31","0","2","737980149995274240","737980149995274240","1230568496014819439","24","F","S","S","S","A","F","D","",""
"v4vj5cq","1233","4","Alisa Bosconovitch","Tekken: Blood Vengeance","2","Thu, 23 Jan 2025 16:00:43 GMT","1737648043868","52","","","","No","No","","","14","0","2","","737980149995274240","1230568496014819439","25","F","S","S","F","F","F","D","",""
"v4v5tld","68960","1","Gru","Inazuma Eleven x Despicable Me","3","Thu, 23 Jan 2025 13:56:35 GMT","1737640595203","89","","","","No","No","","","65","0","3","737980149995274240","737980149995274240","1230568496014819439","48","F","S","S","S","A","F","D","",""
"v4vwp8m","72224","1","Teacher","Sacred Seven Movie: Shirogane no Tsubasa Picture Drama","1","Thu, 23 Jan 2025 08:51:56 GMT","1737622316010","1","","","","No","No","","","0","0","1","737980149995274240","737980149995274240","1230568496014819439","0","F","S","S","S","B","F","D","",""
"v4vwwfc","71651","1","Angie","Pipopapo Patrol-kun","2","Thu, 23 Jan 2025 06:37:11 GMT","1737614231491","2","","","","No","No","","","1","0","2","737980149995274240","737980149995274240","1230568496014819439","1","F","S","S","S","A","F","D","",""
"v4mcq9f","72088","1","Midari's Lackey B","Kakegurui","2","Wed, 22 Jan 2025 19:54:36 GMT","1737575676740","14","","","","No","No","","","1","0","2","737980149995274240","737980149995274240","1230568496014819439","6","F","S","S","S","B","F","D","",""
"v4mclwr","72135","1","Cat Festival Announcer","Clean Freak! Aoyama-kun","2","Wed, 22 Jan 2025 19:33:09 GMT","1737574389681","2","","","","No","No","","","1","0","2","","688687114128588823","1230568496014819439","1","F","S","F","F","F","F","D","",""
"vztpch3","71670","1","Rokurokubi","Yo-kai Watch","1","Wed, 22 Jan 2025 19:32:44 GMT","1737574364722","1","","","","No","No","","","1","0","1","688687114128588823","688687114128588823","797920307284934697","0","F","S","F","F","B","F","D","",""
"vz838r1","71696","1","Younger Pichu Brother","Pokémon: Pikachu and Pichu","2","Wed, 22 Jan 2025 19:32:32 GMT","1737574352217","23","","","","No","No","","","2","0","2","688687114128588823","688687114128588823","797920307284934697","11","F","S","F","F","B","F","D","",""
"v4mcrtm","34622","1","Napoleon","One Piece","1","Wed, 22 Jan 2025 19:22:54 GMT","1737573774069","7","","","","No","No","","","1","0","1","737980149995274240","737980149995274240","1230568496014819439","4","F","S","S","S","A","F","D","",""
"v4mcqp5","72072","1","Disguised Wolf","Pikotarou no Lullaby Lu-llaby","2","Wed, 22 Jan 2025 18:58:45 GMT","1737572325214","3","","","","No","No","","","2","0","2","897897525992910868","737980149995274240","1230568496014819439","1","F","S","S","F","B","F","D","",""
"v4m6sd0","66476","1","Goh's Binacle","Pokémon Journeys: The Series","1","Wed, 22 Jan 2025 18:46:33 GMT","1737571593258","4","","","","No","No","","","1","0","1","737980149995274240","737980149995274240","1230568496014819439","1","F","S","S","S","A","F","D","",""
"v4mxkvm","72090","1","Sir Slime","gdgd men's party","2","Wed, 22 Jan 2025 15:33:00 GMT","1737559980565","12","","","","No","No","","","5","0","2","737980149995274240","737980149995274240","1230568496014819439","6","F","S","S","S","A","F","D","",""
"v4md8tg","72009","1","Excadrill","Pokémon: Black & White","2","Wed, 22 Jan 2025 14:42:32 GMT","1737556952707","13","","","","No","No","","","1","0","2","737980149995274240","737980149995274240","1230568496014819439","5","F","S","S","S","C","F","D","",""
"v4mstgw","9921","4","Sengoku","One Piece","1","Wed, 22 Jan 2025 14:11:19 GMT","1737555079239","26","","","","No","No","","","5","0","1","","737980149995274240","1230568496014819439","13","F","S","S","F","F","F","D","",""
"v4msf47","17229","1","Shinichi Okazaki","Nana","0","Wed, 22 Jan 2025 14:01:12 GMT","1737554472317","2","","","","No","No","","","50","0","0","737980149995274240","737980149995274240","1230568496014819439","1","F","S","S","S","C","F","D","",""
"v4mdqg9","71604","1","Hunter Website Bartender","Hunter x Hunter (2011)","2","Wed, 22 Jan 2025 12:50:02 GMT","1737550202742","6","","","","No","No","","","1","0","2","688687114128588823","737980149995274240","1230568496014819439","4","F","S","S","F","F","F","D","",""
"v4mrkqt","71434","1","Pink Rabbit","Clannad","2","Tue, 21 Jan 2025 20:38:44 GMT","1737491924481","9","","","","No","No","","","1","0","2","1258103469164728365","737980149995274240","797920307284934697","4","F","S","S","F","A","F","D","",""
"vz7nrhf","71705","1","Pink-Haired Girl","Pinky","2","Tue, 07 Jan 2025 15:12:43 GMT","1736262763820","4","","","","No","No","","","1","0","2","737980149995274240","737980149995274240","797920307284934697","1","F","S","S","S","A","F","D","",""
"vzl34dd","71410","1","Heart","Futari wa Precure Max Heart: The Movie","3","Wed, 01 Jan 2025 12:42:57 GMT","1735735377119","10","","","","No","No","","","1","0","3","737980149995274240","737980149995274240","797920307284934697","5","F","S","S","S","A","F","D","",""
"vzl394f","13278","2","Magikarp","Pokémon","4","Wed, 01 Jan 2025 10:37:48 GMT","1735727868789","189","","","","No","No","","","14","0","4","737980149995274240","737980149995274240","797920307284934697","104","F","S","S","S","S","F","D","",""
"vzlv5fl","71618","1","Octillery","Pokémon","3","Tue, 31 Dec 2024 08:07:42 GMT","1735632462952","22","","","","No","No","","","1","0","3","737980149995274240","737980149995274240","797920307284934697","14","F","S","S","S","S","F","D","",""
"vzf9vlw","71145","1","Cat","Teekyuu 5","2","Mon, 30 Dec 2024 10:07:18 GMT","1735553238760","7","","","","No","No","","","2","0","2","1258103469164728365","737980149995274240","797920307284934697","4","F","S","S","F","C","F","D","",""
"vz3cj09","71274","1","Fiona","And2 Girls: Prelude to Phoenix","4","Tue, 24 Dec 2024 19:02:17 GMT","1735066937048","29","","","","No","No","","","1","0","4","737980149995274240","737980149995274240","797920307284934697","15","F","S","S","S","B","F","D","",""
"vz3s16b","71349","1","9'Theta","DARLING in the FRANXX","4","Tue, 24 Dec 2024 15:31:07 GMT","1735054267868","47","","","","No","No","","","1","0","4","737980149995274240","737980149995274240","797920307284934697","25","F","S","S","S","A","F","D","",""
"vz3dz7h","71018","1","Lippy","Beyblade","2","Tue, 24 Dec 2024 14:05:14 GMT","1735049114099","2","","","","No","No","","","0","0","2","737980149995274240","737980149995274240","797920307284934697","1","F","S","S","S","A","F","D","",""
"vz376pb","71098","1","Mayor","Koguma no Misha","2","Tue, 24 Dec 2024 12:32:48 GMT","1735043568687","1","","","","No","No","","","1","0","2","737980149995274240","737980149995274240","797920307284934697","0","F","S","S","S","A","F","D","",""
"vz38lgl","70847","1","Charlotte's Mother","Infinite Stratos 2","3","Tue, 24 Dec 2024 10:46:55 GMT","1735037215897","10","","","","No","No","","","0","0","3","737980149995274240","737980149995274240","797920307284934697","5","F","S","S","S","B","F","D","",""
"vzpdk97","70837","1","DD Girl Purple","Sailor Moon","0","Fri, 20 Dec 2024 10:54:24 GMT","1734692064104","1","","","","No","No","","","0","0","0","737980149995274240","737980149995274240","797920307284934697","0","F","S","S","S","F","F","D","",""
"vzp1n7m","71162","1","Darla","Neo Yokio","3","Thu, 19 Dec 2024 12:26:13 GMT","1734611173500","5","","","","No","No","","","1","0","3","737980149995274240","737980149995274240","797920307284934697","1","F","S","S","S","A","F","D","",""
"vzznf8b","3683","6","Bulma","Dragon Ball","1","Sun, 15 Dec 2024 09:30:15 GMT","1734255015462","37","","","","No","No","","","64","0","1","737980149995274240","737980149995274240","797920307284934697","20","F","S","S","S","A","F","D","",""
"vznv5b2","23517","2","Takehara","Heaven's Lost Property","2","Tue, 10 Dec 2024 17:01:12 GMT","1733850072678","10","","","","No","No","","","0","0","2","","737980149995274240","797920307284934697","5","F","S","S","F","B","F","D","",""
"vz0bbsm","70374","1","Lion-san","Twin Spica","3","Fri, 22 Nov 2024 20:07:48 GMT","1732306068170","5","","","","No","No","","","1","0","3","737980149995274240","737980149995274240","797920307284934697","1","F","S","S","S","A","F","D","",""
"vzvk53w","70091","1","Inaba","Noragami Aragoto","3","Wed, 20 Nov 2024 17:46:48 GMT","1732124808842","18","","","","No","No","","","1","0","3","737980149995274240","737980149995274240","797920307284934697","13","F","S","S","S","B","F","D","",""
"vzm84t5","70639","1","Jon","Kanamemo","3","Tue, 19 Nov 2024 18:02:26 GMT","1732039346537","11","","","","No","No","","","1","0","3","737980149995274240","737980149995274240","797920307284934697","5","F","S","S","S","A","F","D","",""
"vzmr4wd","64654","1","Reiner's Father","Attack on Titan: The Final Season","2","Tue, 19 Nov 2024 10:44:48 GMT","1732013088392","11","","","","No","No","","","1","0","2","737980149995274240","737980149995274240","797920307284934697","5","F","S","S","S","B","F","D","",""
"v1xpt3q","69984","1","TV Announcer","Negadon: The Monster from Mars","0","Wed, 13 Nov 2024 14:02:14 GMT","1731506534449","1","","","","No","No","","","0","0","0","737980149995274240","737980149995274240","797920307284934697","0","F","S","S","S","A","F","D","",""
"v1x4wz3","293","7","Luna","Sailor Moon","1","Wed, 13 Nov 2024 13:29:17 GMT","1731504557555","41","","","","No","No","","","109","0","1","737980149995274240","737980149995274240","797920307284934697","28","F","S","S","S","A","F","B","",""
"v1tzj3l","65929","1","Kitten","Don't Call Us A JUNK GAME!","2","Wed, 06 Nov 2024 11:20:30 GMT","1730892030844","10","","","","No","No","","","1","0","2","1258103469164728365","737980149995274240","797920307284934697","5","F","S","S","F","C","F","D","",""
"v1lg34z","70124","1","Penzo-san","11eyes","4","Sun, 03 Nov 2024 11:48:33 GMT","1730634513957","26","","","","No","No","","","1","0","4","737980149995274240","737980149995274240","797920307284934697","15","F","S","S","S","A","F","D","",""
"v11nlk7","69871","1","PRAFFeKO","PLUG, THe NeW WORLD","3","Sat, 19 Oct 2024 09:43:49 GMT","1729331029662","4","","","","No","No","","","0","0","3","","737980149995274240","797920307284934697","1","F","S","S","F","B","F","D","",""
"v11bp50","15297","3","Tyrannosaurus","Magic Tree House","1","Sat, 19 Oct 2024 08:00:05 GMT","1729324805308","10","","","","No","No","","","2","0","1","688687114128588823","737980149995274240","797920307284934697","5","F","S","S","F","B","F","D","",""
"v1n52r2","52842","1","Dishwashing Detergent Scrubba-dub-dub","Drugstore in Another World: The Slow Life of a Cheat Pharmacist","3","Thu, 17 Oct 2024 15:23:48 GMT","1729178628050","18","","","","No","No","","","4","0","3","737980149995274240","737980149995274240","797920307284934697","13","F","S","S","S","A","F","D","",""
"v1nmkbg","69838","1","Narancia's Father","JoJo's Bizarre Adventure: Golden Wind","1","Thu, 17 Oct 2024 05:02:18 GMT","1729141338720","6","","","","No","No","","","1","0","1","737980149995274240","737980149995274240","797920307284934697","4","F","S","S","S","C","F","D","",""
"v1brmhn","18120","2","U-4989","Cells at Work!","3","Mon, 14 Oct 2024 16:31:35 GMT","1728923495765","54","","","","No","No","","","1","0","3","737980149995274240","737980149995274240","797920307284934697","29","F","S","S","S","B","F","D","",""
"v12xxcm","69198","1","Midori Norimaki","Dragon Ball","2","Tue, 08 Oct 2024 12:56:42 GMT","1728392202023","9","","","","No","No","","","1","0","2","737980149995274240","737980149995274240","797920307284934697","4","F","S","S","S","A","F","D","",""
"v1hq1d0","68994","1","Meowzie","Pokémon","2","Sat, 05 Oct 2024 10:39:45 GMT","1728124785285","23","","","","No","No","","","1","0","2","737980149995274240","737980149995274240","797920307284934697","14","F","S","S","S","A","F","D","",""
"v107r3l","36526","1","Arase Kazuto","Yakuza","2","Thu, 03 Oct 2024 05:35:33 GMT","1727933733999","7","","","","No","No","","","1","0","2","737980149995274240","737980149995274240","797920307284934697","4","F","S","S","S","A","F","D","",""
"v10156q","68722","1","Mamoru Endou","Inazuma Eleven GO","2","Wed, 02 Oct 2024 13:02:15 GMT","1727874135750","14","","","","No","No","","","38","0","2","737980149995274240","737980149995274240","797920307284934697","8","F","S","S","S","A","F","D","",""
"v10j41k","69036","1","Mona Lisa no Kimi","Dear Brother","0","Wed, 02 Oct 2024 11:16:08 GMT","1727867768314","1","","","","No","No","","","1","0","0","737980149995274240","737980149995274240","797920307284934697","0","F","S","S","S","B","F","D","",""
"v1m3d9m","61558","1","Manaka","Aggretsuko","4","Sun, 29 Sep 2024 10:49:24 GMT","1727606964090","31","","","","No","No","","","2","0","4","","737980149995274240","797920307284934697","16","F","S","S","F","B","F","D","",""
"vn6sdwg","63692","1","Daizo Kinugawa","City Hunter","3","Thu, 26 Sep 2024 14:27:40 GMT","1727360860854","1","","","","No","No","","","0","0","3","737980149995274240","737980149995274240","797920307284934697","0","F","S","S","S","A","F","D","",""
"vn6dm5c","57056","1","G.I. Ring","Hunter x Hunter (2011)","2","Thu, 26 Sep 2024 10:27:03 GMT","1727346423430","16","","","","No","No","","","1","0","2","737980149995274240","737980149995274240","797920307284934697","8","F","S","S","S","A","F","D","",""
"vn6j88f","9089","1","Konta","Miss Shachiku and the Little Baby Ghost","1","Wed, 25 Sep 2024 15:15:55 GMT","1727277355046","3","","","","No","No","","","1","0","1","737980149995274240","737980149995274240","797920307284934697","1","F","S","S","S","A","F","D","",""
"vnx37gw","68579","1","Hideo Tsuda","Kuuchuu Buranko","2","Tue, 24 Sep 2024 09:50:05 GMT","1727171405174","1","","","","No","No","","","0","0","2","737980149995274240","737980149995274240","797920307284934697","0","F","S","S","S","A","F","D","",""
"vnszr59","69251","1","AD","Suite Precure","2","Sun, 22 Sep 2024 07:42:03 GMT","1726990923120","1","","","","No","No","","","0","0","2","1258103469164728365","737980149995274240","797920307284934697","0","F","S","S","F","A","F","D","",""
"vnsqzgm","63339","1","Graceful Charity","Yu-Gi-Oh! Duel Monsters","1","Sat, 21 Sep 2024 18:20:30 GMT","1726942830304","3","","","","No","No","","","1","0","1","737980149995274240","737980149995274240","797920307284934697","1","F","S","S","S","A","F","D","",""
"vn7k391","3746","1","Emma Kliesen","Tekken Tag Tournament 2","2","Wed, 18 Sep 2024 14:05:16 GMT","1726668316142","7","","","","No","No","","","1","0","2","","737980149995274240","797920307284934697","5","F","S","S","F","B","F","B","",""
"vntq54z","68535","1","May's Beautifly","Pokémon Advanced","2","Mon, 16 Sep 2024 15:42:05 GMT","1726501325169","12","","","","No","No","","","1","0","2","737980149995274240","737980149995274240","797920307284934697","6","F","S","S","S","A","F","D","",""
"vnl2ns3","13242","4","Sonia Nevermind","Danganronpa 2: Goodbye Despair","3","Fri, 13 Sep 2024 15:07:02 GMT","1726240022541","118","","","","No","No","","","25","0","3","1258103469164728365","737980149995274240","797920307284934697","60","F","S","S","F","C","F","D","",""
"vnf3dkl","68097","1","Samurai","Namakura Gatana","2","Thu, 12 Sep 2024 14:39:34 GMT","1726151974271","1","","","","No","No","","","1","0","2","","737980149995274240","797920307284934697","0","F","S","S","F","C","F","D","",""
"vn9z4mg","68300","1","Daino","Pipopapo Patrol-kun","1","Tue, 10 Sep 2024 18:20:30 GMT","1725992430127","1","","","","No","No","","","1","0","1","924336354811334676","737980149995274240","797920307284934697","0","F","S","S","F","B","F","D","",""
"vngkg0r","68150","1","Dr. Morimori","Mazinger Z","2","Sun, 08 Sep 2024 16:31:24 GMT","1725813084792","1","","","","No","No","","","1","0","2","","737980149995274240","797920307284934697","0","F","S","S","F","A","F","D","",""
"vng2ssc","62159","1","Mustard","Pokémon Journeys: The Series","2","Sun, 08 Sep 2024 16:16:34 GMT","1725812194566","7","","","","No","No","","","1","0","2","","737980149995274240","797920307284934697","4","F","S","S","F","F","F","D","",""
"vngkqs4","68140","1","One-Eyed Zombie","Chainsaw Maid","2","Sun, 08 Sep 2024 16:02:47 GMT","1725811367865","5","","","","No","No","","","1","0","2","","737980149995274240","797920307284934697","1","F","S","S","F","B","F","D","",""
"vn3fn7r","67982","1","Kitten Bus","Mei and the Baby Cat Bus","2","Sat, 07 Sep 2024 18:47:23 GMT","1725734843638","19","","","","No","No","","","2","0","2","","737980149995274240","797920307284934697","11","F","S","S","F","A","F","D","",""
"vn34prg","67663","1","Messiah","Gestalt","2","Sat, 07 Sep 2024 12:48:46 GMT","1725713326472","2","","","","No","No","","","1","0","2","688687114128588823","737980149995274240","797920307284934697","1","F","S","S","F","F","F","D","",""
"vn3z5vs","3046","4","Pochi","Do It Yourself!!","3","Sat, 07 Sep 2024 09:54:49 GMT","1725702889382","57","","","","No","No","","","1","0","3","737980149995274240","737980149995274240","797920307284934697","33","F","S","S","S","A","F","C","",""
"vn30976","10665","1","Calamity Jane","Fate/Grand Order","2","Fri, 06 Sep 2024 19:18:55 GMT","1725650335331","22","","","","No","No","","","6","0","2","737980149995274240","737980149995274240","797920307284934697","13","F","S","S","S","D","F","D","",""
"vn3qhbf","92","7","Alexander Anderson","Hellsing","2","Fri, 06 Sep 2024 19:03:03 GMT","1725649383878","64","","","","No","No","","","46","0","2","","1258103469164728365","797920307284934697","36","F","S","F","F","F","F","A","",""
"vn3qhbg","67749","1","Shinozaki","SoniAni: Super Sonico the Animation","2","Fri, 06 Sep 2024 19:02:22 GMT","1725649342196","3","","","","No","No","","","0","0","2","","737980149995274240","797920307284934697","1","F","S","S","F","A","F","D","",""
"vnpr468","67886","1","Nao and Makoto's Mother","Takunomi.","2","Wed, 04 Sep 2024 05:37:23 GMT","1725428243890","3","","","","No","No","","","0","0","2","","737980149995274240","797920307284934697","1","F","S","S","F","C","F","D","",""
"vnz4m59","67861","1","Jose","The World Yamizukan","2","Sat, 31 Aug 2024 21:06:30 GMT","1725138390466","1","","","","No","No","","","0","0","2","1258103469164728365","737980149995274240","797920307284934697","0","F","S","S","F","B","F","D","",""
"vnzzwx8","68080","1","Marnie","When Marnie Was There","1","Sat, 31 Aug 2024 19:11:20 GMT","1725131480798","5","","","","No","No","","","12","0","1","737980149995274240","737980149995274240","797920307284934697","1","F","S","S","S","B","F","D","",""
"vnz22k8","67747","1","Sakura Kirishima","Hundred","2","Sat, 31 Aug 2024 09:05:26 GMT","1725095126483","8","","","","No","No","","","1","0","2","737980149995274240","737980149995274240","797920307284934697","4","F","S","S","S","A","F","D","",""
"vnnrhn0","67572","1","Deyashiro Iyata's Boss","Warau Salesman NEW","4","Wed, 28 Aug 2024 16:02:47 GMT","1724860967448","3","","","","No","No","","","0","0","4","737980149995274240","737980149995274240","797920307284934697","1","F","S","S","S","A","F","D","",""
"vnnpzmd","9259","4","Spirit Turtle","The Rising of the Shield Hero 2nd Season","3","Wed, 28 Aug 2024 15:21:22 GMT","1724858482361","51","","","","No","No","","","1","0","3","737980149995274240","737980149995274240","797920307284934697","29","F","S","S","S","A","F","D","",""
"vnnqj8q","25582","1","Bartender","Endro~!","2","Tue, 27 Aug 2024 22:48:10 GMT","1724798890947","4","","","","No","No","","","0","0","2","924336354811334676","737980149995274240","797920307284934697","1","F","S","S","F","F","F","D","",""
"vnnqz81","67850","1","Kumagoro","Sands of Destruction","1","Tue, 27 Aug 2024 22:17:42 GMT","1724797062855","1","","","","No","No","","","0","0","1","924336354811334676","737980149995274240","797920307284934697","0","F","S","S","F","F","F","D","",""
"vnnhf03","67735","1","Brush Fairy","Chibi Airin no Yuruyaka na Nichijou","2","Tue, 27 Aug 2024 21:46:56 GMT","1724795216464","4","","","","No","No","","","1","0","2","737980149995274240","737980149995274240","797920307284934697","1","F","S","S","S","A","F","D","",""
"vnj79vx","67580","1","Panda-bu","Sweet Valerian","1","Tue, 27 Aug 2024 12:36:23 GMT","1724762183288","2","","","","No","No","","","1","0","1","737980149995274240","737980149995274240","797920307284934697","1","F","S","S","S","A","F","D","",""
"vnbk1lv","66799","1","Raremon","Digimon Adventure","2","Sat, 24 Aug 2024 19:56:30 GMT","1724529390307","3","","","","No","No","","","1","0","2","737980149995274240","737980149995274240","797920307284934697","1","F","S","S","S","A","F","D","",""
"vn5xs8x","65263","1","Nanu's Persian","Pokémon Sun & Moon","3","Sat, 24 Aug 2024 08:37:38 GMT","1724488658008","26","","","","No","No","","","1","0","3","737980149995274240","737980149995274240","797920307284934697","15","F","S","S","S","A","F","D","",""
"vn5l8rg","67554","1","Dragon","Koguma no Misha","2","Fri, 23 Aug 2024 23:06:55 GMT","1724454415488","2","","","","No","No","","","1","0","2","737980149995274240","737980149995274240","797920307284934697","1","F","S","S","S","A","F","D","",""
"vnkclsg","40584","2","Tamase Miki","Muv-Luv","2","Thu, 22 Aug 2024 19:20:47 GMT","1724354447761","20","","","","No","No","","","3","0","2","737980149995274240","737980149995274240","797920307284934697","13","F","S","S","S","A","F","D","",""
"vnk669w","67617","1","Koyomi Akejima","Planzet","2","Thu, 22 Aug 2024 17:44:23 GMT","1724348663304","2","","","","No","No","","","0","0","2","","737980149995274240","797920307284934697","1","F","S","S","F","F","F","D","",""
"vnksf7v","67823","1","Tomomin","Dino Girl Gauko","3","Thu, 22 Aug 2024 15:39:57 GMT","1724341197169","5","","","","No","No","","","0","0","3","737980149995274240","737980149995274240","797920307284934697","1","F","S","S","S","A","F","D","",""
"vnwtnrv","38220","2","Petit-Beargguy","Gundam Build Fighters Try","3","Tue, 20 Aug 2024 18:42:19 GMT","1724179339839","32","","","","No","No","","","1","0","3","1258103469164728365","737980149995274240","797920307284934697","15","F","S","S","F","F","F","D","",""
"vnw29dk","67242","1","Cat God","Paniponi Dash!","0","Mon, 19 Aug 2024 16:08:12 GMT","1724083692704","1","","","","No","No","","","1","0","0","737980149995274240","737980149995274240","797920307284934697","0","F","S","S","S","C","F","D","",""
"vnwmq12","66980","1","Alice","Tayo the Little Bus","2","Mon, 19 Aug 2024 11:08:34 GMT","1724065714894","4","","","","No","No","","","1","0","2","737980149995274240","737980149995274240","797920307284934697","1","F","S","S","S","A","F","D","",""
"vn2czns","67596","1","Kemari","Natsume's Book of Friends Season 4","4","Mon, 19 Aug 2024 09:32:57 GMT","1724059977269","17","","","","No","No","","","1","0","4","737980149995274240","737980149995274240","797920307284934697","6","F","S","S","S","B","F","D","",""
"vn2tn35","16610","1","Pod 042","NieR: Automata","2","Sun, 18 Aug 2024 23:00:44 GMT","1724022044569","10","","","","No","No","","","1","0","2","737980149995274240","737980149995274240","797920307284934697","5","F","S","S","S","B","F","C","",""
"vn2lxpt","67014","1","Blonde Girl","Bubble Bath","1","Sun, 18 Aug 2024 20:53:07 GMT","1724014387649","1","","","","No","No","","","1","0","1","737980149995274240","737980149995274240","797920307284934697","0","F","S","S","S","B","F","D","",""
"vn29p3f","67172","1","P-chan","Sketchbook ~full color's~","1","Sun, 18 Aug 2024 18:07:33 GMT","1724004453811","3","","","","No","No","","","1","0","1","737980149995274240","737980149995274240","797920307284934697","1","F","S","S","S","C","F","D","",""
"vn24jmm","67402","1","White Genie","Majokko Tsukune-chan","3","Sun, 18 Aug 2024 09:35:52 GMT","1723973752664","5","","","","No","No","","","0","0","3","688687114128588823","737980149995274240","797920307284934697","1","F","S","S","F","F","F","D","",""
"vnvxks1","67030","1","Maeda","Shirogane no Ishi Argevollen","3","Sun, 11 Aug 2024 16:57:29 GMT","1723395449037","1","","","","No","No","","","0","0","3","737980149995274240","737980149995274240","797920307284934697","0","F","S","S","S","A","F","D","",""
"vnv737r","66982","1","Aphro","Black Clover","1","Sun, 11 Aug 2024 13:31:43 GMT","1723383103284","2","","","","No","No","","","1","0","1","737980149995274240","737980149995274240","797920307284934697","1","F","S","S","S","B","F","D","",""
"vjlplng","66513","1","Kapp'n","Animal Crossing","1","Mon, 05 Aug 2024 21:52:00 GMT","1722894720457","6","","","","No","No","","","6","0","1","688687114128588823","688687114128588823","797920307284934697","4","F","S","F","F","A","F","D","",""
"vj6fc8q","37805","1","Warp","The Disastrous Life of Saiki K. 2nd Season","2","Mon, 05 Aug 2024 21:51:17 GMT","1722894677605","13","","","","No","No","","","1","0","2","737980149995274240","737980149995274240","797920307284934697","6","F","S","S","S","A","F","D","",""
"vj6463m","66548","1","Mr. Resetti","Animal Crossing","3","Mon, 05 Aug 2024 21:51:00 GMT","1722894660632","23","","","","No","No","","","2","0","3","688687114128588823","688687114128588823","797920307284934697","11","F","S","F","F","A","F","D","",""
"vjxwb17","66898","1","King Wuruga XIII","Mahoujin Guru Guru (2017)","1","Sat, 03 Aug 2024 01:40:42 GMT","1722649242958","1","","","","No","No","","","1","0","1","737980149995274240","737980149995274240","797920307284934697","0","F","S","S","S","A","F","D","",""
"vjxhx24","66613","1","Pad-kun","Classicaloid","2","Fri, 02 Aug 2024 23:19:46 GMT","1722640786879","3","","","","No","No","","","0","0","2","","737980149995274240","797920307284934697","1","F","S","S","F","D","F","D","",""
"vjxq7p7","9776","1","Iron Pirate","One Piece","2","Fri, 02 Aug 2024 22:57:15 GMT","1722639435334","25","","","","No","No","","","6","0","2","737980149995274240","737980149995274240","797920307284934697","15","F","S","S","S","B","F","D","",""
"vjsx1pj","67126","1","Baaya","Ozanari Dungeon","0","Fri, 02 Aug 2024 14:52:28 GMT","1722610348505","1","","","","No","No","","","0","0","0","688687114128588823","737980149995274240","797920307284934697","0","F","S","S","F","F","F","D","",""
"vjssnz1","10352","4","Hannah England","Little Witch Academia","0","Fri, 02 Aug 2024 13:18:22 GMT","1722604702599","8","","","","No","No","","","1","0","0","737980149995274240","737980149995274240","797920307284934697","4","F","S","S","S","S","F","D","",""
"vjd4695","66545","1","Katou","The Journey Home","2","Tue, 30 Jul 2024 22:13:34 GMT","1722377614512","4","","","","No","No","","","1","0","2","688687114128588823","737980149995274240","797920307284934697","1","F","S","S","F","C","F","D","",""
"vjdzp40","6638","4","Claudia Levantine","Kuroinu: Kedakaki Seijo wa Hakudaku ni Somaru","1","Tue, 30 Jul 2024 21:44:32 GMT","1722375872599","27","","","","No","No","","","13","0","1","","737980149995274240","797920307284934697","14","F","S","S","F","F","F","C","",""
"vj7b0bn","66699","1","Kara-ane","Aggretsuko (2016)","2","Tue, 30 Jul 2024 13:19:00 GMT","1722345540627","6","","","","No","No","","","1","0","2","715916208922296420","1167080205488226380","648031568756998155","4","F","S","F","F","A","F","D","",""
"vjl6cjl","66284","1","Anai","Aggretsuko (2016)","1","Tue, 30 Jul 2024 13:18:43 GMT","1722345523704","2","","","","No","No","","","2","0","1","1167080205488226380","1167080205488226380","797920307284934697","1","F","S","F","F","A","F","D","",""
"vj7strf","18589","3","Haru Yamaguchi","Mononoke","2","Tue, 30 Jul 2024 13:17:40 GMT","1722345460923","16","","","","No","No","","","1","0","2","591822342259343455","1167080205488226380","648031568756998155","6","F","S","F","F","F","F","D","",""
"vj7thrq","67111","1","Ash's Bulbasaur","Pokémon","2","Mon, 29 Jul 2024 18:18:44 GMT","1722277124741","29","","","","No","No","","","2","0","2","737980149995274240","737980149995274240","797920307284934697","15","F","S","S","S","A","F","D","",""
"vj78pbj","67086","1","Drec","Matoi the Sacred Slayer","4","Mon, 29 Jul 2024 17:07:38 GMT","1722272858166","11","","","","No","No","","","0","0","4","737980149995274240","737980149995274240","797920307284934697","5","F","S","S","S","B","F","D","",""
"vj7b6br","49252","1","Toma","Elsword","2","Sun, 28 Jul 2024 21:30:34 GMT","1722202234924","4","","","","No","No","","","1","0","2","","737980149995274240","797920307284934697","1","F","S","S","F","A","F","D","",""
"vj7k4d4","2264","6","Pierre","The iDOLM@STER SideM","2","Sun, 28 Jul 2024 20:02:40 GMT","1722196960433","36","","","","No","No","","","3","0","2","","737980149995274240","797920307284934697","20","F","S","S","F","C","F","C","",""
"vjt3f30","12077","2","Mesu","Doraemon: The Records of Nobita, Spaceblazer","2","Sat, 27 Jul 2024 14:45:12 GMT","1722091512677","10","","","","No","No","","","0","0","2","737980149995274240","737980149995274240","797920307284934697","5","F","S","S","S","A","F","D","",""
"vjt3lj2","66918","1","Water Inhabitant","Hatoya","2","Sat, 27 Jul 2024 14:11:25 GMT","1722089485643","2","","","","No","No","","","1","0","2","737980149995274240","737980149995274240","797920307284934697","1","F","S","S","S","A","F","D","",""
"vj8xlqm","40730","1","Valkyrie's B-Cube","Edens Zero","0","Fri, 26 Jul 2024 09:35:04 GMT","1721986504972","1","","","","No","No","","","0","0","0","737980149995274240","737980149995274240","797920307284934697","0","F","S","S","S","A","F","D","",""
"vj89rd4","66777","1","Kouji Tabata","Kobo-chan","2","Thu, 25 Jul 2024 19:27:22 GMT","1721935642478","1","","","","No","No","","","0","0","2","737980149995274240","737980149995274240","797920307284934697","0","F","S","S","S","A","F","D","",""
"vj8zh27","845","1","Traffic Illuminator","Wuthering Waves","2","Thu, 25 Jul 2024 12:22:53 GMT","1721910173494","17","","","","No","No","","","1","0","2","737980149995274240","737980149995274240","797920307284934697","10","F","S","S","S","A","F","A","",""
"vj81gj4","66630","1","Souffle","Battle Girl High School","2","Thu, 25 Jul 2024 09:45:53 GMT","1721900753159","3","","","","No","No","","","0","0","2","737980149995274240","737980149995274240","797920307284934697","1","F","S","S","S","A","F","D","",""
"vj8n8tb","66705","1","Rowan Pigeon","Black Lagoon","2","Thu, 25 Jul 2024 09:19:30 GMT","1721899170159","3","","","","No","No","","","1","0","2","924336354811334676","737980149995274240","797920307284934697","1","F","S","S","F","F","F","D","",""
"vj8nmps","66846","1","Brock's Vulpix","Pokémon","2","Thu, 25 Jul 2024 07:55:08 GMT","1721894108362","20","","","","No","No","","","2","0","2","737980149995274240","737980149995274240","797920307284934697","13","F","S","S","S","A","F","D","",""
"vj8vdd7","36898","1","Tea Master Liu Su","Genshin Impact","2","Wed, 24 Jul 2024 18:49:03 GMT","1721846943180","15","","","","No","No","","","1","0","2","737980149995274240","737980149995274240","797920307284934697","8","F","S","S","S","A","F","D","",""
"vjlbphs","66333","1","General","Folktales from Japan 2nd Season","2","Tue, 23 Jul 2024 10:03:05 GMT","1721728985144","1","","","","No","No","","","1","0","2","737980149995274240","737980149995274240","797920307284934697","0","F","S","S","S","B","F","D","",""
"vjf6fgd","66605","1","Sugarboy","Fairy Tail","3","Mon, 22 Jul 2024 19:08:28 GMT","1721675308688","15","","","","No","No","","","1","0","3","","737980149995274240","797920307284934697","8","F","S","S","F","A","F","D","",""
"vjfjkm5","66383","1","Reviewmon","Digimon Universe: Appli Monsters","0","Sun, 21 Jul 2024 17:25:47 GMT","1721582747818","1","","","","No","No","","","0","0","0","737980149995274240","737980149995274240","797920307284934697","0","F","S","S","S","A","F","D","",""
"vjfwc2f","23333","2","Alfred Pennyworth","Batman Ninja","4","Sun, 21 Jul 2024 12:23:30 GMT","1721564610252","111","","","","No","No","","","5","0","4","","737980149995274240","797920307284934697","59","F","S","S","F","B","F","D","",""
"vjfwn5m","66430","1","Zangief","Hi Score Girl","1","Sun, 21 Jul 2024 09:55:46 GMT","1721555746528","4","","","","No","No","","","2","0","1","737980149995274240","737980149995274240","797920307284934697","1","F","S","S","S","C","F","D","",""
"vj9wm93","66667","1","Imoko Shishidou","The Girl Who Leapt Through Space Picture Drama","2","Fri, 19 Jul 2024 12:46:06 GMT","1721393166312","2","","","","No","No","","","1","0","2","737980149995274240","737980149995274240","797920307284934697","1","F","S","S","S","F","F","D","",""
"vj9hnpx","66454","1","Blink","Aoi Blink","0","Fri, 19 Jul 2024 11:16:58 GMT","1721387818227","1","","","","No","No","","","1","0","0","688687114128588823","737980149995274240","797920307284934697","0","F","S","S","F","C","F","D","",""
"vbg6p1h","64251","1","Toby Selwyn","Violet Evergarden","0","Fri, 19 Jul 2024 10:00:20 GMT","1721383220790","1","","","","No","No","","","1","0","0","924336354811334676","924336354811334676","797920307284934697","0","F","S","F","F","A","F","D","",""
"vj92m5l","66419","1","Nessus","Dante's Inferno","2","Fri, 19 Jul 2024 09:59:38 GMT","1721383178187","3","","","","No","No","","","1","0","2","737980149995274240","737980149995274240","797920307284934697","1","F","S","S","S","B","F","D","",""
"vjj29z6","65406","1","Isabella York","Violet Evergarden: Eternity and the Auto Memory Doll","3","Fri, 19 Jul 2024 09:59:31 GMT","1721383171640","22","","","","No","No","","","2","0","3","","924336354811334676","797920307284934697","11","F","S","F","F","B","F","D","",""
"v2vkdww","12760","3","Spencer Marlborough","Violet Evergarden","2","Fri, 19 Jul 2024 09:57:44 GMT","1721383064126","27","","","","No","No","","","1","0","2","924336354811334676","924336354811334676","797920307284934697","14","F","S","F","F","A","F","D","",""
"vj4jlrh","39971","2","General Merkulov","Violet Evergarden","3","Fri, 19 Jul 2024 09:56:47 GMT","1721383007359","44","","","","No","No","","","1","0","3","924336354811334676","924336354811334676","797920307284934697","23","F","S","F","F","S","F","D","",""
"vbc0gqr","23373","3","Emonn Snow","Violet Evergarden","4","Fri, 19 Jul 2024 09:56:18 GMT","1721382978347","98","","","","No","No","","","1","0","4","688687114128588823","924336354811334676","797920307284934697","49","F","S","F","F","B","F","D","",""
"vhjq5k0","9578","4","Benedict Blue","Violet Evergarden","0","Fri, 19 Jul 2024 09:55:50 GMT","1721382950302","13","","","","No","No","","","21","0","0","924336354811334676","924336354811334676","797920307284934697","6","F","S","F","F","B","F","C","",""
"vjqvqw5","37615","2","Retsuko","Aggretsuko (2016)","2","Fri, 19 Jul 2024 09:52:14 GMT","1721382734790","38","","","","No","No","","","45","0","2","","924336354811334676","797920307284934697","21","F","S","F","F","A","F","D","",""
"vbx079g","64977","1","Masashiro's Boyfriend","Aggretsuko (2016)","2","Fri, 19 Jul 2024 09:51:58 GMT","1721382718037","2","","","","No","No","","","2","0","2","924336354811334676","924336354811334676","797920307284934697","1","F","S","F","F","A","F","D","",""
"vjzrlpt","2454","6","Barbara Parker","Little Witch Academia","1","Fri, 19 Jul 2024 09:50:43 GMT","1721382643827","21","","","","No","No","","","2","0","1","1167080205488226380","1167080205488226380","797920307284934697","11","F","S","F","F","A","F","C","",""
"vjp4wvf","12245","2","Tomoyoshi Muromachi","Mononoke","1","Fri, 19 Jul 2024 09:49:55 GMT","1721382595287","6","","","","No","No","","","1","0","1","1157460017872642068","1167080205488226380","648031568756998155","4","F","S","F","F","S","F","D","",""
"v2qmg7f","18269","1","Vahalois","Little Witch Academia TV","1","Fri, 19 Jul 2024 09:49:54 GMT","1721382594709","2","","","","No","No","","","1","0","1","924336354811334676","924336354811334676","797920307284934697","1","F","S","F","F","A","F","D","",""
"vjpzxtz","18463","3","Setsuko Ishikawa","Mononoke","3","Fri, 19 Jul 2024 09:49:12 GMT","1721382552544","38","","","","No","No","","","0","0","3","584403740694413322","1167080205488226380","648031568756998155","21","F","S","F","F","S","F","D","",""
"vjpz5sv","23352","2","Blue Dog","Mononoke","3","Fri, 19 Jul 2024 09:48:44 GMT","1721382524460","37","","","","No","No","","","1","0","3","798650453319352350","1167080205488226380","648031568756998155","19","F","S","F","F","S","F","D","",""
"vjp0bbf","36621","1","Old Servant","Mononoke","2","Fri, 19 Jul 2024 09:44:53 GMT","1721382293036","2","","","","No","No","","","0","0","2","924336354811334676","924336354811334676","797920307284934697","1","F","S","F","F","A","F","D","",""
"vj9qb0h","2463","6","Constanze Amalie von Braunschbank-Albrechtsberger","Little Witch Academia: The Enchanted Parade","1","Fri, 19 Jul 2024 09:44:03 GMT","1721382243344","22","","","","No","No","","","11","0","1","924336354811334676","924336354811334676","797920307284934697","13","F","S","F","F","A","F","C","",""
"vjgxn9j","23323","2","Nue","Mononoke","0","Fri, 19 Jul 2024 09:43:31 GMT","1721382211721","3","","","","No","No","","","1","0","0","924336354811334676","924336354811334676","797920307284934697","1","F","S","F","F","A","F","D","",""
"vj90rsp","55196","1","Red-Eyed Tree Frog","Heaven's Design Team","4","Fri, 19 Jul 2024 08:02:01 GMT","1721376121872","42","","","","No","No","","","1","0","4","737980149995274240","737980149995274240","797920307284934697","25","F","S","S","S","S","F","D","",""
"vjgs4vh","66196","1","Pneumococcus","Cells at Work!","0","Thu, 18 Jul 2024 21:28:03 GMT","1721338083443","2","","","","No","No","","","1","0","0","1167080205488226380","737980149995274240","797920307284934697","1","F","S","S","F","C","F","D","",""
"vjgtwrs","63620","1","Chiko","Fullmetal Alchemist","1","Thu, 18 Jul 2024 16:44:53 GMT","1721321093616","6","","","","No","No","","","1","0","1","737980149995274240","737980149995274240","797920307284934697","4","F","S","S","S","A","F","D","",""
"vjg9v01","66392","1","Koptsev","Usavich","3","Thu, 18 Jul 2024 12:00:13 GMT","1721304013043","9","","","","No","No","","","1","0","3","","688687114128588823","797920307284934697","4","F","S","F","F","F","F","D","",""
"vjg9bnt","66398","1","Pero","The Wonderful World of Puss 'N Boots","4","Thu, 18 Jul 2024 11:58:22 GMT","1721303902062","25","","","","No","No","","","1","0","4","737980149995274240","737980149995274240","797920307284934697","14","F","S","S","S","B","F","D","",""
"vj3q5vg","66749","1","Kenta Musashino","Crayon Shin-chan","1","Mon, 15 Jul 2024 15:55:27 GMT","1721058927440","1","","","","No","No","","","1","0","1","688687114128588823","737980149995274240","797920307284934697","0","F","S","S","F","F","F","D","",""
"vjrczch","7359","2","Guillermin","Doraemon: The Records of Nobita, Spaceblazer","2","Mon, 15 Jul 2024 10:03:46 GMT","1721037826409","12","","","","No","No","","","1","0","2","","737980149995274240","797920307284934697","5","F","S","S","F","F","F","D","",""
"vjr8v6d","66439","1","Risa","Junji Ito Collection","2","Sun, 14 Jul 2024 21:28:00 GMT","1720992480858","2","","","","No","No","","","0","0","2","1246258973821243494","737980149995274240","797920307284934697","1","F","S","S","F","A","F","D","",""
"vjrlb7d","52174","1","Wild","The Seven Deadly Sins: Dragon's Judgement","0","Sun, 14 Jul 2024 20:49:22 GMT","1720990162200","3","","","","No","No","","","1","0","0","","737980149995274240","797920307284934697","1","F","S","S","F","B","F","D","",""
"vjrhv9w","66090","1","Akashi Ship Cat","High School Fleet","4","Sat, 13 Jul 2024 16:30:44 GMT","1720888244043","43","","","","No","No","","","1","0","4","1167080205488226380","737980149995274240","797920307284934697","24","F","S","S","F","B","F","D","",""
"vjrvdlb","65997","1","Nadja Liones","The Seven Deadly Sins: Wrath of the Gods","2","Sat, 13 Jul 2024 11:51:06 GMT","1720871466292","14","","","","No","No","","","1","0","2","737980149995274240","737980149995274240","797920307284934697","8","F","S","S","S","A","F","D","",""
"vjz2gvx","66339","1","Banba","One Piece","4","Sun, 07 Jul 2024 13:59:58 GMT","1720360798189","42","","","","No","No","","","1","0","4","737980149995274240","737980149995274240","797920307284934697","25","F","S","S","S","A","F","D","",""
"vj1820f","65532","1","Monophanie","Danganronpa V3: Killing Harmony","1","Sat, 06 Jul 2024 16:00:29 GMT","1720281629923","13","","","","No","No","","","1","0","1","737980149995274240","737980149995274240","797920307284934697","6","F","S","S","S","A","F","D","",""
"vj1h1fd","66008","1","Baise","Hunter x Hunter","4","Fri, 05 Jul 2024 09:43:48 GMT","1720172628318","67","","","","No","No","","","1","0","4","737980149995274240","737980149995274240","797920307284934697","39","F","S","S","S","A","F","D","",""
"vjnxsb3","65860","1","Emily","Pokémon","2","Thu, 04 Jul 2024 23:13:04 GMT","1720134784449","7","","","","No","No","","","1","0","2","","924336354811334676","797920307284934697","4","F","S","F","F","F","F","D","",""
"vjn94ml","65942","1","Luxray","Pokémon: Diamond & Pearl","1","Thu, 04 Jul 2024 23:12:30 GMT","1720134750175","10","","","","No","No","","","14","0","1","688687114128588823","688687114128588823","797920307284934697","5","F","S","F","F","A","F","D","",""
"v2ff196","55085","1","Mega Gallade","Pokémon XY: Mega Evolution","2","Thu, 04 Jul 2024 23:12:11 GMT","1720134731236","20","","","","No","No","","","3","0","2","688687114128588823","688687114128588823","1164995008403877939","11","F","S","F","F","B","F","D","",""
"vjncv9b","65942","1","Mimikyu","Pokémon Sun & Moon","0","Thu, 04 Jul 2024 23:04:21 GMT","1720134261328","7","","","","No","No","","","68","0","0","","1167080205488226380","797920307284934697","4","F","S","F","F","F","F","D","",""
"vjn6dcb","66454","1","Emi no Oshikatsu","Shisha no Sho","1","Thu, 04 Jul 2024 23:02:44 GMT","1720134164451","1","","","","No","No","","","0","0","1","737980149995274240","737980149995274240","797920307284934697","0","F","S","S","S","B","F","D","",""
"vhn1v7c","8371","4","Slowpoke","Pokémon","3","Thu, 04 Jul 2024 23:01:00 GMT","1720134060462","96","","","","No","No","","","15","0","3","688687114128588823","688687114128588823","797920307284934697","46","F","S","F","F","F","F","C","",""
"vjndzm8","38852","2","Ryoma Hoshi","Danganronpa V3: Killing Harmony","0","Thu, 04 Jul 2024 19:49:04 GMT","1720122544420","8","","","","No","No","","","9","0","0","737980149995274240","737980149995274240","797920307284934697","4","F","S","S","S","A","F","D","",""
"vjn7bwd","23236","3","Mona","Granblue Fantasy","4","Thu, 04 Jul 2024 17:35:21 GMT","1720114521947","116","","","","No","No","","","1","0","4","737980149995274240","737980149995274240","797920307284934697","65","F","S","S","S","A","F","D","",""
"vjnf530","66002","1","Zangan","Final Fantasy VII: Last Order","1","Thu, 04 Jul 2024 09:32:24 GMT","1720085544903","1","","","","No","No","","","1","0","1","737980149995274240","737980149995274240","797920307284934697","0","F","S","S","S","A","F","D","",""
"vjnzh04","24054","2","Claudia Hodgins","Violet Evergarden","1","Wed, 03 Jul 2024 21:53:56 GMT","1720043636689","18","","","","No","No","","","7","0","1","737980149995274240","737980149995274240","797920307284934697","13","F","S","S","S","S","F","D","",""
"vjjxsrt","1870","6","Mayoi Ayase","Ensemble Stars!!","0","Tue, 02 Jul 2024 21:25:11 GMT","1719955511562","15","","","","No","No","","","68","0","0","","737980149995274240","797920307284934697","9","F","S","S","F","A","F","C","",""
"vjjt3dr","65742","1","Shion","Walkure Romanze","2","Tue, 02 Jul 2024 16:22:51 GMT","1719937371823","3","","","","No","No","","","1","0","2","737980149995274240","737980149995274240","797920307284934697","1","F","S","S","S","C","F","D","",""
"vjbzqcm","65864","1","Pelly","Animal Crossing","2","Sat, 29 Jun 2024 21:26:30 GMT","1719696390208","10","","","","No","No","","","1","0","2","737980149995274240","737980149995274240","797920307284934697","5","F","S","S","S","D","F","D","",""
"vj571v6","1994","6","Piisuke","Doraemon: Nobita's Dinosaur (2006)","0","Fri, 28 Jun 2024 14:26:08 GMT","1719584768135","7","","","","No","No","","","2","0","0","","737980149995274240","797920307284934697","4","F","S","S","F","B","F","C","",""
"vj54f66","66218","1","Flail","Fire Force","0","Thu, 27 Jun 2024 21:42:48 GMT","1719524568756","1","","","","No","No","","","1","0","0","924336354811334676","737980149995274240","797920307284934697","0","F","S","S","F","F","F","D","",""
"vj5zq4c","24852","1","Sebastian","Resident Evil Village","3","Thu, 27 Jun 2024 19:53:52 GMT","1719518032674","15","","","","No","No","","","1","0","3","1167080205488226380","737980149995274240","797920307284934697","6","F","S","S","F","D","F","D","",""
"vj5231c","65868","1","Perkins","Cat Shit One","2","Thu, 27 Jun 2024 08:29:33 GMT","1719476973091","10","","","","No","No","","","9","0","2","924336354811334676","924336354811334676","797920307284934697","5","F","S","F","F","C","F","D","",""
"vj5226m","63429","1","Marcel Tabeoka","Shadowverse","1","Thu, 27 Jun 2024 08:28:16 GMT","1719476896382","1","","","","No","No","","","0","0","1","737980149995274240","737980149995274240","797920307284934697","0","F","S","S","S","B","F","D","",""
"vjksp43","63763","1","Mayor","Extra Olympia Kyklos","1","Wed, 26 Jun 2024 18:04:37 GMT","1719425077444","1","","","","No","No","","","1","0","1","688687114128588823","737980149995274240","797920307284934697","0","F","S","S","F","D","F","D","",""
"vjk8b7j","65956","1","Hope","Pokémon","2","Wed, 26 Jun 2024 09:06:26 GMT","1719392786001","5","","","","No","No","","","1","0","2","737980149995274240","737980149995274240","797920307284934697","1","F","S","S","S","A","F","D","",""
"vjk9c3n","4699","3","Skull","Persona 5 the Animation","1","Wed, 26 Jun 2024 08:19:48 GMT","1719389988668","24","","","","No","No","","","13","0","1","737980149995274240","737980149995274240","797920307284934697","14","F","S","S","S","C","F","C","",""
"vjk9bc1","29546","1","Ruby","Jewelpet Sunshine","2","Wed, 26 Jun 2024 05:29:53 GMT","1719379793040","10","","","","No","No","","","5","0","2","737980149995274240","737980149995274240","797920307284934697","6","F","S","S","S","A","F","D","",""
"vjk9xnp","36065","1","Kanehira Imai","Heike Monogatari","2","Wed, 26 Jun 2024 04:57:27 GMT","1719377847877","1","","","","No","No","","","1","0","2","737980149995274240","737980149995274240","797920307284934697","0","F","S","S","S","F","F","D","",""
"vjkzhkt","35320","2","Sea Horse","Heaven's Design Team","3","Tue, 25 Jun 2024 18:06:59 GMT","1719338819429","31","","","","No","No","","","1","0","3","","924336354811334676","797920307284934697","14","F","S","F","F","F","F","D","",""
"vjknbc8","8613","1","Tora","Sonny Boy","2","Tue, 25 Jun 2024 18:05:03 GMT","1719338703849","8","","","","No","No","","","1","0","2","737980149995274240","737980149995274240","797920307284934697","4","F","S","S","S","S","F","D","",""
"vjkn1bg","5569","2","Cain","Fire Emblem: Shadow Dragon and the Blade of Light","0","Tue, 25 Jun 2024 15:50:49 GMT","1719330649254","5","","","","No","No","","","1","0","0","737980149995274240","737980149995274240","797920307284934697","1","F","S","S","S","D","F","D","",""
"vjkk6qd","65816","1","Olivia's Mother","Layton's Mystery Journey: Katrielle and the Millionaires' Conspiracy","1","Tue, 25 Jun 2024 11:43:45 GMT","1719315825421","1","","","","No","No","","","0","0","1","737980149995274240","737980149995274240","797920307284934697","0","F","S","S","S","A","F","D","",""
"vbtf12f","64888","1","Haruhiko Kitawaki","Junji Ito Collection","2","Tue, 25 Jun 2024 09:50:39 GMT","1719309039367","2","","","","No","No","","","0","0","2","688687114128588823","1142935430342385724","797920307284934697","1","F","S","F","F","F","F","D","",""
"vjk5ngp","18073","3","Masao Kobayashi","Mononoke","2","Tue, 25 Jun 2024 09:43:15 GMT","1719308595550","13","","","","No","No","","","2","0","2","737980149995274240","737980149995274240","797920307284934697","6","F","S","S","S","A","F","D","",""
"vjwcz6m","63204","1","Peter Pan","Star Smash","2","Mon, 24 Jun 2024 21:54:03 GMT","1719266043967","14","","","","No","No","","","1","0","2","","737980149995274240","797920307284934697","8","F","S","S","F","A","F","D","",""
"vjkm24p","65847","1","Smoochy","The Kind Devil","2","Mon, 24 Jun 2024 20:49:52 GMT","1719262192188","3","","","","No","No","","","1","0","2","737980149995274240","737980149995274240","797920307284934697","1","F","S","S","S","A","F","D","",""
"vjw67c9","65525","1","Ellie Funt","Suzy's Zoo Daisuki! Witzy","1","Mon, 24 Jun 2024 18:16:42 GMT","1719253002537","2","","","","No","No","","","1","0","1","737980149995274240","737980149995274240","797920307284934697","1","F","S","S","S","A","F","D","",""
"vjw6vm9","1989","6","Lucy","Elfen Lied","2","Mon, 24 Jun 2024 18:06:26 GMT","1719252386981","75","","","","No","No","","","155","0","2","","737980149995274240","797920307284934697","44","F","S","S","F","B","F","C","",""
"vjw7t44","39933","1","Driver","Baku Ane: Otouto Shibocchau zo!","3","Mon, 24 Jun 2024 14:12:33 GMT","1719238353305","4","","","","No","No","","","1","0","3","737980149995274240","737980149995274240","797920307284934697","1","F","S","S","S","B","F","D","",""
"vjw7jpv","62487","1","Etopen","Saki","2","Mon, 24 Jun 2024 13:18:35 GMT","1719235115353","9","","","","No","No","","","1","0","2","737980149995274240","737980149995274240","797920307284934697","4","F","S","S","S","B","F","D","",""
"vj26nwx","41853","1","Kazuma Satsuki","Mononoke","1","Mon, 24 Jun 2024 12:18:43 GMT","1719231523721","1","","","","No","No","","","0","0","1","1142935430342385724","1142935430342385724","797920307284934697","0","F","S","F","F","B","F","D","",""
"vj0nk64","63326","1","Mr. Pigeon","Ladybug PV","2","Mon, 24 Jun 2024 12:17:37 GMT","1719231457113","5","","","","No","No","","","3","0","2","1142935430342385724","688687114128588823","797920307284934697","1","F","S","F","F","F","F","D","",""
"vjwrw1s","63564","1","Mr. Pigeon","Ladybug PV","3","Mon, 24 Jun 2024 12:17:02 GMT","1719231422387","11","","","","No","No","","","3","0","3","1142935430342385724","1142935430342385724","797920307284934697","5","F","S","F","F","A","F","D","",""
"vbdftjm","22576","2","Nue","Mononoke","1","Mon, 24 Jun 2024 12:15:49 GMT","1719231349027","7","","","","No","No","","","1","0","1","","688687114128588823","797920307284934697","4","F","S","F","F","B","F","D","",""
"vjw71r7","7911","1","Sword of Exorcism","Mononoke","3","Mon, 24 Jun 2024 12:13:05 GMT","1719231185167","12","","","","No","No","","","2","0","3","","737980149995274240","797920307284934697","5","F","S","S","F","B","F","D","",""
"vjwlgbp","65565","1","Hiyoko-chan","Chicken Ramen CM","1","Mon, 24 Jun 2024 10:15:26 GMT","1719224126232","4","","","","No","No","","","1","0","1","737980149995274240","737980149995274240","797920307284934697","1","F","S","S","S","A","F","D","",""
"vjwpchd","65489","1","Minota","Oniku Daisuki! Zeushi-kun","1","Sun, 23 Jun 2024 22:38:47 GMT","1719182327492","1","","","","No","No","","","1","0","1","","737980149995274240","797920307284934697","0","F","S","S","F","F","F","D","",""
"vjwp1nk","4807","5","Fushi","To Your Eternity","4","Sun, 23 Jun 2024 22:23:28 GMT","1719181408435","306","","","","No","No","","","318","0","4","","737980149995274240","797920307284934697","151","F","S","S","F","F","F","D","",""
"vjw41bx","32440","2","Saya","Namco × Capcom","3","Sun, 23 Jun 2024 22:09:09 GMT","1719180549838","54","","","","No","No","","","1","0","3","","737980149995274240","797920307284934697","28","F","S","S","F","D","F","D","",""
"vjwzp97","65850","1","Nice Rope","Samurai Flamenco","2","Sun, 23 Jun 2024 20:48:03 GMT","1719175683256","2","","","","No","No","","","1","0","2","","737980149995274240","797920307284934697","1","F","S","S","F","B","F","D","",""
"vjw52lz","65443","1","Nene","Blue Dragon","2","Sun, 23 Jun 2024 13:23:38 GMT","1719149018845","2","","","","No","No","","","1","1","2","924336354811334676","924336354811334676","797920307284934697","1","F","S","F","F","A","D","D","",""
"vjwkjlr","14206","3","Bulma","Dragon Ball","2","Sun, 23 Jun 2024 11:09:16 GMT","1719140956669","65","","","","No","No","","","64","0","2","737980149995274240","737980149995274240","797920307284934697","38","F","S","S","S","A","F","D","",""
"vjww840","65393","1","Jenny","Pokémon: Lucario and the Mystery of Mew","3","Sun, 23 Jun 2024 09:26:18 GMT","1719134778316","7","","","","No","No","","","1","0","3","688687114128588823","737980149995274240","797920307284934697","4","F","S","S","F","F","F","D","",""
"vj2p24d","65439","1","Masashiro's Boyfriend","Aggretsuko (2016)","2","Fri, 21 Jun 2024 22:08:42 GMT","1719007722360","2","","","","No","No","","","2","0","2","924336354811334676","737980149995274240","797920307284934697","1","F","S","S","F","F","F","D","",""
"vj2nqwx","1953","5","Tama","Do It Yourself!!","2","Fri, 21 Jun 2024 16:26:43 GMT","1718987203170","34","","","","No","No","","","3","0","2","737980149995274240","737980149995274240","797920307284934697","23","F","S","S","S","A","F","C","",""
"vj2jp4d","34893","2","Gyokuken Kon","Jujutsu Kaisen","1","Fri, 21 Jun 2024 15:49:11 GMT","1718984951648","25","","","","No","No","","","3","0","1","","737980149995274240","797920307284934697","11","F","S","S","F","F","F","D","",""
"vj25qx3","8612","4","Flock Harbor","Doraemon: Nobita's Treasure Island","3","Fri, 21 Jun 2024 11:21:42 GMT","1718968902723","34","","","","No","No","","","1","0","3","737980149995274240","737980149995274240","797920307284934697","20","F","S","S","S","A","F","D","",""
"vj2vg6v","65565","1","Majhal","Fullmetal Alchemist","3","Thu, 20 Jun 2024 21:44:06 GMT","1718919846691","8","","","","No","No","","","0","0","3","","737980149995274240","797920307284934697","4","F","S","S","F","D","F","D","",""
"vjhcn8n","65877","1","My Son","Gregory Horror Show","3","Thu, 20 Jun 2024 20:42:39 GMT","1718916159061","7","","","","No","No","","","1","0","3","737980149995274240","737980149995274240","797920307284934697","4","F","S","S","S","B","F","D","",""
"vjh8wk5","65786","1","Katrielle Layton","Layton's Mystery Journey: Katrielle and the Millionaires' Conspiracy","2","Thu, 20 Jun 2024 09:57:34 GMT","1718877454114","4","","","","No","No","","","2","0","2","1142935430342385724","1142935430342385724","797920307284934697","1","F","S","F","F","B","F","D","",""
"vjhp144","65989","1","Yamada-san","To Be Hero","3","Wed, 19 Jun 2024 20:37:27 GMT","1718829447644","4","","","","No","No","","","1","0","3","737980149995274240","737980149995274240","797920307284934697","1","F","S","S","S","A","F","D","",""
"vjh5xxg","18729","1","Mepopohon","Made in Abyss: The Golden City of the Scorching Sun","2","Wed, 19 Jun 2024 11:24:01 GMT","1718796241980","9","","","","No","No","","","1","0","2","737980149995274240","737980149995274240","797920307284934697","4","F","S","S","S","F","F","C","",""
"vjh54wm","65503","1","Infected Woman","Chainsaw Maid","2","Wed, 19 Jun 2024 10:48:27 GMT","1718794107516","4","","","","No","No","","","1","0","2","737980149995274240","737980149995274240","797920307284934697","1","F","S","S","S","A","F","D","",""
"vjhb1lr","60004","1","Nambia","Attack on Titan: The Final Season","0","Wed, 19 Jun 2024 10:15:22 GMT","1718792122445","2","","","","No","No","","","2","0","0","737980149995274240","737980149995274240","797920307284934697","1","F","S","S","S","B","F","D","",""
"vjhk76r","65181","1","Mater","Disney Tsum Tsum","2","Wed, 19 Jun 2024 09:20:10 GMT","1718788810332","18","","","","No","No","","","9","0","2","688687114128588823","688687114128588823","797920307284934697","10","F","S","F","F","A","F","D","",""
"vjq6f2x","3195","4","Lagoona Blue","Monster High: Kowai-ke Girls","4","Tue, 18 Jun 2024 17:28:37 GMT","1718731717849","166","","","","No","No","","","14","0","4","737980149995274240","737980149995274240","797920307284934697","99","F","S","S","S","A","F","C","",""
"vjqrqqk","65662","1","YoYo","Rescue YoYo","1","Mon, 17 Jun 2024 21:42:37 GMT","1718660557564","1","","","","No","No","","","1","0","1","","688687114128588823","797920307284934697","0","F","S","F","F","F","F","D","",""
"vjq3f5n","65282","1","Ryota","Magical Girl Lalabel: the Sea Calls for a Summer Vacation","1","Mon, 17 Jun 2024 21:37:07 GMT","1718660227579","1","","","","No","No","","","0","0","1","737980149995274240","737980149995274240","797920307284934697","0","F","S","S","S","A","F","D","",""
"vjqppsn","65276","1","Chip","Sonic: Night of the WereHog","2","Mon, 17 Jun 2024 18:55:20 GMT","1718650520402","10","","","","No","No","","","4","0","2","737980149995274240","737980149995274240","797920307284934697","6","F","S","S","S","A","F","D","",""
"vjq5tnj","65782","1","Manjimutt","Yo-kai Watch","2","Mon, 17 Jun 2024 10:40:07 GMT","1718620807053","3","","","","No","No","","","1","0","2","737980149995274240","737980149995274240","797920307284934697","1","F","S","S","S","A","F","D","",""
"vjqjhx6","65701","1","Student Council President","Kemono to Chat","2","Mon, 17 Jun 2024 09:39:35 GMT","1718617175939","1","","","","No","No","","","0","0","2","737980149995274240","737980149995274240","797920307284934697","0","F","S","S","S","B","F","D","",""
"vj0drj6","65187","1","Hounen Shounin","Shinran-sama: Negai, Soshite Hikari","2","Sun, 16 Jun 2024 12:36:18 GMT","1718541378270","1","","","","No","No","","","0","0","2","737980149995274240","737980149995274240","797920307284934697","0","F","S","S","S","F","F","D","",""
"vj0d53k","65820","1","Nyami","MonHun Nikki Girigiri Airu Mura G","3","Sun, 16 Jun 2024 11:08:09 GMT","1718536089776","8","","","","No","No","","","1","0","3","737980149995274240","737980149995274240","797920307284934697","4","F","S","S","S","B","F","D","",""
"vj07rw8","65046","1","Nana","Magical Girl Site","1","Sun, 16 Jun 2024 10:02:02 GMT","1718532122507","2","","","","No","No","","","1","0","1","737980149995274240","737980149995274240","797920307284934697","1","F","S","S","S","B","F","D","",""
"vb6d5w2","65725","1","Fuchi","Junji Ito Collection","2","Sat, 15 Jun 2024 20:25:03 GMT","1718483103289","5","","","","No","No","","","6","0","2","924336354811334676","924336354811334676","797920307284934697","1","F","S","F","F","S","F","D","",""
"vj059tk","57484","1","Gradius' Option","Yu-Gi-Oh! Duel Monsters","0","Sat, 15 Jun 2024 08:42:04 GMT","1718440924601","1","","","","No","No","","","1","0","0","737980149995274240","737980149995274240","797920307284934697","0","F","S","S","S","B","F","D","",""
"vj0md6h","59137","1","Lyse Hext","Final Fantasy XIV","1","Fri, 14 Jun 2024 19:31:15 GMT","1718393475438","6","","","","No","No","","","4","0","1","737980149995274240","737980149995274240","797920307284934697","4","F","S","S","S","A","F","D","",""
"vjv6r70","65574","1","Quent Emissary","Armored Trooper Votoms","1","Fri, 14 Jun 2024 17:20:39 GMT","1718385639359","1","","","","No","No","","","0","0","1","924336354811334676","737980149995274240","797920307284934697","0","F","S","S","F","F","F","D","",""
"vjvdsdv","5809","1","Daisy","NieR: Automata","1","Fri, 14 Jun 2024 14:01:40 GMT","1718373700115","6","","","","No","No","","","1","0","1","737980149995274240","737980149995274240","797920307284934697","4","F","S","S","S","A","F","C","",""
"vjvd458","28796","1","Stray Dog","Darker than Black: Kuro no Keiyakusha Gaiden","1","Fri, 14 Jun 2024 12:12:03 GMT","1718367123550","2","","","","No","No","","","0","0","1","737980149995274240","737980149995274240","797920307284934697","1","F","S","S","S","A","F","D","",""
"vjvl9gn","65497","1","Miltank","Pokémon","0","Fri, 14 Jun 2024 04:42:30 GMT","1718340150457","3","","","","No","No","","","1","0","0","737980149995274240","737980149995274240","797920307284934697","1","F","S","S","S","A","F","D","",""
"vjvjdws","65615","1","Shingo Takasugi","Captain Tsubasa","1","Thu, 13 Jun 2024 12:59:26 GMT","1718283566328","1","","","","No","No","","","1","0","1","1142935430342385724","737980149995274240","797920307284934697","0","F","S","S","F","F","F","D","",""
"vjvmxc2","65936","1","Sommy","Hunter x Hunter","0","Wed, 12 Jun 2024 20:26:14 GMT","1718223974159","1","","","","No","No","","","1","0","0","737980149995274240","737980149995274240","797920307284934697","0","F","S","S","S","D","F","D","",""
"vjmsplq","61740","1","Vinny","Promare","1","Wed, 12 Jun 2024 12:44:53 GMT","1718196293615","2","","","","No","No","","","3","0","1","737980149995274240","737980149995274240","797920307284934697","1","F","S","S","S","A","F","D","",""
"vjmrfl2","7060","2","Osamu","Ore, Tsushima","1","Tue, 11 Jun 2024 20:20:53 GMT","1718137253541","14","","","","No","No","","","2","0","1","737980149995274240","737980149995274240","797920307284934697","8","F","S","S","S","B","F","C","",""
"vjmp2rk","65451","1","Shiinotic","Pokémon Sun & Moon","2","Tue, 11 Jun 2024 19:07:55 GMT","1718132875890","12","","","","No","No","","","2","0","2","","737980149995274240","797920307284934697","5","F","S","S","F","B","F","D","",""
"vjmz2xd","64718","1","Noberun","Kero Kero Keroppi no Bouken: Pink no Kinoko","1","Tue, 11 Jun 2024 16:11:44 GMT","1718122304258","3","","","","No","No","","","1","0","1","1142935430342385724","737980149995274240","797920307284934697","1","F","S","S","F","A","F","D","",""
"vbccxs3","65258","1","Sapphire","Astro Boy (1980)","2","Mon, 10 Jun 2024 16:38:32 GMT","1718037512198","3","","","","No","No","","","2","0","2","737980149995274240","737980149995274240","797920307284934697","1","F","S","S","S","A","F","D","",""
"vbcd3mv","65261","1","Boar","Bonobono (2016)","1","Mon, 10 Jun 2024 11:49:31 GMT","1718020171917","1","","","","No","No","","","1","0","1","737980149995274240","737980149995274240","797920307284934697","0","F","S","S","S","A","F","D","",""
"vbc4l5z","21279","2","Michiko Minamoto","Doraemon (1979)","2","Sun, 09 Jun 2024 17:51:42 GMT","1717955502315","11","","","","No","No","","","1","0","2","688687114128588823","688687114128588823","797920307284934697","5","F","S","F","F","F","F","D","",""
"vbc4wf9","65554","1","Quincy T. Quackenpoker","Pokémon","2","Sun, 09 Jun 2024 17:36:55 GMT","1717954615916","4","","","","No","No","","","1","0","2","","737980149995274240","797920307284934697","1","F","S","S","F","C","F","D","",""
"vbshlc8","11469","2","Hajime Saitou","Rurouni Kenshin","4","Sun, 09 Jun 2024 17:02:53 GMT","1717952573946","75","","","","No","No","","","13","0","4","1142935430342385724","1142935430342385724","797920307284934697","38","F","S","F","F","A","F","D","",""
"vb5rv1l","4919","5","Deoxys","Pokémon Movie 7: Destiny Deoxys","4","Sun, 09 Jun 2024 17:00:43 GMT","1717952443510","180","","","","No","No","","","11","0","4","1142935430342385724","1142935430342385724","797920307284934697","98","F","S","F","F","A","F","C","",""
"vbz8q6k","5301","5","JunJun","Sailor Moon Super S","1","Sun, 09 Jun 2024 16:59:47 GMT","1717952387191","17","","","","No","No","","","1","0","1","","1142935430342385724","797920307284934697","8","F","S","F","F","D","F","C","",""
"vbrq0c7","1582","6","Batman","Batman Ninja","2","Sun, 09 Jun 2024 16:59:07 GMT","1717952347434","75","","","","No","No","","","120","0","2","","1142935430342385724","797920307284934697","39","F","S","F","F","F","F","B","",""
"vbdvg68","64895","1","Jean Descole","Professor Layton and the Eternal Diva","3","Sun, 09 Jun 2024 16:57:21 GMT","1717952241254","5","","","","No","No","","","6","0","3","1142935430342385724","1142935430342385724","797920307284934697","1","F","S","F","F","B","F","D","",""
"vbdqh7d","64854","1","Bianca","Animal Crossing","1","Sun, 09 Jun 2024 16:56:46 GMT","1717952206918","7","","","","No","No","","","5","0","1","1142935430342385724","1142935430342385724","797920307284934697","4","F","S","F","F","A","F","D","",""
"vb6d6wb","63353","1","Hiroko Hagakure","Danganronpa Another Episode: Ultra Despair Girls","1","Sat, 08 Jun 2024 11:03:02 GMT","1717844582839","11","","","","No","No","","","1","0","1","","688687114128588823","797920307284934697","6","F","S","F","F","A","F","D","",""
"vb6djds","65520","1","Keita's Mother","Yo-kai Watch","2","Sat, 08 Jun 2024 11:01:00 GMT","1717844460435","3","","","","No","No","","","1","0","2","688687114128588823","688687114128588823","797920307284934697","1","F","S","F","F","A","F","D","",""
"vb6d8mj","65408","1","Kazuma's Sister","Mononoke","2","Sat, 08 Jun 2024 10:56:29 GMT","1717844189297","3","","","","No","No","","","1","0","2","1142935430342385724","737980149995274240","797920307284934697","1","F","S","S","F","B","F","D","",""
"vb6gvb9","65537","1","Dino Brachio","Dinozaurs: The Series","0","Fri, 07 Jun 2024 21:17:56 GMT","1717795076606","1","","","","No","No","","","1","0","0","","737980149995274240","797920307284934697","0","F","S","S","F","D","F","D","",""
"vb63p9j","33376","1","Long Hua","Yakuza 0","4","Fri, 07 Jun 2024 19:58:30 GMT","1717790310656","15","","","","No","No","","","0","0","4","688687114128588823","737980149995274240","797920307284934697","6","F","S","S","F","D","F","D","",""
"vb6p95w","62099","1","Manny","Titipo Titipo","2","Fri, 07 Jun 2024 17:50:01 GMT","1717782601414","5","","","","No","No","","","2","0","2","924336354811334676","737980149995274240","797920307284934697","1","F","S","S","F","F","F","D","",""
"vb6v7mk","65368","1","Chuta Uzaki","Nanami-chan","1","Thu, 06 Jun 2024 17:02:36 GMT","1717693356148","1","","","","No","No","","","0","0","1","737980149995274240","737980149995274240","797920307284934697","0","F","S","S","S","A","F","D","",""
"vbxrnzn","48381","1","General Brushoff","Marvel Future Avengers","2","Wed, 05 Jun 2024 16:27:40 GMT","1717604860812","2","","","","No","No","","","1","0","2","737980149995274240","737980149995274240","797920307284934697","1","F","S","S","S","A","F","D","",""
"vbxmwr6","14939","3","Electrode","Pokémon","2","Tue, 04 Jun 2024 16:02:14 GMT","1717516934311","34","","","","No","No","","","1","0","2","737980149995274240","737980149995274240","797920307284934697","20","F","S","S","S","B","F","D","",""
"vbs32v0","55353","1","Cassim's Minion A","Doraemon: Nobita in Dorabian Nights","0","Mon, 03 Jun 2024 18:40:11 GMT","1717440011575","1","","","","No","No","","","1","0","0","737980149995274240","737980149995274240","797920307284934697","0","F","S","S","S","A","F","D","",""
"vbs0lvh","64771","1","Roulette Boy","Gregory Horror Show","2","Sun, 02 Jun 2024 17:50:46 GMT","1717350646038","3","","","","No","No","","","1","0","2","737980149995274240","737980149995274240","797920307284934697","1","F","S","S","S","C","F","D","",""
"vbdp6c7","65244","1","Lulla","Suzy's Zoo Daisuki! Witzy","1","Sat, 01 Jun 2024 15:56:08 GMT","1717257368881","1","","","","No","No","","","1","0","1","688687114128588823","737980149995274240","797920307284934697","0","F","S","S","F","F","F","D","",""
"vbdzqfl","65226","1","Tall Ghost","Sonic: Night of the WereHog","2","Sat, 01 Jun 2024 11:12:34 GMT","1717240354148","5","","","","No","No","","","2","0","2","737980149995274240","737980149995274240","797920307284934697","1","F","S","S","S","A","F","D","",""
"vbdnrwx","40343","1","Ambessa Medarda","Arcane","0","Sat, 01 Jun 2024 09:33:41 GMT","1717234421770","5","","","","No","No","","","17","0","0","737980149995274240","737980149995274240","797920307284934697","1","F","S","S","S","A","F","D","",""
"vbdw0nc","64843","1","Husband","Naga Hamaraja","2","Fri, 31 May 2024 21:51:25 GMT","1717192285547","2","","","","No","No","","","1","0","2","737980149995274240","737980149995274240","797920307284934697","1","F","S","S","S","A","F","D","",""
"vbdh8f8","65282","1","Maguro","My Bride Is a Mermaid","2","Fri, 31 May 2024 18:46:36 GMT","1717181196958","2","","","","No","No","","","1","0","2","737980149995274240","737980149995274240","797920307284934697","1","F","S","S","S","A","F","D","",""
"vb7ghnb","9828","4","Makoto Yuuki","Persona 3 the Movie 2: Midsummer Knight's Dream","2","Thu, 30 May 2024 18:00:52 GMT","1717092052591","66","","","","No","No","","","278","0","2","737980149995274240","737980149995274240","797920307284934697","39","F","S","S","S","A","F","D","",""
"vb7jsr1","64953","1","Samurai","Namakura Gatana","2","Thu, 30 May 2024 05:03:48 GMT","1717045428256","1","","","","No","No","","","1","0","2","737980149995274240","737980149995274240","797920307284934697","0","F","S","S","S","A","F","D","",""
"vb7bd6f","64923","1","Reaper Sam","Spookiz Halloween Special","1","Thu, 30 May 2024 04:14:50 GMT","1717042490657","3","","","","No","No","","","1","0","1","737980149995274240","737980149995274240","797920307284934697","1","F","S","S","S","A","F","D","",""
"vb7qf8c","65079","1","King of Ingary","Howl's Moving Castle","2","Wed, 29 May 2024 17:28:21 GMT","1717003701225","8","","","","No","No","","","2","0","2","1142935430342385724","737980149995274240","797920307284934697","4","F","S","S","F","F","F","D","",""
"vb70qq0","64984","1","Jack","Gon","2","Wed, 29 May 2024 17:15:07 GMT","1717002907500","4","","","","No","No","","","1","0","2","737980149995274240","737980149995274240","797920307284934697","1","F","S","S","S","A","F","D","",""
"vb703s8","54467","1","Dwarf Woodcutter G","Hello Kitty's Animation Theater","1","Wed, 29 May 2024 15:30:40 GMT","1716996640418","1","","","","No","No","","","1","0","1","737980149995274240","737980149995274240","797920307284934697","0","F","S","S","S","B","F","D","",""
"vb7vtvn","65270","1","Medicham","Pokémon Advanced","2","Wed, 29 May 2024 14:42:18 GMT","1716993738021","11","","","","No","No","","","1","0","2","737980149995274240","737980149995274240","797920307284934697","5","F","S","S","S","A","F","D","",""
"vbt08g4","65351","1","Robby","Pingu in the City","4","Mon, 27 May 2024 19:26:44 GMT","1716838004480","41","","","","No","No","","","4","0","4","737980149995274240","737980149995274240","797920307284934697","24","F","S","S","S","A","F","D","",""
"vb8c4l3","59509","1","Goh's Misdreavus","Pokémon Journeys: The Series","0","Mon, 27 May 2024 14:00:53 GMT","1716818453814","3","","","","No","No","","","1","0","0","737980149995274240","737980149995274240","797920307284934697","1","F","S","S","S","A","F","D","",""
"vb84zrj","65129","1","Bera","Devilman","1","Sun, 26 May 2024 13:43:20 GMT","1716731000814","1","","","","No","No","","","1","0","1","737980149995274240","737980149995274240","797920307284934697","0","F","S","S","S","A","F","D","",""
"vb81fvp","64830","1","Human-Faced Boxer","Passionate Detective Agency","0","Sun, 26 May 2024 09:01:08 GMT","1716714068302","1","","","","No","No","","","1","0","0","688687114128588823","737980149995274240","797920307284934697","0","F","S","S","F","C","F","D","",""
"vb8q56l","64879","1","Jin","Pet","0","Sat, 25 May 2024 19:15:29 GMT","1716664529974","1","","","","No","No","","","0","0","0","924336354811334676","737980149995274240","797920307284934697","0","F","S","S","F","F","F","D","",""
"vb8vjjw","65249","1","Johnny","Dragon Ball","2","Sat, 25 May 2024 16:44:07 GMT","1716655447201","4","","","","No","No","","","1","0","2","1142935430342385724","737980149995274240","797920307284934697","1","F","S","S","F","F","F","D","",""
"vb8mshg","5345","1","Gimon","Over the Sky","1","Sat, 25 May 2024 16:20:35 GMT","1716654035251","3","","","","No","No","","","0","0","1","737980149995274240","737980149995274240","797920307284934697","1","F","S","S","S","C","F","D","",""
"vb8m59z","64984","1","Haruki Enomiya","Psycho-Pass 3","2","Sat, 25 May 2024 14:09:54 GMT","1716646194077","2","","","","No","No","","","0","0","2","737980149995274240","737980149995274240","797920307284934697","1","F","S","S","S","C","F","D","",""
"vbl60nb","65132","1","Giachibi","Dorami-chan: MiniDora SOS!!!","3","Sat, 25 May 2024 09:39:43 GMT","1716629983412","2","","","","No","No","","","0","0","3","737980149995274240","737980149995274240","797920307284934697","1","F","S","S","S","A","F","D","",""
"vbls8wn","64615","1","Old Man","GJ8 Man","0","Sat, 25 May 2024 09:06:23 GMT","1716627983385","1","","","","No","No","","","0","0","0","737980149995274240","737980149995274240","797920307284934697","0","F","S","S","S","B","F","D","",""
"vbl8wjc","14040","1","Kobold","Campfire Cooking in Another World with My Absurd Skill","3","Fri, 24 May 2024 23:18:54 GMT","1716592734550","10","","","","No","No","","","1","0","3","924336354811334676","737980149995274240","797920307284934697","6","F","S","S","F","C","F","C","",""
"vbllh4c","12002","4","Shiromo","Pui Pui Molcar","1","Fri, 24 May 2024 22:28:15 GMT","1716589695561","11","","","","No","No","","","2","0","1","737980149995274240","737980149995274240","797920307284934697","5","F","S","S","S","B","F","D","",""
"vbl4hqk","64966","1","Yosetsu Mask","Skull-face Bookseller Honda-san","2","Fri, 24 May 2024 10:54:59 GMT","1716548099915","2","","","","No","No","","","1","0","2","737980149995274240","737980149995274240","797920307284934697","1","F","S","S","S","B","F","D","",""
"vbl0tvl","65249","1","Marie","Junji Ito Collection","2","Thu, 23 May 2024 17:48:39 GMT","1716486519668","4","","","","No","No","","","1","0","2","","737980149995274240","797920307284934697","1","F","S","S","F","B","F","D","",""
"vblv70r","64538","1","Kree","Deltora Quest","4","Thu, 23 May 2024 15:11:48 GMT","1716477108237","12","","","","No","No","","","1","0","4","737980149995274240","737980149995274240","797920307284934697","6","F","S","S","S","A","F","D","",""
"vbl0wlq","65390","1","Tristan","One Piece","2","Thu, 23 May 2024 14:32:02 GMT","1716474722454","14","","","","No","No","","","1","0","2","","737980149995274240","797920307284934697","6","F","S","S","F","B","F","D","",""
"vblmrfj","34415","1","Barkley","Selection Project","2","Thu, 23 May 2024 13:22:26 GMT","1716470546510","8","","","","No","No","","","1","0","2","737980149995274240","737980149995274240","797920307284934697","4","F","S","S","S","B","F","D","",""
"vbfcgqd","65063","1","Frog","Rilakkuma and Kaoru","3","Thu, 23 May 2024 10:55:37 GMT","1716461737682","13","","","","No","No","","","1","0","3","1142935430342385724","1142935430342385724","797920307284934697","5","F","S","F","F","A","F","D","",""
"vbfssql","62408","1","Fondue","RDR: JANE POP – Drive to 1980 Love","2","Thu, 23 May 2024 07:14:49 GMT","1716448489331","5","","","","No","No","","","1","0","2","737980149995274240","737980149995274240","797920307284934697","1","F","S","S","S","F","F","D","",""
"vbf3zvl","65022","1","Haruka Shinozaki","My Girlfriend is Shobitch","4","Wed, 22 May 2024 17:13:58 GMT","1716398038719","24","","","","No","No","","","1","0","4","688687114128588823","737980149995274240","797920307284934697","11","F","S","S","F","F","F","D","",""
"vbfzb62","21678","3","Mr. Holbrooke","Little Witch Academia TV","2","Wed, 22 May 2024 10:04:44 GMT","1716372284175","20","","","","No","No","","","1","0","2","737980149995274240","737980149995274240","797920307284934697","13","F","S","S","S","B","F","D","",""
"vbf1cr8","65190","1","Lickilicky","Pokémon: Diamond & Pearl","0","Wed, 22 May 2024 08:01:44 GMT","1716364904099","3","","","","No","No","","","1","1","0","737980149995274240","737980149995274240","797920307284934697","1","F","S","S","S","A","D","D","",""
"vbfqn15","12988","4","Benedict Blue","Violet Evergarden","2","Tue, 21 May 2024 16:11:59 GMT","1716307919453","52","","","","No","No","","","21","0","2","688687114128588823","737980149995274240","797920307284934697","28","F","S","S","F","A","F","D","",""
"vb96gws","5121","3","Fai Fai","Endro~!","3","Tue, 21 May 2024 11:50:33 GMT","1716292233189","41","","","","No","No","","","3","0","3","737980149995274240","737980149995274240","797920307284934697","24","F","S","S","S","A","F","D","",""
"vb9djjz","65356","1","Sarah Bynes","Sushi Police","0","Tue, 21 May 2024 04:31:29 GMT","1716265889777","1","","","","No","No","","","1","0","0","737980149995274240","737980149995274240","797920307284934697","0","F","S","S","S","A","F","D","",""
"vb94z9v","64958","1","Papa","Initial D","1","Mon, 20 May 2024 11:45:37 GMT","1716205537700","2","","","","No","No","","","2","0","1","","737980149995274240","797920307284934697","1","F","S","S","F","B","F","D","",""
"vb9zth7","64659","1","Toby","Pokémon: Black & White","4","Mon, 20 May 2024 11:29:37 GMT","1716204577069","23","","","","No","No","","","1","0","4","","737980149995274240","797920307284934697","13","F","S","S","F","A","F","D","",""
"vb94lxw","4567","2","Bloody Ogre","I Got a Cheat Skill in Another World and Became Unrivaled in The Real World, Too","3","Mon, 20 May 2024 10:32:41 GMT","1716201161825","33","","","","No","No","","","1","0","3","737980149995274240","737980149995274240","797920307284934697","20","F","S","S","S","A","F","B","",""
"vb91gwt","23218","3","Mamoru Chiba","Sailor Moon","0","Mon, 20 May 2024 09:25:36 GMT","1716197136648","10","","","","No","No","","","14","0","0","737980149995274240","737980149995274240","797920307284934697","5","F","S","S","S","A","F","D","",""
"vb918h6","6820","1","Cyrille de Gaulle","Luminous Witches","2","Mon, 20 May 2024 08:48:41 GMT","1716194921078","3","","","","No","No","","","1","0","2","737980149995274240","737980149995274240","797920307284934697","1","F","S","S","S","A","F","C","",""
"vb9zzsl","65386","1","Tortoise","Aesop's Fables","3","Mon, 20 May 2024 08:14:22 GMT","1716192862166","6","","","","No","No","","","1","1","3","1142935430342385724","688687114128588823","797920307284934697","4","F","S","F","F","A","D","D","",""
"vb924p3","65147","1","Yuuji","Junji Ito Collection","2","Sun, 19 May 2024 20:17:37 GMT","1716149857388","3","","","","No","No","","","1","0","2","688687114128588823","688687114128588823","797920307284934697","1","F","S","F","F","A","F","D","",""
"vb9hhrn","65074","1","Wife","Runningman","2","Sun, 19 May 2024 18:42:09 GMT","1716144129660","1","","","","No","No","","","1","0","2","924336354811334676","737980149995274240","797920307284934697","0","F","S","S","F","C","F","D","",""
"vb9qn78","65018","1","Kanon Ishida","Shangri-La","2","Sun, 19 May 2024 17:23:14 GMT","1716139394691","4","","","","No","No","","","0","0","2","737980149995274240","737980149995274240","797920307284934697","1","F","S","S","S","A","F","D","",""
"vbg6mjv","65396","1","Tomoka Inose","Another","0","Sun, 19 May 2024 10:51:38 GMT","1716115898333","1","","","","No","No","","","1","0","0","","737980149995274240","797920307284934697","0","F","S","S","F","B","F","D","",""
"vbg6wzp","64868","1","Perol","Mogu&Perol","1","Sun, 19 May 2024 10:33:53 GMT","1716114833611","3","","","","No","No","","","1","0","1","249656760074240002","688687114128588823","648031568756998155","1","F","S","F","F","B","F","D","",""
"vbgg185","65159","1","Hamsa","Rage of Bahamut: Genesis","2","Sat, 18 May 2024 18:30:35 GMT","1716057035409","5","","","","No","No","","","1","0","2","","737980149995274240","797920307284934697","1","F","S","S","F","A","F","D","",""
"vbg3pqh","64756","1","Johji Minami","Infini-T Force","3","Sat, 18 May 2024 16:59:54 GMT","1716051594252","3","","","","No","No","","","1","0","3","737980149995274240","737980149995274240","797920307284934697","1","F","S","S","S","A","F","D","",""
"vbgrj9r","39919","1","Monkey Demon","Doraemon: Nobita's Great Adventure into the Underworld","1","Sat, 18 May 2024 16:26:51 GMT","1716049611655","2","","","","No","No","","","1","0","1","924336354811334676","737980149995274240","797920307284934697","1","F","S","S","F","F","F","D","",""
"vbgrm87","65201","1","Gensai Hachisuka","Intrigue in the Bakumatsu: Irohanihoheto","1","Sat, 18 May 2024 15:27:01 GMT","1716046021748","1","","","","No","No","","","1","0","1","","737980149995274240","797920307284934697","0","F","S","S","F","B","F","D","",""
"vbgr01f","65039","1","Wan Choi","The Silver Guardian","4","Sat, 18 May 2024 14:48:06 GMT","1716043686243","25","","","","No","No","","","1","0","4","737980149995274240","737980149995274240","797920307284934697","14","F","S","S","S","A","F","D","",""
"vbg4b0h","33298","1","African Otter","Doraemon: New Nobita's Great Demon - Peko and the Exploration Party of Five","0","Sat, 18 May 2024 11:45:34 GMT","1716032734350","2","","","","No","No","","","2","0","0","","737980149995274240","797920307284934697","1","F","S","S","F","A","F","D","",""
"vbg17s2","12390","4","Freddie","Gundam Build Divers Re:RISE","3","Sat, 18 May 2024 10:08:22 GMT","1716026902951","39","","","","No","No","","","1","0","3","924336354811334676","737980149995274240","797920307284934697","20","F","S","S","F","F","F","D","",""
"vbgz7kd","64979","1","Jacky","Seton Doubutsuki: Kuma no Ko Jacky","2","Sat, 18 May 2024 09:32:09 GMT","1716024729202","3","","","","No","No","","","1","0","2","737980149995274240","737980149995274240","797920307284934697","1","F","S","S","S","A","F","D","",""
"vbg2kq2","64582","1","Chiyo","Freedom","4","Fri, 17 May 2024 19:46:38 GMT","1715975198959","3","","","","No","No","","","0","0","4","","737980149995274240","797920307284934697","1","F","S","S","F","C","F","D","",""
"vbghsmn","64642","1","Della","The Seven Deadly Sins: Revival of the Commandments","2","Fri, 17 May 2024 19:40:56 GMT","1715974856125","5","","","","No","No","","","0","0","2","1142935430342385724","1142935430342385724","797920307284934697","1","F","S","F","F","F","F","D","",""
"vbg2vb3","1857","6","Goku Black","Dragon Ball Super","1","Fri, 17 May 2024 19:39:09 GMT","1715974749620","42","","","","No","No","","","528","0","1","","688687114128588823","797920307284934697","23","F","S","F","F","F","F","B","",""
"vbghz9h","64441","1","Wife","Yamishibai: Japanese Ghost Stories 5th Season","2","Fri, 17 May 2024 19:35:06 GMT","1715974506285","2","","","","No","No","","","1","0","2","737980149995274240","737980149995274240","797920307284934697","1","F","S","S","S","A","F","D","",""
"v0kq4kd","53496","1","Doctor","Junji Ito Collection","2","Fri, 17 May 2024 19:10:46 GMT","1715973046082","1","","","","No","No","","","1","0","2","599351056152920106","688687114128588823","648031568756998155","0","F","S","F","F","A","F","C","",""
"v0bm8p2","53177","1","Momoo","One Piece","3","Fri, 17 May 2024 19:10:27 GMT","1715973027589","30","","","","No","No","","","2","0","3","284956862745411585","688687114128588823","648031568756998155","15","F","S","F","F","F","F","C","",""
"v0j6q12","53245","1","Yuuko's Father","Junji Ito Collection","1","Fri, 17 May 2024 19:09:45 GMT","1715972985207","1","","","","No","No","","","0","0","1","592270180264968192","688687114128588823","648031568756998155","0","F","S","F","F","F","F","C","",""
"vbp2d11","1914","6","Jill Valentine","Resident Evil 3","1","Fri, 17 May 2024 19:03:52 GMT","1715972632606","36","","","","No","No","","","122","0","1","1142935430342385724","1142935430342385724","797920307284934697","20","F","S","F","F","A","F","B","",""
"vbnllbz","64439","1","Bear","Yo-kai Watch","4","Fri, 17 May 2024 19:01:16 GMT","1715972476593","12","","","","No","No","","","1","0","4","924336354811334676","1142935430342385724","797920307284934697","5","F","S","F","F","D","F","D","",""
"vbgh8j5","64450","1","Marie's Mother","Junji Ito Collection","0","Fri, 17 May 2024 18:57:41 GMT","1715972261704","1","","","","No","No","","","0","0","0","","924336354811334676","797920307284934697","0","F","S","F","F","A","F","D","",""
"vbgqsnr","64376","1","Supepapupu","Puchimas! Petit iDOLM@STER - Takatsuki Gold Densetsu Special!! Harukasan Matsuri","2","Fri, 17 May 2024 18:53:28 GMT","1715972008659","3","","","","No","No","","","1","0","2","737980149995274240","737980149995274240","797920307284934697","1","F","S","S","S","A","F","D","",""
"vbgqtj8","23580","2","Monkey D. Garp","One Piece","2","Fri, 17 May 2024 16:24:22 GMT","1715963062623","55","","","","No","No","","","81","1","2","737980149995274240","737980149995274240","797920307284934697","31","F","S","S","S","A","D","D","",""
"vbg0nw4","18541","2","Kuro","Brand New Animal","0","Fri, 17 May 2024 15:26:50 GMT","1715959610506","5","","","","No","No","","","3","0","0","737980149995274240","737980149995274240","797920307284934697","1","F","S","S","S","A","F","D","",""
"vbgvkl1","7507","1","Lion Wrestler","Urusei Yatsura (2022)","3","Fri, 17 May 2024 15:03:39 GMT","1715958219982","10","","","","No","No","","","0","0","3","","737980149995274240","797920307284934697","6","F","S","S","F","C","F","B","",""
"vb3f92m","64802","1","Yasuo","Tokyo Godfathers","1","Thu, 16 May 2024 18:33:35 GMT","1715884415668","1","","","","No","No","","","1","0","1","","737980149995274240","797920307284934697","0","F","S","S","F","B","F","D","",""
"vbn44th","64013","1","Mabouroushi","Yo-kai Watch","2","Thu, 16 May 2024 18:29:32 GMT","1715884172728","3","","","","No","No","","","1","0","2","1142935430342385724","1142935430342385724","797920307284934697","1","F","S","F","F","B","F","D","",""
"vb3fnhf","64355","1","Karakasa-obake","Yo-kai Watch","2","Thu, 16 May 2024 18:28:35 GMT","1715884115688","3","","","","No","No","","","0","0","2","991841194575401080","688687114128588823","648031568756998155","1","F","S","F","F","C","F","D","",""
"vb3r4cm","64541","1","Jie Shi","Kingdom","1","Thu, 16 May 2024 14:20:44 GMT","1715869244435","1","","","","No","No","","","1","0","1","","737980149995274240","797920307284934697","0","F","S","S","F","F","F","D","",""
"vb3r3x6","64436","1","Tomnyan","Yo-kai Watch","2","Thu, 16 May 2024 14:17:35 GMT","1715869055800","9","","","","No","No","","","1","0","2","1142935430342385724","1142935430342385724","797920307284934697","4","F","S","F","F","B","F","D","",""
"vb3nbd9","64741","1","Keroppi","Kero Kero Keroppi no Gulliver no Bouken","3","Thu, 16 May 2024 04:33:53 GMT","1715834033162","42","","","","No","No","","","32","0","3","737980149995274240","737980149995274240","797920307284934697","25","F","S","S","S","A","F","D","",""
"vb3h2x0","64475","1","Tyra","Pokémon","2","Wed, 15 May 2024 17:45:45 GMT","1715795145619","6","","","","No","No","","","1","0","2","737980149995274240","737980149995274240","797920307284934697","4","F","S","S","S","A","F","D","",""
"vb30822","64958","1","Carlton","Pokémon: Black & White: Adventures in Unova and Beyond","0","Wed, 15 May 2024 17:01:54 GMT","1715792514464","1","","","","No","No","","","1","0","0","737980149995274240","737980149995274240","797920307284934697","0","F","S","S","S","A","F","D","",""
"vbrxf0v","61685","1","Alolan Graveler","Pokémon Sun & Moon","0","Wed, 15 May 2024 06:44:36 GMT","1715755476705","2","","","","No","No","","","1","0","0","1142935430342385724","737980149995274240","797920307284934697","1","F","S","S","F","B","F","D","",""
"vbrx6tb","64611","1","Chapeau-jii","Demon Prince Enma","2","Wed, 15 May 2024 05:29:03 GMT","1715750943596","2","","","","No","No","","","0","0","2","1142935430342385724","737980149995274240","797920307284934697","1","F","S","S","F","B","F","D","",""
"vbrg6jn","64318","1","Mr. Electric","Pokémon Sun & Moon","3","Tue, 14 May 2024 18:29:30 GMT","1715711370076","11","","","","No","No","","","1","0","3","737980149995274240","737980149995274240","797920307284934697","5","F","S","S","S","F","F","D","",""
"vbrfplx","64910","1","Hardy","Garo: Vanishing Line","1","Tue, 14 May 2024 18:16:40 GMT","1715710600486","1","","","","No","No","","","0","0","1","924336354811334676","737980149995274240","797920307284934697","0","F","S","S","F","B","F","D","",""
"vbr95s2","64721","1","Sorry-oo","Delightful Moomin Family","3","Tue, 14 May 2024 17:44:17 GMT","1715708657655","6","","","","No","No","","","1","0","3","737980149995274240","737980149995274240","797920307284934697","4","F","S","S","S","A","F","D","",""
"vbr3svb","65056","1","Chip","The Littl' Bits","2","Tue, 14 May 2024 14:24:52 GMT","1715696692509","1","","","","No","No","","","1","0","2","737980149995274240","737980149995274240","797920307284934697","0","F","S","S","S","A","F","D","",""
"vbr4bx8","38582","2","Ulanhu","Legend of the Galactic Heroes","0","Tue, 14 May 2024 08:27:01 GMT","1715675221645","2","","","","No","No","","","0","0","0","737980149995274240","737980149995274240","1164995008403877939","1","F","S","S","S","B","F","D","",""
"vbr4w7j","64673","1","Seagull","Pingu in the City (2018)","2","Tue, 14 May 2024 08:12:27 GMT","1715674347031","10","","","","No","No","","","2","0","2","","737980149995274240","1164995008403877939","5","F","S","S","F","F","F","D","",""
"vbr0wc9","46696","1","Takeshi","Di Gi Charat","1","Mon, 13 May 2024 15:45:42 GMT","1715615142469","1","","","","No","No","","","0","0","1","1142935430342385724","737980149995274240","797920307284934697","0","F","S","S","F","F","F","D","",""
"vbrvlj6","53602","1","Pegasus Ultimate Final Revision","Heaven's Design Team","4","Mon, 13 May 2024 15:01:35 GMT","1715612495934","28","","","","No","No","","","1","0","4","","737980149995274240","797920307284934697","14","F","S","S","F","B","F","D","",""
"vbr0k9h","64383","1","Bakuzan","Pupipo!","2","Mon, 13 May 2024 14:20:33 GMT","1715610033903","1","","","","No","No","","","0","0","2","","737980149995274240","797920307284934697","0","F","S","S","F","A","F","D","",""
"vbr0w55","65064","1","Earth Fish","Flying Witch","0","Mon, 13 May 2024 14:08:50 GMT","1715609330144","1","","","","No","No","","","1","0","0","737980149995274240","737980149995274240","797920307284934697","0","F","S","S","S","A","F","D","",""
"vbrmwrd","22659","1","Stamp Cat","Sleepy Princess in the Demon Castle","2","Mon, 13 May 2024 12:51:27 GMT","1715604687212","14","","","","No","No","","","1","0","2","1142935430342385724","737980149995274240","797920307284934697","8","F","S","S","F","B","F","D","",""
"vbpcpf1","65008","1","Ash's Bulbasaur","Pokémon","2","Mon, 13 May 2024 12:06:43 GMT","1715602003012","29","","","","No","No","","","2","0","2","737980149995274240","737980149995274240","797920307284934697","15","F","S","S","S","B","F","D","",""
"vbprk8n","64666","1","Drum","Dragon Ball","1","Sun, 12 May 2024 13:45:04 GMT","1715521504206","3","","","","No","No","","","1","0","1","","737980149995274240","797920307284934697","1","F","S","S","F","F","F","D","",""
"vbppvzl","64786","1","Mr. Kids","D-Frag!","2","Sun, 12 May 2024 12:33:42 GMT","1715517222653","1","","","","No","No","","","0","0","2","1142935430342385724","737980149995274240","797920307284934697","0","F","S","S","F","F","F","D","",""
"vbp4g54","64619","1","Seagull","Pingu in the City (2018)","3","Sun, 12 May 2024 09:35:12 GMT","1715506512072","21","","","","No","No","","","2","0","3","1142935430342385724","737980149995274240","797920307284934697","10","F","S","S","F","F","F","D","",""
"vbpk8pk","65140","1","Hairdresser","Wasteful Days of High School Girls","1","Sat, 11 May 2024 21:15:48 GMT","1715462148021","1","","","","No","No","","","0","0","1","","737980149995274240","797920307284934697","0","F","S","S","F","F","F","D","",""
"vbp0j7z","64707","1","Yosaku","Toriko TV","1","Sat, 11 May 2024 14:00:41 GMT","1715436041111","1","","","","No","No","","","0","0","1","737980149995274240","737980149995274240","797920307284934697","0","F","S","S","S","A","F","D","",""
"vbnhb4h","4337","5","Lady Dimitrescu","Resident Evil Village","2","Sat, 11 May 2024 12:04:02 GMT","1715429042234","76","","","","No","No","","","220","0","2","1142935430342385724","1142935430342385724","797920307284934697","40","F","S","F","F","A","F","C","",""
"vb48kxl","64114","1","Divine","Dragon Age: Dawn of the Seeker","1","Fri, 10 May 2024 22:05:42 GMT","1715378742807","1","","","","No","No","","","1","0","1","1142935430342385724","737980149995274240","797920307284934697","0","F","S","S","F","F","F","D","",""
"vb4lb77","64952","1","Sara Shirogane","Futakoi","2","Fri, 10 May 2024 19:48:09 GMT","1715370489768","4","","","","No","No","","","1","0","2","737980149995274240","737980149995274240","797920307284934697","1","F","S","S","S","B","F","D","",""
"vb498ds","64446","1","Otoya Takechi","Riddle Story of Devil","2","Fri, 10 May 2024 18:58:49 GMT","1715367529566","6","","","","No","No","","","1","0","2","","737980149995274240","797920307284934697","4","F","S","S","F","F","F","D","",""
"vb4pm8f","50179","1","Pachacamac","Sonic X","2","Fri, 10 May 2024 08:24:15 GMT","1715329455975","9","","","","No","No","","","1","0","2","1142935430342385724","737980149995274240","797920307284934697","4","F","S","S","F","F","F","D","",""
"vb4hx9q","62628","1","Cure Macaron","Kirakira Precure a la Mode","1","Thu, 09 May 2024 16:37:51 GMT","1715272671066","4","","","","No","No","","","3","0","1","737980149995274240","737980149995274240","797920307284934697","1","F","S","S","S","B","F","D","",""
"vb4qstb","37564","2","Inko","Toradora!","2","Thu, 09 May 2024 16:02:55 GMT","1715270575329","26","","","","No","No","","","2","0","2","737980149995274240","737980149995274240","797920307284934697","15","F","S","S","S","B","F","D","",""
"vb4qnhw","60641","1","Arai","Himitsukessha Taka no Tsume: Golden Spell","2","Thu, 09 May 2024 15:26:30 GMT","1715268390381","1","","","","No","No","","","0","0","2","737980149995274240","737980149995274240","797920307284934697","0","F","S","S","S","A","F","D","",""
"vb40zp4","62163","1","Toreador","Doraemon: Nobita at the Birth of Japan","1","Thu, 09 May 2024 12:28:53 GMT","1715257733433","1","","","","No","No","","","1","0","1","737980149995274240","737980149995274240","797920307284934697","0","F","S","S","S","S","F","D","",""
"vb4v17b","64569","1","Milkman","Night on the Galactic Railroad","2","Thu, 09 May 2024 11:32:48 GMT","1715254368371","2","","","","No","No","","","1","0","2","1142935430342385724","737980149995274240","797920307284934697","1","F","S","S","F","S","F","D","",""
"vb4ml94","64353","1","Angel","Disney Tsum Tsum","2","Thu, 09 May 2024 10:34:54 GMT","1715250894703","10","","","","No","No","","","1","0","2","1142935430342385724","737980149995274240","797920307284934697","5","F","S","S","F","D","F","D","",""
"vbz7nd6","63938","1","Timmy Toldrum","Ni no Kuni: Wrath of the White Witch","1","Wed, 08 May 2024 23:18:28 GMT","1715210308419","3","","","","No","No","","","1","0","1","924336354811334676","737980149995274240","797920307284934697","1","F","S","S","F","F","F","D","",""
"vbztt2p","64701","1","Short Ghost","Sonic: Night of the WereHog","1","Wed, 08 May 2024 22:43:31 GMT","1715208211454","3","","","","No","No","","","5","0","1","737980149995274240","737980149995274240","797920307284934697","1","F","S","S","S","B","F","D","",""
"vbztgq0","64535","1","Young Elizabeth","The Seven Deadly Sins: Wrath of the Gods","2","Wed, 08 May 2024 21:34:23 GMT","1715204063831","17","","","","No","No","","","1","0","2","1142935430342385724","737980149995274240","797920307284934697","8","F","S","S","F","B","F","D","",""
"vbz8vnp","64280","1","Nathan Adams","Yo-kai Watch","3","Wed, 08 May 2024 18:45:52 GMT","1715193952423","16","","","","No","No","","","10","0","3","737980149995274240","737980149995274240","797920307284934697","8","F","S","S","S","A","F","D","",""
"vbz9hfn","63981","1","Abalone","Deluxe Da yo! Kaishain","2","Wed, 08 May 2024 16:03:41 GMT","1715184221751","1","","","","No","No","","","1","0","2","737980149995274240","737980149995274240","797920307284934697","0","F","S","S","S","A","F","D","",""
"vbzp3rw","64427","1","BB-8","Star Wars: Saigo no Jedai - Tokubetsu Eizou","1","Wed, 08 May 2024 09:23:33 GMT","1715160213474","10","","","","No","No","","","1","0","1","737980149995274240","737980149995274240","797920307284934697","6","F","S","S","S","S","F","D","",""
"vbz5kkn","64440","1","Hella","Nanocore","3","Tue, 07 May 2024 21:44:36 GMT","1715118276705","8","","","","No","No","","","1","0","3","","737980149995274240","797920307284934697","4","F","S","S","F","C","F","D","",""
"vbzwd83","54710","1","Rokume","Beastars 2","2","Tue, 07 May 2024 21:28:33 GMT","1715117313459","7","","","","No","No","","","1","0","2","","737980149995274240","797920307284934697","4","F","S","S","F","B","F","D","",""
"vbz52np","14819","3","Da Fei","Scissor Seven","0","Tue, 07 May 2024 21:03:02 GMT","1715115782881","6","","","","No","No","","","1","0","0","924336354811334676","924336354811334676","797920307284934697","4","F","S","F","F","A","F","D","",""
"vbzk3bx","60220","1","Eric","Full Moon wo Sagashite","2","Tue, 07 May 2024 21:02:28 GMT","1715115748854","1","","","","No","No","","","1","0","2","737980149995274240","737980149995274240","797920307284934697","0","F","S","S","S","A","F","D","",""
"vbzq45j","14420","3","Spinel Sun","Cardcaptor Sakura","2","Tue, 07 May 2024 15:56:51 GMT","1715097411799","28","","","","No","No","","","4","0","2","737980149995274240","737980149995274240","797920307284934697","15","F","S","S","S","A","F","D","",""
"vbz0zn1","53098","1","Chelidae","Heaven's Design Team","1","Tue, 07 May 2024 12:44:49 GMT","1715085889851","2","","","","No","No","","","1","0","1","737980149995274240","737980149995274240","797920307284934697","1","F","S","S","S","A","F","D","",""
"vb1c7cb","22145","2","The Penguin","Batman Ninja","4","Tue, 07 May 2024 09:55:35 GMT","1715075735567","92","","","","No","No","","","1","0","4","1142935430342385724","737980149995274240","797920307284934697","45","F","S","S","F","C","F","D","",""
"vb1646p","64868","1","Akakurage","Enoshimans","1","Tue, 07 May 2024 07:03:43 GMT","1715065423008","2","","","","No","No","","","1","0","1","737980149995274240","737980149995274240","797920307284934697","1","F","S","S","S","A","F","D","",""
"vbnctt6","5136","5","Gian","Doraemon (1979)","2","Sun, 05 May 2024 11:58:12 GMT","1714910292752","28","","","","No","No","","","6","0","2","737980149995274240","737980149995274240","797920307284934697","16","F","S","S","S","A","F","C","",""
"vb1md10","32504","1","Sugai Katsumi","Yakuza 6: The Song of Life","1","Sun, 05 May 2024 10:25:30 GMT","1714904730024","3","","","","No","No","","","1","0","1","","737980149995274240","797920307284934697","1","F","S","S","F","A","F","D","",""
"vbncmrx","64436","1","Dahlia","Girl Friend BETA","0","Sun, 05 May 2024 09:11:29 GMT","1714900289940","1","","","","No","No","","","1","0","0","","737980149995274240","797920307284934697","0","F","S","S","F","A","F","D","",""
"vbn6rn8","64473","1","Joe Komagiri","Tonkatsu DJ Agetarou","2","Sun, 05 May 2024 08:15:00 GMT","1714896900121","1","","","","No","No","","","1","0","2","737980149995274240","737980149995274240","797920307284934697","0","F","S","S","S","A","F","D","",""
"vbnl763","63830","1","Ning","Oban Star-Racers","2","Sat, 04 May 2024 21:12:42 GMT","1714857162195","2","","","","No","No","","","0","0","2","1058805575317733477","737980149995274240","797920307284934697","1","F","S","S","F","B","F","D","",""
"vbn84tj","7371","1","Merchant","Pokemon: Hisuian Snow","3","Sat, 04 May 2024 20:59:25 GMT","1714856365072","13","","","","No","No","","","1","0","3","737980149995274240","737980149995274240","797920307284934697","6","F","S","S","S","A","F","B","",""
"vbnf5zw","21205","2","Serena's Eevee","Pokémon XY","1","Sat, 04 May 2024 20:07:48 GMT","1714853268032","23","","","","No","No","","","20","0","1","1142935430342385724","1142935430342385724","797920307284934697","11","F","S","F","F","A","F","D","",""
"vbnlxz0","65009","1","Sandslash","Pokémon Mystery Dungeon: Explorers of Time and Darkness","0","Sat, 04 May 2024 20:06:14 GMT","1714853174509","3","","","","No","No","","","5","0","0","737980149995274240","737980149995274240","797920307284934697","1","F","S","S","S","B","F","D","",""
"vbngzp9","22986","2","Lisa","Ponyo on the Cliff by the Sea","1","Sat, 04 May 2024 15:58:20 GMT","1714838300983","14","","","","No","No","","","9","0","1","737980149995274240","737980149995274240","797920307284934697","6","F","S","S","S","B","F","D","",""
"vbnz9k3","64692","1","Ham Egg","Metropolis","2","Sat, 04 May 2024 08:27:10 GMT","1714811230930","1","","","","No","No","","","1","0","2","","737980149995274240","797920307284934697","0","F","S","S","F","F","F","D","",""
"vbn4rp0","33490","1","Okapi","Doraemon: New Nobita's Great Demon - Peko and the Exploration Party of Five","1","Sat, 04 May 2024 08:14:03 GMT","1714810443142","2","","","","No","No","","","1","0","1","737980149995274240","737980149995274240","797920307284934697","1","F","S","S","S","A","F","D","",""
"vbj9tbj","19338","2","Yuma Isogai","Assassination Classroom","1","Thu, 02 May 2024 19:07:28 GMT","1714676848418","18","","","","No","No","","","3","0","1","737980149995274240","737980149995274240","797920307284934697","13","F","S","S","S","B","F","D","",""
"vbb6d6g","64577","1","Mouse","Unico: Black Rain and White Feather","3","Wed, 01 May 2024 12:09:17 GMT","1714565357201","7","","","","No","No","","","1","0","3","924336354811334676","737980149995274240","797920307284934697","4","F","S","S","F","F","F","D","",""
"vbkql6t","64161","1","Kentauros","Tamala 2010: A Punk Cat in Space","1","Thu, 25 Apr 2024 22:00:20 GMT","1714082420345","1","","","","No","No","","","0","0","1","737980149995274240","737980149995274240","797920307284934697","0","F","S","S","S","C","F","D","",""
"vbwf5mx","8446","3","Nui","Aharen-san wa Hakarenai","2","Wed, 24 Apr 2024 22:04:03 GMT","1713996243996","22","","","","No","No","","","1","0","2","","737980149995274240","797920307284934697","14","F","S","S","F","B","F","C","",""
"vbwgft6","63931","1","Sachiko Nishizawa","Tokyo Godfathers","2","Wed, 24 Apr 2024 21:34:23 GMT","1713994463658","1","","","","No","No","","","1","0","2","924336354811334676","737980149995274240","797920307284934697","0","F","S","S","F","F","F","D","",""
"vbw312q","60681","1","Jenny","Titipo Titipo","0","Wed, 24 Apr 2024 20:54:12 GMT","1713992052369","1","","","","No","No","","","1","0","0","737980149995274240","737980149995274240","797920307284934697","0","F","S","S","S","A","F","D","",""
"vbwjsqq","64212","1","Frack","80 Days Around the World with Willy Fog","3","Wed, 24 Apr 2024 09:36:29 GMT","1713951389539","4","","","","No","No","","","1","0","3","","737980149995274240","797920307284934697","1","F","S","S","F","F","F","D","",""
"vbwhbz6","63022","1","Fuzzy Lumpkins","Demashita! Powerpuff Girls Z","4","Tue, 23 Apr 2024 23:24:23 GMT","1713914663870","20","","","","No","No","","","2","0","4","924336354811334676","737980149995274240","797920307284934697","10","F","S","S","F","F","F","D","",""
"vb2kf2c","1292","6","Angie","Resident Evil Village","1","Mon, 22 Apr 2024 08:38:56 GMT","1713775136584","21","","","","No","No","","","5","0","1","1167080205488226380","924336354811334676","797920307284934697","13","F","S","F","F","B","F","B","",""
"vb251fn","64048","1","Coribou","One Piece","3","Mon, 22 Apr 2024 08:08:24 GMT","1713773304663","16","","","","No","No","","","0","0","3","737980149995274240","737980149995274240","797920307284934697","8","F","S","S","S","A","F","D","",""
"vb2m9g2","64242","1","Lemur","Beastars","2","Sun, 21 Apr 2024 19:04:50 GMT","1713726290547","7","","","","No","No","","","1","0","2","924336354811334676","737980149995274240","797920307284934697","4","F","S","S","F","F","F","D","",""
"v5xspgk","37146","2","Pisces","Little Witch Academia TV","4","Mon, 08 Apr 2024 16:37:54 GMT","1712594274153","68","","","","No","No","","","1","0","4","","924336354811334676","797920307284934697","31","F","S","F","F","C","F","D","",""
"v5x7trw","64144","1","Ayano Katou","Love and Lies","3","Mon, 08 Apr 2024 16:37:27 GMT","1712594247051","6","","","","No","No","","","0","0","3","737980149995274240","737980149995274240","797920307284934697","4","F","S","S","S","F","F","D","",""
"v5x7dgg","64405","1","Granny Orin","Folktales from Japan 2nd Season","4","Mon, 08 Apr 2024 15:43:20 GMT","1712591000540","5","","","","No","No","","","1","0","4","737980149995274240","737980149995274240","797920307284934697","1","F","S","S","S","A","F","D","",""
"v5f71vq","63332","1","Louise von Hohenstaufen","Master Keaton","2","Wed, 27 Mar 2024 11:25:00 GMT","1711538700864","1","","","","No","No","","","1","0","2","737980149995274240","737980149995274240","797920307284934697","0","F","S","S","S","F","F","D","",""
"v5nhznv","59889","1","Shrshr SpongeBob Toy","gdgd Fairies","3","Fri, 08 Mar 2024 20:04:11 GMT","1709928251739","32","","","","No","No","","","25","0","3","","737980149995274240","797920307284934697","16","F","S","S","F","F","F","D","",""
"v5k8cbv","62759","1","Hana Sugita","Poyopoyo Kansatsu Nikki","0","Sat, 02 Mar 2024 14:12:54 GMT","1709388774504","1","","","","No","No","","","0","0","0","737980149995274240","737980149995274240","797920307284934697","0","F","S","S","S","A","F","D","",""
"v5kzjz3","62444","1","Lee Hong Lung","Banana Fish","1","Fri, 01 Mar 2024 22:24:36 GMT","1709331876742","2","","","","No","No","","","1","0","1","","737980149995274240","797920307284934697","1","F","S","S","F","F","F","D","",""
"v5k4999","62314","1","Kettle","Dragon Ball Super","3","Fri, 01 Mar 2024 21:57:21 GMT","1709330241615","13","","","","No","No","","","1","0","3","737980149995274240","737980149995274240","797920307284934697","6","F","S","S","S","A","F","D","",""
"v5w1mqv","62974","1","Female Mudskipper","Larva: Island","4","Wed, 28 Feb 2024 20:07:37 GMT","1709150857416","23","","","","No","No","","","1","0","4","737980149995274240","737980149995274240","797920307284934697","13","F","S","S","S","C","F","D","",""
"v5wbgtp","59886","1","What-If Phone Booth","Doraemon (1979)","0","Wed, 28 Feb 2024 18:32:05 GMT","1709145125915","1","","","","No","No","","","1","0","0","737980149995274240","737980149995274240","797920307284934697","0","F","S","S","S","S","F","D","",""
"v52czkx","62345","1","Hundred-Eyes Octopus","One-Punch Man 2","1","Wed, 28 Feb 2024 00:35:38 GMT","1709080538792","4","","","","No","No","","","1","0","1","","737980149995274240","797920307284934697","1","F","S","S","F","B","F","D","",""
"v52nltt","48451","1","Dogoo Lady","Megadimension Neptunia VII","2","Mon, 26 Feb 2024 22:35:50 GMT","1708986950518","12","","","","No","No","","","1","0","2","","737980149995274240","797920307284934697","5","F","S","S","F","F","F","D","",""
"v5qnbrd","62730","1","Fukki","Folktales from Japan 2nd Season","2","Fri, 23 Feb 2024 06:14:18 GMT","1708668858387","3","","","","No","No","","","1","0","2","","737980149995274240","797920307284934697","1","F","S","S","F","B","F","D","",""
"v50jc6d","62587","1","Nanacona","Mahoujin Guru Guru (2017)","3","Wed, 21 Feb 2024 06:38:20 GMT","1708497500874","4","","","","No","No","","","1","0","3","737980149995274240","737980149995274240","797920307284934697","1","F","S","S","S","B","F","D","",""
"v50v6kd","62510","1","Gyaro","One Piece","4","Tue, 20 Feb 2024 18:10:50 GMT","1708452650743","28","","","","No","No","","","1","0","4","737980149995274240","737980149995274240","797920307284934697","16","F","S","S","S","A","F","D","",""
"v5v14bp","62284","1","Kousuke Fujiwara","Kamen no Maid Guy","3","Mon, 19 Feb 2024 14:53:19 GMT","1708354399891","1","","","","No","No","","","1","0","3","","737980149995274240","797920307284934697","0","F","S","S","F","D","F","D","",""
"v5v5tpc","62437","1","Kapi","The New Adventures of Kimba the White Lion","3","Mon, 19 Feb 2024 11:03:16 GMT","1708340596247","4","","","","No","No","","","0","0","3","","737980149995274240","797920307284934697","1","F","S","S","F","B","F","D","",""
"vkc3w8s","62569","1","Buburina","Catnapped! The Movie","0","Fri, 16 Feb 2024 06:13:14 GMT","1708063994365","1","","","","No","No","","","1","0","0","","737980149995274240","797920307284934697","0","F","S","S","F","B","F","D","",""
"vkn29ss","33797","2","George-kun","Sound! Euphonium","2","Sat, 13 Jan 2024 17:49:56 GMT","1705168196307","18","","","","No","No","","","1","0","2","737980149995274240","737980149995274240","797920307284934697","13","F","S","S","S","A","F","D","",""
"vw3kvhg","17657","2","Tatsumaki","One-Punch Man","1","Mon, 04 Dec 2023 17:15:33 GMT","1701710133406","41","","","","No","No","","","400","0","1","","737980149995274240","797920307284934697","19","F","S","S","F","F","F","D","",""
"vwpjdxg","60522","1","Dinah","Pandora Hearts","2","Fri, 01 Dec 2023 19:15:31 GMT","1701458131911","5","","","","No","No","","","1","0","2","","737980149995274240","797920307284934697","1","F","S","S","F","B","F","D","",""
"vwp5w99","59854","1","Scissors Claw","Cutie Honey Universe","3","Fri, 01 Dec 2023 17:31:36 GMT","1701451896009","2","","","","No","No","","","0","0","3","737980149995274240","737980149995274240","797920307284934697","1","F","S","S","S","A","F","D","",""
"vwpwcsc","60354","1","Chibimaru","Hana no Zundamaru","2","Fri, 01 Dec 2023 14:47:05 GMT","1701442025255","1","","","","No","No","","","1","0","2","737980149995274240","737980149995274240","797920307284934697","0","F","S","S","S","A","F","D","",""
"vw4l3gr","59839","1","Sorry-oo","Delightful Moomin Family","4","Thu, 30 Nov 2023 18:24:17 GMT","1701368657167","13","","","","No","No","","","1","0","4","","737980149995274240","797920307284934697","5","F","S","S","F","F","F","D","",""
"vwnd5xs","59821","1","Alice","Stratos 4","2","Sun, 26 Nov 2023 11:34:22 GMT","1700998462713","5","","","","No","No","","","0","0","2","737980149995274240","737980149995274240","797920307284934697","1","F","S","S","S","B","F","D","",""
"vwn70b1","43565","1","Toby","Moriarty the Patriot","0","Sun, 26 Nov 2023 08:26:27 GMT","1700987187128","1","","","","No","No","","","2","0","0","","737980149995274240","797920307284934697","0","F","S","S","F","C","F","D","",""
"vwnn4cd","59626","1","Geirus","Tentai Senshi Sunred","3","Sat, 25 Nov 2023 18:15:23 GMT","1700936123956","5","","","","No","No","","","1","0","3","","737980149995274240","797920307284934697","1","F","S","S","F","B","F","D","",""
"vw2skhs","55133","1","Morita","Himitsukessha Taka no Tsume: Golden Spell","1","Fri, 17 Nov 2023 15:07:28 GMT","1700233648874","1","","","","No","No","","","0","0","1","","737980149995274240","797920307284934697","0","F","S","S","F","B","F","D","",""
"vw0mp2v","55852","1","Woolly Mammoth","Doraemon: Nobita at the Birth of Japan","1","Sat, 11 Nov 2023 21:21:11 GMT","1699737671745","1","","","","No","No","","","1","0","1","","737980149995274240","797920307284934697","0","F","S","S","F","F","F","D","",""
"vwvjl2x","41103","1","Swing Shark","The World Ends with You","2","Fri, 10 Nov 2023 23:18:05 GMT","1699658285251","5","","","","No","No","","","1","0","2","737980149995274240","737980149995274240","797920307284934697","1","F","S","S","S","A","F","C","",""
"v2xwqwk","58737","1","Osamu Taguchi","Ghost Hound","3","Sat, 04 Nov 2023 19:15:29 GMT","1699125329717","1","","","","No","No","","","0","0","3","737980149995274240","737980149995274240","797920307284934697","0","F","S","S","S","A","F","D","",""
"v2d4l5j","18519","1","Y'shtola Rhul","Final Fantasy XIV","1","Thu, 02 Nov 2023 11:21:04 GMT","1698924064362","11","","","","No","No","","","54","0","1","806459323747270687","737980149995274240","1164995008403877939","5","F","S","S","F","F","F","D","",""
"v2dqdn2","58836","1","Ling-Pha's Grandfather","Battle Athletes Victory","1","Wed, 01 Nov 2023 21:12:16 GMT","1698873136930","1","","","","No","No","","","0","0","1","924336354811334676","737980149995274240","797920307284934697","0","F","S","S","F","F","F","D","",""
"v27hvwd","58480","1","Nathan Adams","Yo-kai Watch","2","Tue, 31 Oct 2023 11:51:42 GMT","1698753102935","8","","","","No","No","","","10","0","2","924336354811334676","924336354811334676","797920307284934697","4","F","S","F","F","A","F","D","",""
"v28cr68","58571","1","Rotom","Pokémon XY","0","Sun, 29 Oct 2023 20:06:54 GMT","1698610014819","4","","","","No","No","","","1","0","0","924336354811334676","737980149995274240","797920307284934697","1","F","S","S","F","D","F","D","",""
"v2fskq5","58003","1","Hachi","Magical Girl Site","2","Thu, 26 Oct 2023 21:01:47 GMT","1698354107813","3","","","","No","No","","","1","0","2","924336354811334676","737980149995274240","797920307284934697","1","F","S","S","F","F","F","D","",""
"v2fhpdm","58153","1","Zangya","Dragon Ball Z Movie 9: Bojack Unbound","2","Wed, 25 Oct 2023 20:11:46 GMT","1698264706519","9","","","","No","No","","","1","0","2","","737980149995274240","797920307284934697","4","F","S","S","F","F","F","D","",""
"v2948zv","57961","1","Decker","Cowboy Bebop","3","Tue, 24 Oct 2023 21:12:46 GMT","1698181966243","7","","","","No","No","","","0","0","3","","737980149995274240","797920307284934697","4","F","S","S","F","F","F","D","",""
"v2g77rp","58265","1","Konaki Jiji","GeGeGe no Kitarou: Nippon Bakuretsu!!","4","Mon, 23 Oct 2023 22:47:13 GMT","1698101233879","6","","","","No","No","","","1","0","4","924336354811334676","737980149995274240","797920307284934697","4","F","S","S","F","F","F","D","",""
"v2g1dhk","58390","1","Micro","Zenryoku Usagi","1","Mon, 23 Oct 2023 10:40:05 GMT","1698057605233","1","","","","No","No","","","1","0","1","924336354811334676","737980149995274240","797920307284934697","0","F","S","S","F","F","F","D","",""
"v23cdtb","9484","3","Giraffe","Shoujo Kageki Revue Starlight","4","Sun, 22 Oct 2023 20:36:03 GMT","1698006963177","90","","","","No","No","","","4","0","4","737980149995274240","737980149995274240","797920307284934697","53","F","S","S","S","B","F","C","",""
"v23971p","58074","1","Mismagius","Pokémon: Diamond & Pearl","3","Sun, 22 Oct 2023 10:22:13 GMT","1697970133797","32","","","","No","No","","","5","0","3","737980149995274240","737980149995274240","797920307284934697","19","F","S","S","S","A","F","D","",""
"v23mnh3","58349","1","Xiao Kuang Juan","Thunderbolt Fantasy: Sword Seekers 2","3","Sat, 21 Oct 2023 12:13:19 GMT","1697890399981","8","","","","No","No","","","1","0","3","924336354811334676","737980149995274240","797920307284934697","4","F","S","S","F","F","F","D","",""
"v2r3vs6","58142","1","Hamsuke","Ai Mai Mii: Surgical Friends","2","Fri, 20 Oct 2023 21:33:25 GMT","1697837605680","3","","","","No","No","","","0","0","2","737980149995274240","737980149995274240","797920307284934697","1","F","S","S","S","A","F","D","",""
"v2rr5gt","58275","1","Man","Shitcom","2","Fri, 20 Oct 2023 20:12:46 GMT","1697832766624","5","","","","No","No","","","1","0","2","924336354811334676","737980149995274240","1164995008403877939","1","F","S","S","F","A","F","D","",""
"v2rp9xg","58179","1","German Chef","Sushi Police","2","Fri, 20 Oct 2023 19:24:28 GMT","1697829868158","4","","","","No","No","","","1","0","2","737980149995274240","737980149995274240","1164995008403877939","1","F","S","S","S","A","F","D","",""
"v2zj0m1","58047","1","Blanco","Kayoe! Chuugaku","2","Mon, 16 Oct 2023 07:17:29 GMT","1697440649334","2","","","","No","No","","","2","0","2","","737980149995274240","797920307284934697","1","F","S","S","F","B","F","D","",""
"v21mvs8","58119","1","Kuru","Dragon Ball Super","2","Sat, 14 Oct 2023 08:17:17 GMT","1697271437968","7","","","","No","No","","","1","0","2","737980149995274240","737980149995274240","797920307284934697","4","F","S","S","S","F","F","D","",""
"v2j314h","23946","1","Louis XVI","The Rose of Versailles","1","Thu, 12 Oct 2023 05:11:34 GMT","1697087494354","1","","","","No","No","","","1","0","1","737980149995274240","737980149995274240","797920307284934697","0","F","S","S","S","A","F","D","",""
"v2jw4cw","57876","1","Tama's Owner","Folktales from Japan","2","Wed, 11 Oct 2023 17:49:24 GMT","1697046564534","1","","","","No","No","","","0","0","2","924336354811334676","737980149995274240","797920307284934697","0","F","S","S","F","C","F","D","",""
"v2bxkwh","57370","1","Abalone","Deluxe Da yo! Kaishain","4","Wed, 11 Oct 2023 05:57:27 GMT","1697003847720","5","","","","No","No","","","1","0","4","924336354811334676","737980149995274240","797920307284934697","1","F","S","S","F","F","F","D","",""
"v25v3gn","57815","1","Daiki Niwa","D.N.Angel","3","Sun, 08 Oct 2023 11:13:55 GMT","1696763635641","2","","","","No","No","","","1","0","3","737980149995274240","737980149995274240","797920307284934697","1","F","S","S","S","A","F","D","",""
"v2kczw2","57815","1","Double Down","One Piece Film: Gold","3","Sun, 08 Oct 2023 08:23:48 GMT","1696753428357","15","","","","No","No","","","1","0","3","924336354811334676","737980149995274240","797920307284934697","6","F","S","S","F","F","F","D","",""
"v2k3xlf","57489","1","Shofuren","Neko Hiki no Ororane","3","Sat, 07 Oct 2023 19:59:37 GMT","1696708777536","12","","","","No","No","","","1","0","3","924336354811334676","737980149995274240","797920307284934697","5","F","S","S","F","F","F","D","",""
"v2kgjtc","26333","1","Necrid","Soulcalibur II","1","Sat, 07 Oct 2023 19:21:12 GMT","1696706472968","2","","","","No","No","","","1","0","1","924336354811334676","737980149995274240","797920307284934697","1","F","S","S","F","F","F","C","",""
"v2kbqf4","57775","1","Schnitzer","Bodacious Space Pirates","1","Sat, 07 Oct 2023 09:15:55 GMT","1696670155639","1","","","","No","No","","","1","0","1","924336354811334676","737980149995274240","797920307284934697","0","F","S","S","F","F","F","D","",""
"v2wsr82","58024","1","Octopapa","Dragon Ball","2","Fri, 06 Oct 2023 17:28:47 GMT","1696613327161","6","","","","No","No","","","2","0","2","","737980149995274240","797920307284934697","4","F","S","S","F","F","F","D","",""
"v2wsplr","57625","1","Jin","Gokudo","2","Fri, 06 Oct 2023 16:51:31 GMT","1696611091065","1","","","","No","No","","","0","0","2","924336354811334676","737980149995274240","797920307284934697","0","F","S","S","F","D","F","D","",""
"v2w7n0v","33905","2","God of Darkness","RWBY","1","Fri, 06 Oct 2023 15:39:56 GMT","1696606796253","10","","","","No","No","","","1","0","1","1058805575317733477","737980149995274240","797920307284934697","5","F","S","S","F","F","F","D","",""
"v2w3h4g","57301","1","Roba","One Piece Movie 7: Karakuri Castle's Mecha Giant Soldier","3","Fri, 06 Oct 2023 05:06:04 GMT","1696568764460","10","","","","No","No","","","1","0","3","737980149995274240","737980149995274240","797920307284934697","6","F","S","S","S","A","F","D","",""
"v22nwkh","57491","1","Island Woman","The World Yamizukan","1","Wed, 04 Oct 2023 11:27:32 GMT","1696418852706","1","","","","No","No","","","1","0","1","737980149995274240","737980149995274240","797920307284934697","0","F","S","S","S","A","F","D","",""
"v2q1l6l","57808","1","Marie","Junji Ito Collection","2","Sun, 01 Oct 2023 11:42:08 GMT","1696160528881","4","","","","No","No","","","1","0","2","737980149995274240","737980149995274240","797920307284934697","1","F","S","S","S","F","F","D","",""
"v2q173t","57508","1","Nanashi","Clannad","1","Sun, 01 Oct 2023 11:41:46 GMT","1696160506622","4","","","","No","No","","","1","0","1","924336354811334676","737980149995274240","797920307284934697","1","F","S","S","F","F","F","D","",""
"v20x5hl","57477","1","Nanaguchi","Wacky TV Na Na Na: Exciting Caveland","2","Sat, 30 Sep 2023 17:24:40 GMT","1696094680249","2","","","","No","No","","","1","0","2","","737980149995274240","797920307284934697","1","F","S","S","F","B","F","D","",""
"v2mfx4q","57351","1","Umibozu","Lovely Complex","3","Fri, 29 Sep 2023 19:29:45 GMT","1696015785816","2","","","","No","No","","","1","0","3","924336354811334676","924336354811334676","797920307284934697","1","F","S","F","F","A","F","D","",""
"vhcpq55","57221","1","Monkey Spirit","Hakkenden: Eight Dogs of the East","3","Fri, 29 Sep 2023 19:29:14 GMT","1696015754393","8","","","","No","No","","","1","0","3","924336354811334676","924336354811334676","797920307284934697","4","F","S","F","F","D","F","D","",""
"vh6ffd1","57244","1","Usamaro","Kamigami no Asobi","0","Fri, 29 Sep 2023 19:28:41 GMT","1696015721636","1","","","","No","No","","","1","0","0","924336354811334676","924336354811334676","797920307284934697","0","F","S","F","F","B","F","D","",""
"vh64z3s","57086","1","Noro-chan","Kaidan Restaurant","4","Fri, 29 Sep 2023 19:28:10 GMT","1696015690165","7","","","","No","No","","","0","0","4","924336354811334676","924336354811334676","797920307284934697","4","F","S","F","F","B","F","D","",""
"vh66zc4","18995","3","Cream the Rabbit","Sonic X","2","Fri, 29 Sep 2023 19:27:04 GMT","1696015624599","39","","","","No","No","","","22","0","2","924336354811334676","924336354811334676","797920307284934697","20","F","S","F","F","B","F","C","",""
"vhcxcth","25468","1","Aragaki Mikio","Yakuza 3","2","Fri, 29 Sep 2023 19:26:38 GMT","1696015598006","4","","","","No","No","","","1","0","2","924336354811334676","924336354811334676","797920307284934697","1","F","S","F","F","F","F","C","",""
"v2mrs48","57105","1","Kuro","Yamatarou Kaeru","2","Fri, 29 Sep 2023 19:26:14 GMT","1696015574337","4","","","","No","No","","","0","0","2","924336354811334676","924336354811334676","797920307284934697","1","F","S","F","F","A","F","D","",""
"vhcmt8b","57475","1","Ocean Blue","Shaman King","0","Fri, 29 Sep 2023 19:25:43 GMT","1696015543298","1","","","","No","No","","","0","0","0","924336354811334676","924336354811334676","797920307284934697","0","F","S","F","F","C","F","D","",""
"vhcd946","29027","1","The Tiger","Josee, the Tiger and the Fish","3","Fri, 29 Sep 2023 19:25:16 GMT","1696015516835","26","","","","No","No","","","1","0","3","924336354811334676","924336354811334676","797920307284934697","14","F","S","F","F","S","F","C","",""
"v2vtlmv","57568","1","Tokichiro Kinoshita","Time Bokan 24","4","Fri, 29 Sep 2023 19:24:32 GMT","1696015472338","4","","","","No","No","","","0","0","4","924336354811334676","924336354811334676","797920307284934697","1","F","S","F","F","F","F","D","",""
"v20jwr1","32926","2","Colossus","X-Men","2","Fri, 29 Sep 2023 19:23:30 GMT","1696015410483","21","","","","No","No","","","2","0","2","924336354811334676","924336354811334676","797920307284934697","11","F","S","F","F","S","F","D","",""
"v2vs6rt","57083","1","Toyosaki's Maid","Hamatora","4","Fri, 29 Sep 2023 19:23:05 GMT","1696015385712","6","","","","No","No","","","1","0","4","924336354811334676","924336354811334676","797920307284934697","4","F","S","F","F","A","F","D","",""
"v20n6gv","53292","1","Businessman","Pickles the Frog: The Color of Feeling","1","Fri, 29 Sep 2023 19:17:49 GMT","1696015069495","1","","","","No","No","","","1","0","1","737980149995274240","924336354811334676","797920307284934697","0","F","S","F","S","B","F","D","",""
"v20nhkj","57950","1","Mukuro","Yu Yu Hakusho","3","Fri, 29 Sep 2023 19:09:57 GMT","1696014597809","9","","","","No","No","","","1","0","3","924336354811334676","737980149995274240","797920307284934697","4","F","S","S","F","F","F","D","",""
"v20j8x3","57611","1","Alice","Stratos 4","3","Fri, 29 Sep 2023 17:50:08 GMT","1696009808966","11","","","","No","No","","","0","0","3","","737980149995274240","797920307284934697","5","F","S","S","F","A","F","D","",""
"v20j580","26363","1","Okapi","Doraemon: New Nobita's Great Demon - Peko and the Exploration Party of Five","2","Fri, 29 Sep 2023 17:27:31 GMT","1696008451036","4","","","","No","No","","","1","0","2","737980149995274240","737980149995274240","797920307284934697","1","F","S","S","S","A","F","C","",""
"v20btnl","57821","1","Ruins Guardian","Koro-sensei Quest!","4","Fri, 29 Sep 2023 15:05:28 GMT","1695999928227","23","","","","No","No","","","1","0","4","737980149995274240","737980149995274240","797920307284934697","15","F","S","S","S","A","F","D","",""
"v2v8rbs","52711","1","Rick","Kirby: Right Back at Ya!","0","Thu, 28 Sep 2023 16:20:20 GMT","1695918020096","3","","","","No","No","","","11","0","0","924336354811334676","737980149995274240","797920307284934697","1","F","S","S","F","D","F","D","",""
"v2v44wp","29333","2","Flamingo","Heaven's Design Team","4","Thu, 28 Sep 2023 05:08:05 GMT","1695877685568","81","","","","No","No","","","2","0","4","737980149995274240","737980149995274240","797920307284934697","46","F","S","S","S","A","F","C","",""
"v2vhqcj","19313","3","Shinnosuke Nohara","Crayon Shin-chan","1","Wed, 27 Sep 2023 16:29:11 GMT","1695832151113","22","","","","No","No","","","51","0","1","924336354811334676","737980149995274240","797920307284934697","13","F","S","S","F","F","F","C","",""
"v2vhv1h","57254","1","Joseph","Nanocore","2","Wed, 27 Sep 2023 14:34:06 GMT","1695825246429","1","","","","No","No","","","1","0","2","737980149995274240","737980149995274240","797920307284934697","0","F","S","S","S","S","F","D","",""
"v2vmg1w","57334","1","Rokumon","RIN-NE","2","Wed, 27 Sep 2023 10:16:45 GMT","1695809805976","4","","","","No","No","","","1","0","2","691570905029017632","737980149995274240","797920307284934697","1","F","S","S","F","A","F","D","",""
"vhcxrfz","15936","2","Roku","Doraemon: Nobita and the Green Giant Legend","2","Mon, 25 Sep 2023 14:01:08 GMT","1695650468147","14","","","","No","No","","","0","0","2","737980149995274240","737980149995274240","797920307284934697","8","F","S","S","S","B","F","C","",""
"vhcb4t2","17295","1","Teto","Nausicaa of the Valley of the Wind","2","Sun, 24 Sep 2023 12:37:47 GMT","1695559067268","7","","","","No","No","","","15","0","2","737980149995274240","737980149995274240","797920307284934697","4","F","S","S","S","A","F","D","",""
"vh68k4n","57382","1","Steak","Tegami Bachi: Letter Bee","4","Sat, 23 Sep 2023 13:25:04 GMT","1695475504786","11","","","","No","No","","","1","0","4","737980149995274240","737980149995274240","797920307284934697","6","F","S","S","S","A","F","D","",""
"vh6ls20","15896","2","Michiko Minamoto","Doraemon (1979)","0","Sat, 23 Sep 2023 11:40:47 GMT","1695469247243","2","","","","No","No","","","1","0","0","924336354811334676","737980149995274240","797920307284934697","1","F","S","S","F","B","F","C","",""
"vh69hp9","36911","1","Townsperson","Famicom Detective Club: The Missing Heir","4","Sat, 23 Sep 2023 07:29:30 GMT","1695454170349","5","","","","No","No","","","0","0","4","737980149995274240","737980149995274240","797920307284934697","1","F","S","S","S","A","F","C","",""
"vh6n1h6","57406","1","Utsuwashi Head","Kamisama Dolls","2","Fri, 22 Sep 2023 21:04:41 GMT","1695416681013","1","","","","No","No","","","0","0","2","924336354811334676","737980149995274240","797920307284934697","0","F","S","S","F","C","F","D","",""
"vhd5j78","56852","1","Kameda","Lu Over the Wall","2","Fri, 22 Sep 2023 21:04:16 GMT","1695416656513","1","","","","No","No","","","0","0","2","924336354811334676","924336354811334676","797920307284934697","0","F","S","F","F","A","F","D","",""
"vhdbt79","53346","1","Nekomaru","That is the Bottleneck","0","Fri, 22 Sep 2023 21:03:43 GMT","1695416623421","2","","","","No","No","","","1","0","0","924336354811334676","924336354811334676","797920307284934697","1","F","S","F","F","B","F","D","",""
"vhdb219","56980","1","Muttley","Asobi ni Iku yo! Asobi ni Oide","2","Fri, 22 Sep 2023 21:03:06 GMT","1695416586532","2","","","","No","No","","","4","0","2","924336354811334676","924336354811334676","797920307284934697","1","F","S","F","F","B","F","D","",""
"vhs100c","57375","1","Happy","Vampiyan Kids Pilot","3","Fri, 22 Sep 2023 21:02:21 GMT","1695416541376","4","","","","No","No","","","0","0","3","924336354811334676","924336354811334676","797920307284934697","1","F","S","F","F","A","F","D","",""
"vhs4929","6263","3","Lucifer","Mobile Suit Gundam: The Origin","2","Fri, 22 Sep 2023 21:02:00 GMT","1695416520201","26","","","","No","No","","","1","0","2","924336354811334676","924336354811334676","797920307284934697","14","F","S","F","F","F","F","B","",""
"vhspqgw","57037","1","Otter","Polar Bear Cafe","2","Fri, 22 Sep 2023 21:01:37 GMT","1695416497775","8","","","","No","No","","","1","0","2","924336354811334676","924336354811334676","797920307284934697","4","F","S","F","F","A","F","D","",""
"vhssbpl","57294","1","YukimiBotamon","Digimon Frontier","2","Fri, 22 Sep 2023 21:01:17 GMT","1695416477776","7","","","","No","No","","","1","0","2","924336354811334676","924336354811334676","797920307284934697","4","F","S","F","F","B","F","D","",""
"vhsssjc","33661","2","Momon","Fairy Tail Movie 1: Phoenix Priestess","1","Fri, 22 Sep 2023 21:00:25 GMT","1695416425151","8","","","","No","No","","","1","0","1","924336354811334676","924336354811334676","797920307284934697","4","F","S","F","F","B","F","D","",""
"vhxm2dw","56580","1","Midori","Space Patrol Luluco","1","Fri, 22 Sep 2023 20:59:55 GMT","1695416395215","1","","","","No","No","","","1","0","1","924336354811334676","924336354811334676","797920307284934697","0","F","S","F","F","B","F","D","",""
"vhx268j","56837","1","Sausage Lipped Commentator","Venus Project: Climax","1","Fri, 22 Sep 2023 20:59:32 GMT","1695416372280","1","","","","No","No","","","1","0","1","924336354811334676","924336354811334676","797920307284934697","0","F","S","F","F","C","F","D","",""
"vhxp7zs","55273","1","Litwick","Pokémon: Black & White","2","Fri, 22 Sep 2023 20:53:41 GMT","1695416021540","15","","","","No","No","","","5","0","2","924336354811334676","924336354811334676","797920307284934697","8","F","S","F","F","A","F","D","",""
"vhxr7vf","33339","2","King Pudding","IDOLiSH7","2","Fri, 22 Sep 2023 20:53:09 GMT","1695415989218","17","","","","No","No","","","1","0","2","924336354811334676","924336354811334676","797920307284934697","8","F","S","F","F","A","F","D","",""
"vhxt365","57655","1","Umeboshiin","Gohan Kaijuu Pap x Himitsukessha Taka no Tsume","0","Fri, 22 Sep 2023 20:52:30 GMT","1695415950923","1","","","","No","No","","","0","0","0","924336354811334676","924336354811334676","797920307284934697","0","F","S","F","F","A","F","D","",""
"vh6nrd8","57275","1","Saber Tiger","Blue Dragon","2","Fri, 22 Sep 2023 20:10:29 GMT","1695413429045","2","","","","No","No","","","1","0","2","924336354811334676","737980149995274240","797920307284934697","1","F","S","S","F","F","F","D","",""
"vh6k6wr","57177","1","Torahachi Kachidokibashi","Ranma ½","2","Fri, 22 Sep 2023 16:59:43 GMT","1695401983941","1","","","","No","No","","","0","0","2","737980149995274240","737980149995274240","797920307284934697","0","F","S","S","S","A","F","D","",""
"vhxfcxn","5397","2","Genousai Yanagi","Mononoke","1","Thu, 21 Sep 2023 15:41:43 GMT","1695310903147","7","","","","No","No","","","3","0","1","924336354811334676","737980149995274240","797920307284934697","4","F","S","S","F","C","F","D","",""
"vhx91wn","57435","1","Shirt Dog","Joshiraku","4","Thu, 21 Sep 2023 15:07:44 GMT","1695308864664","34","","","","No","No","","","1","0","4","737980149995274240","737980149995274240","797920307284934697","21","F","S","S","S","S","F","D","",""
"vhx47zv","57544","1","Dr. Han","Defenders of Space","1","Thu, 21 Sep 2023 09:09:48 GMT","1695287388881","1","","","","No","No","","","0","0","1","737980149995274240","737980149995274240","797920307284934697","0","F","S","S","S","A","F","D","",""
"vhx429s","10495","3","Gatekeeper","Fire Emblem: Three Houses","2","Thu, 21 Sep 2023 07:57:08 GMT","1695283028586","22","","","","No","No","","","5","0","2","737980149995274240","737980149995274240","797920307284934697","15","F","S","S","S","B","F","C","",""
"vhxhxg5","56758","1","Snork","Delightful Moomin Family","2","Wed, 20 Sep 2023 17:49:35 GMT","1695232175884","5","","","","No","No","","","1","0","2","737980149995274240","737980149995274240","797920307284934697","1","F","S","S","S","A","F","D","",""
"vhs1tbl","56949","1","Kokeyan","Hana Kappa","3","Tue, 19 Sep 2023 10:44:20 GMT","1695120260589","5","","","","No","No","","","1","0","3","737980149995274240","737980149995274240","797920307284934697","1","F","S","S","S","A","F","D","",""
"vhs1w4r","57152","1","Japanda","Japanda","1","Tue, 19 Sep 2023 10:12:35 GMT","1695118355853","4","","","","No","No","","","1","0","1","737980149995274240","737980149995274240","797920307284934697","1","F","S","S","S","A","F","D","",""
"vh7d2vf","2438","5","Sawashiro Jo","Yakuza: Like a Dragon","2","Sat, 16 Sep 2023 15:32:10 GMT","1694878330289","24","","","","No","No","","","2","0","2","737980149995274240","737980149995274240","797920307284934697","16","F","S","S","S","B","F","B","",""
"vh7drd8","56839","1","President Turtle","African Office Worker","2","Sat, 16 Sep 2023 14:28:44 GMT","1694874524306","5","","","","No","No","","","1","0","2","924336354811334676","737980149995274240","797920307284934697","1","F","S","S","F","C","F","D","",""
"vh711fs","57029","1","Chief Secretary","Tetsujin 28-gou (2004)","2","Fri, 15 Sep 2023 18:46:44 GMT","1694803604341","1","","","","No","No","","","0","0","2","737980149995274240","737980149995274240","797920307284934697","0","F","S","S","S","B","F","D","",""
"vh7jxpp","57158","1","Yuki","The Cat Returns","2","Fri, 15 Sep 2023 17:25:22 GMT","1694798722327","10","","","","No","No","","","3","0","2","","737980149995274240","797920307284934697","5","F","S","S","F","B","F","D","",""
"vh7j9t8","57195","1","Kuehiko Roshihara","Working Buddies!","2","Fri, 15 Sep 2023 16:18:30 GMT","1694794710547","6","","","","No","No","","","3","0","2","924336354811334676","737980149995274240","797920307284934697","4","F","S","S","F","A","F","D","",""
"vh7b4p8","56930","1","Apo","Uchuu Kyoudai: Apo's Dream","2","Fri, 15 Sep 2023 14:29:52 GMT","1694788192732","8","","","","No","No","","","1","0","2","737980149995274240","737980149995274240","797920307284934697","4","F","S","S","S","B","F","D","",""
"vhtf21z","56493","1","Cat","Aesop's Fables","3","Thu, 14 Sep 2023 08:03:28 GMT","1694678608837","10","","","","No","No","","","1","0","3","737980149995274240","737980149995274240","797920307284934697","6","F","S","S","S","A","F","D","",""
"vht2jlz","56791","1","Aaron","Resident Evil: Vendetta","3","Wed, 13 Sep 2023 13:57:51 GMT","1694613471123","6","","","","No","No","","","1","0","3","","737980149995274240","797920307284934697","4","F","S","S","F","A","F","D","",""
"vhtqx2s","56986","1","Nyanmaru","Code:Breaker","3","Wed, 13 Sep 2023 12:17:47 GMT","1694607467623","9","","","","No","No","","","1","0","3","737980149995274240","737980149995274240","797920307284934697","4","F","S","S","S","A","F","D","",""
"vh8l1js","2961","5","Usao-kun","Uramichi Oniisan","0","Tue, 12 Sep 2023 17:11:04 GMT","1694538664168","7","","","","No","No","","","2","0","0","","737980149995274240","797920307284934697","5","F","S","S","F","F","F","B","",""
"vh8fnfl","3208","3","Guy","Fire Emblem: The Blazing Blade","3","Tue, 12 Sep 2023 15:39:54 GMT","1694533194800","45","","","","No","No","","","1","0","3","737980149995274240","737980149995274240","797920307284934697","26","F","S","S","S","F","F","B","",""
"vh8hh92","57012","1","Sue","Nyan Koi!","3","Mon, 11 Sep 2023 17:29:04 GMT","1694453344729","17","","","","No","No","","","1","0","3","737980149995274240","737980149995274240","797920307284934697","8","F","S","S","S","S","F","D","",""
"vh8vpbn","57400","1","Nelson Royale","One Piece","1","Mon, 11 Sep 2023 15:03:18 GMT","1694444598942","4","","","","No","No","","","3","0","1","737980149995274240","737980149995274240","797920307284934697","1","F","S","S","S","A","F","D","",""
"vhlpdfm","56993","1","Prince's Horse","Shiba Inuko-san","1","Sun, 10 Sep 2023 15:56:39 GMT","1694361399860","1","","","","No","No","","","2","0","1","","924336354811334676","797920307284934697","0","F","S","F","F","F","F","D","",""
"vhl0hcd","56412","1","Tomnyan","Yo-kai Watch","2","Sat, 09 Sep 2023 21:50:00 GMT","1694296200463","9","","","","No","No","","","1","0","2","","737980149995274240","797920307284934697","4","F","S","S","F","F","F","D","",""
"vhlmn4j","56745","1","Nana Genie","Wizard Barristers: Benmashi Cecil","1","Sat, 09 Sep 2023 20:56:57 GMT","1694293017102","2","","","","No","No","","","0","0","1","","737980149995274240","797920307284934697","1","F","S","S","F","F","F","D","",""
"vhf694q","56882","1","Yashimano Hage","Pom Poko","1","Sat, 09 Sep 2023 18:49:43 GMT","1694285383002","1","","","","No","No","","","1","0","1","688687114128588823","737980149995274240","797920307284934697","0","F","S","S","F","F","F","D","",""
"vhfl80g","33044","2","Kamekichi","A3! Season Spring & Summer","3","Sat, 09 Sep 2023 07:18:11 GMT","1694243891215","34","","","","No","No","","","1","0","3","737980149995274240","737980149995274240","797920307284934697","20","F","S","S","S","B","F","D","",""
"vh92jqw","56849","1","Great Gozu","Danganronpa 3: The End of Hope's Peak Academy - Future Arc","4","Fri, 08 Sep 2023 16:54:29 GMT","1694192069379","30","","","","No","No","","","1","0","4","924336354811334676","924336354811334676","797920307284934697","16","F","S","F","F","B","F","D","",""
"vh9llxl","2745","2","Vritra","I've Somehow Gotten Stronger When I Improved My Farm-Related Skills","2","Fri, 08 Sep 2023 16:54:25 GMT","1694192065590","12","","","","No","No","","","0","0","2","688687114128588823","924336354811334676","797920307284934697","6","F","S","F","F","F","F","A","",""
"vhf5czt","56876","1","Scientist Bananya","Bananya and the Curious Bunch","2","Fri, 08 Sep 2023 16:50:08 GMT","1694191808627","13","","","","No","No","","","1","0","2","","737980149995274240","797920307284934697","5","F","S","S","F","B","F","D","",""
"vhfk2x3","56878","1","Cat","Ai Mai Mii","2","Fri, 08 Sep 2023 15:47:21 GMT","1694188041367","10","","","","No","No","","","1","0","2","737980149995274240","737980149995274240","797920307284934697","5","F","S","S","S","B","F","D","",""
"vhfv4r9","56926","1","LIIOM","PLUG, THe NeW WORLD","0","Fri, 08 Sep 2023 05:56:14 GMT","1694152574678","1","","","","No","No","","","0","0","0","737980149995274240","737980149995274240","797920307284934697","0","F","S","S","S","S","F","D","",""
"vh99krj","56335","1","Koharu","Hakumei and Mikochi","0","Thu, 07 Sep 2023 15:16:03 GMT","1694099763598","1","","","","No","No","","","1","0","0","924336354811334676","737980149995274240","797920307284934697","0","F","S","S","F","D","F","D","",""
"vhgzd5s","57239","1","Michael","Kanamemo","2","Tue, 05 Sep 2023 15:58:41 GMT","1693929521039","7","","","","No","No","","","2","0","2","","737980149995274240","797920307284934697","4","F","S","S","F","A","F","D","",""
"vhg17lr","56250","1","Bear","Kill Me Baby","1","Tue, 05 Sep 2023 15:26:52 GMT","1693927612490","2","","","","No","No","","","1","0","1","737980149995274240","737980149995274240","797920307284934697","1","F","S","S","S","A","F","D","",""
"vhgn8nm","56675","1","Soichi Ayukawa","Basquash!","2","Tue, 05 Sep 2023 14:22:10 GMT","1693923730038","1","","","","No","No","","","0","0","2","737980149995274240","737980149995274240","797920307284934697","0","F","S","S","S","A","F","D","",""
"vh3dxc3","56843","1","Strangled Stray Dog","Kämpfer","3","Mon, 04 Sep 2023 17:06:07 GMT","1693847167403","8","","","","No","No","","","1","0","3","737980149995274240","737980149995274240","797920307284934697","4","F","S","S","S","A","F","D","",""
"vh37j1m","56303","1","Mucho","Mitchiri Neko","1","Mon, 04 Sep 2023 14:58:21 GMT","1693839501127","6","","","","No","No","","","1","0","1","924336354811334676","737980149995274240","797920307284934697","4","F","S","S","F","F","F","D","",""
"vh33wjc","56854","1","Iori","School Rumble","3","Mon, 04 Sep 2023 13:51:49 GMT","1693835509365","17","","","","No","No","","","1","0","3","924336354811334676","924336354811334676","797920307284934697","6","F","S","F","F","B","F","D","",""
"vh31wc3","56948","1","Beast King","One-Punch Man","1","Mon, 04 Sep 2023 13:51:22 GMT","1693835482034","5","","","","No","No","","","3","0","1","","924336354811334676","797920307284934697","1","F","S","F","F","F","F","D","",""
"vh3rxq6","57043","1","Lobo","Time Bokan 24","2","Mon, 04 Sep 2023 13:50:35 GMT","1693835435622","3","","","","No","No","","","1","0","2","924336354811334676","924336354811334676","797920307284934697","1","F","S","F","F","A","F","D","",""
"vh387jr","11457","1","Chimera","Cautious Hero: The Hero Is Overpowered but Overly Cautious","3","Mon, 04 Sep 2023 13:49:48 GMT","1693835388961","10","","","","No","No","","","1","0","3","737980149995274240","737980149995274240","797920307284934697","6","F","S","S","S","A","F","B","",""
"vh3nn6m","2492","5","Elizabeth","Vivy: Fluorite Eye's Song","0","Sun, 03 Sep 2023 21:23:11 GMT","1693776191468","10","","","","No","No","","","5","0","0","924336354811334676","737980149995274240","797920307284934697","6","F","S","S","F","B","F","B","",""
"vh3hh8c","32272","2","Mermaid Servant","Toilet-Bound Hanako-kun","3","Sun, 03 Sep 2023 15:26:57 GMT","1693754817245","49","","","","No","No","","","1","0","3","737980149995274240","737980149995274240","797920307284934697","28","F","S","S","S","A","F","C","",""
"vh3qshb","56386","1","Sergio","Sushi Police","2","Sun, 03 Sep 2023 14:37:41 GMT","1693751861669","3","","","","No","No","","","2","0","2","737980149995274240","737980149995274240","797920307284934697","1","F","S","S","S","A","F","D","",""
"vh30ccr","7917","4","Artorius Collbrande","Tales of Berseria","2","Sun, 03 Sep 2023 13:05:41 GMT","1693746341274","24","","","","No","No","","","1","0","2","","737980149995274240","797920307284934697","14","F","S","S","F","B","F","C","",""
"vh3q57s","56629","1","Kosuke Ishida","Shangri-La","1","Sun, 03 Sep 2023 12:53:07 GMT","1693745587769","2","","","","No","No","","","0","0","1","","737980149995274240","797920307284934697","1","F","S","S","F","C","F","D","",""
"vh3v7bs","56811","1","Mr. 4","One Piece","2","Sun, 03 Sep 2023 11:58:49 GMT","1693742329655","9","","","","No","No","","","1","0","2","924336354811334676","737980149995274240","797920307284934697","4","F","S","S","F","F","F","D","",""
"vhr930c","56737","1","Butchie","One Piece","3","Sat, 02 Sep 2023 22:18:00 GMT","1693693080709","16","","","","No","No","","","1","0","3","691570905029017632","737980149995274240","797920307284934697","6","F","S","S","F","F","F","D","",""
"vhrgjg3","56513","1","Tatsu","One-Punch Man 2","1","Sat, 02 Sep 2023 20:18:44 GMT","1693685924568","3","","","","No","No","","","1","0","1","737980149995274240","737980149995274240","797920307284934697","1","F","S","S","S","A","F","D","",""
"vhrb8t9","1424","1","Fish Hiruko","Heavenly Delusion","2","Sat, 02 Sep 2023 10:20:20 GMT","1693650020853","7","","","","No","No","","","1","0","2","737980149995274240","737980149995274240","797920307284934697","5","F","S","S","S","B","F","A","",""
"vhrjwz2","2255","5","Oscar François de Jarjayes","The Rose of Versailles","2","Sat, 02 Sep 2023 10:02:19 GMT","1693648939927","36","","","","No","No","","","22","0","2","","737980149995274240","797920307284934697","20","F","S","S","F","F","F","B","",""
"vhr0zr0","56117","1","Gill","Ruin Explorers","2","Sat, 02 Sep 2023 09:49:27 GMT","1693648167970","3","","","","No","No","","","1","0","2","924336354811334676","924336354811334676","797920307284934697","1","F","S","F","F","F","F","D","",""
"vhpc2j1","31337","2","Phoenix Wright","Ace Attorney","0","Fri, 01 Sep 2023 20:21:00 GMT","1693599660141","13","","","","No","No","","","95","0","0","737980149995274240","737980149995274240","797920307284934697","6","F","S","S","S","A","F","C","",""
"vhptcr7","56670","1","Dium","Dragon Ball Super","2","Fri, 01 Sep 2023 15:43:17 GMT","1693582997589","4","","","","No","No","","","1","0","2","688687114128588823","737980149995274240","797920307284934697","1","F","S","S","F","F","F","D","",""
"vhptx2k","56333","1","Kaya","Ghost Stories","3","Fri, 01 Sep 2023 14:48:37 GMT","1693579717660","29","","","","No","No","","","10","0","3","","737980149995274240","797920307284934697","15","F","S","S","F","A","F","D","",""
"vhplkkw","56499","1","Nagoya","My Little Monster","4","Fri, 01 Sep 2023 11:51:15 GMT","1693569075727","38","","","","No","No","","","3","0","4","924336354811334676","737980149995274240","797920307284934697","21","F","S","S","F","B","F","D","",""
"vhpj67g","12513","2","Jeanne d'Arc","Granblue Fantasy","2","Thu, 31 Aug 2023 22:29:38 GMT","1693520978091","29","","","","No","No","","","7","0","2","","737980149995274240","797920307284934697","14","F","S","S","F","B","F","D","",""
"vhpjq6f","56515","1","Moe","Nandaka Velonica","3","Thu, 31 Aug 2023 21:38:15 GMT","1693517895374","3","","","","No","No","","","0","0","3","737980149995274240","737980149995274240","797920307284934697","1","F","S","S","S","F","F","D","",""
"vhpb999","56820","1","Bubbles","Dragon Ball Z","2","Thu, 31 Aug 2023 20:39:14 GMT","1693514354986","14","","","","No","No","","","5","0","2","924336354811334676","737980149995274240","797920307284934697","6","F","S","S","F","F","F","D","",""
"vhpw32z","51914","1","Beef Bowl Man","Urusei Yatsura","2","Thu, 31 Aug 2023 17:13:42 GMT","1693502022771","4","","","","No","No","","","2","0","2","737980149995274240","737980149995274240","797920307284934697","1","F","S","S","S","A","F","D","",""
"vhpvzjw","24578","1","Tagashira Naoto","Yakuza 6: The Song of Life","2","Thu, 31 Aug 2023 11:02:40 GMT","1693479760600","4","","","","No","No","","","1","0","2","","737980149995274240","797920307284934697","1","F","S","S","F","C","F","C","",""
"vh4tk1t","56090","1","Onara Kaori","Onara Gorou","2","Wed, 30 Aug 2023 23:19:57 GMT","1693437597949","2","","","","No","No","","","1","0","2","","737980149995274240","797920307284934697","1","F","S","S","F","B","F","D","",""
"vh484xh","16493","2","Gilford the Lightning","Yu-Gi-Oh! Duel Monsters","1","Wed, 30 Aug 2023 23:05:10 GMT","1693436710823","8","","","","No","No","","","1","0","1","737980149995274240","737980149995274240","797920307284934697","4","F","S","S","S","B","F","C","",""
"vh4lq9j","17976","2","Mikuniya Tamon","Mononoke","2","Wed, 30 Aug 2023 22:03:30 GMT","1693433010613","11","","","","No","No","","","0","0","2","","924336354811334676","797920307284934697","6","F","S","F","F","F","F","C","",""
"vh4lq9z","56535","1","Egypetit","Gregory Horror Show","2","Wed, 30 Aug 2023 22:02:19 GMT","1693432939610","1","","","","No","No","","","1","0","2","","737980149995274240","797920307284934697","0","F","S","S","F","F","F","D","",""
"vh4fnhm","56149","1","Librarian","Ogre Slayer","2","Wed, 30 Aug 2023 21:46:42 GMT","1693432002928","1","","","","No","No","","","0","0","2","924336354811334676","737980149995274240","797920307284934697","0","F","S","S","F","F","F","D","",""
"vh4gtxq","56560","1","Wort","Record of Lodoss War OVA","4","Wed, 30 Aug 2023 19:30:47 GMT","1693423847962","5","","","","No","No","","","0","0","4","","737980149995274240","797920307284934697","1","F","S","S","F","F","F","D","",""
"vh4gbrx","24468","1","Komaki Sosuke","Yakuza 5","2","Wed, 30 Aug 2023 18:29:20 GMT","1693420160508","5","","","","No","No","","","1","0","2","737980149995274240","737980149995274240","797920307284934697","1","F","S","S","S","S","F","C","",""
"vh4zs2v","25093","1","Barry's Prinplup","Pokémon Evolutions","2","Wed, 30 Aug 2023 13:15:27 GMT","1693401327327","17","","","","No","No","","","1","0","2","737980149995274240","737980149995274240","797920307284934697","9","F","S","S","S","A","F","C","",""
"vh41rff","56916","1","Honey","Mitchiri Neko","0","Wed, 30 Aug 2023 12:34:53 GMT","1693398893802","3","","","","No","No","","","3","0","0","924336354811334676","924336354811334676","797920307284934697","1","F","S","F","F","F","F","D","",""
"vh4z0fh","3324","3","Pekorus","Luminous Witches","1","Wed, 30 Aug 2023 12:34:09 GMT","1693398849645","9","","","","No","No","","","1","0","1","924336354811334676","924336354811334676","797920307284934697","5","F","S","F","F","C","F","B","",""
"vh4z0f2","2188","5","Henna Ikimono","Di Gi Charat","3","Wed, 30 Aug 2023 12:33:49 GMT","1693398829534","46","","","","No","No","","","1","0","3","924336354811334676","688687114128588823","797920307284934697","25","F","S","F","F","F","F","B","",""
"vh4z0fw","56516","1","Jean-Poln","Naked Wolves","2","Wed, 30 Aug 2023 12:32:33 GMT","1693398753712","1","","","","No","No","","","1","0","2","924336354811334676","737980149995274240","797920307284934697","0","F","S","S","F","F","F","D","",""
"vh4qg4z","8093","4","Ursula Callistis","Little Witch Academia","3","Tue, 29 Aug 2023 22:44:24 GMT","1693349064826","91","","","","No","No","","","14","0","3","737980149995274240","737980149995274240","797920307284934697","55","F","S","S","S","S","F","C","",""
"vh4vt42","56435","1","Capi","Sans Famille","2","Tue, 29 Aug 2023 21:14:04 GMT","1693343644608","4","","","","No","No","","","1","0","2","688687114128588823","737980149995274240","797920307284934697","1","F","S","S","F","C","F","D","",""
"vhzsq2h","56307","1","Johnny","Master Keaton","2","Tue, 29 Aug 2023 20:44:51 GMT","1693341891038","5","","","","No","No","","","1","0","2","924336354811334676","924336354811334676","797920307284934697","1","F","S","F","F","C","F","D","",""
"vh4mh1c","19346","3","Detective Kun-Kun","Rozen Maiden","3","Tue, 29 Aug 2023 20:44:01 GMT","1693341841625","41","","","","No","No","","","1","1","3","924336354811334676","924336354811334676","797920307284934697","23","F","S","F","F","B","D","C","",""
"vhzxs7p","24604","1","Mariko","Yakuza 3","1","Tue, 29 Aug 2023 18:04:39 GMT","1693332279540","2","","","","No","No","","","1","0","1","737980149995274240","737980149995274240","797920307284934697","1","F","S","S","S","A","F","C","",""
"vhzj3ps","56358","1","Sonny","Fairy Tail 2","1","Mon, 28 Aug 2023 20:50:01 GMT","1693255801675","5","","","","No","No","","","1","0","1","688687114128588823","688687114128588823","797920307284934697","1","F","S","F","F","A","F","D","",""
"vhzkzs0","56474","1","Tomi Kenzou","Kirakira Precure a la Mode","3","Mon, 28 Aug 2023 16:28:54 GMT","1693240134741","2","","","","No","No","","","0","0","3","","737980149995274240","797920307284934697","1","F","S","S","F","S","F","D","",""
"vhzhp2z","56517","1","Rakkaru","Dragon Ball GT: A Hero's Legacy","0","Mon, 28 Aug 2023 11:41:43 GMT","1693222903697","1","","","","No","No","","","1","0","0","737980149995274240","737980149995274240","797920307284934697","0","F","S","S","S","C","F","D","",""
"vhzq6b7","56800","1","Slugma","Pokémon","2","Mon, 28 Aug 2023 11:16:55 GMT","1693221415544","14","","","","No","No","","","1","0","2","924336354811334676","737980149995274240","797920307284934697","6","F","S","S","F","C","F","D","",""
"vhz0ttx","56065","1","Azukina","Fresh Precure!","4","Mon, 28 Aug 2023 10:27:56 GMT","1693218476096","18","","","","No","No","","","1","0","4","688687114128588823","737980149995274240","797920307284934697","11","F","S","S","F","D","F","D","",""
"vh1dpwm","32201","2","Robot","Laputa: Castle in the Sky","1","Mon, 28 Aug 2023 01:18:07 GMT","1693185487446","9","","","","No","No","","","10","0","1","924336354811334676","737980149995274240","797920307284934697","4","F","S","S","F","F","F","C","",""
"vh1d6bh","56806","1","Cheney","Dog Days'","2","Mon, 28 Aug 2023 00:40:19 GMT","1693183219172","4","","","","No","No","","","1","0","2","1058805575317733477","737980149995274240","797920307284934697","1","F","S","S","F","F","F","D","",""
"vh17rtg","56652","1","Mari's Shirako B","Urahara","2","Mon, 28 Aug 2023 00:07:04 GMT","1693181224050","6","","","","No","No","","","1","0","2","737980149995274240","924336354811334676","797920307284934697","4","F","S","F","S","B","F","D","",""
"vh1d4cs","56559","1","Slippy Toad","Star Fox Zero: The Battle Begins","4","Mon, 28 Aug 2023 00:06:34 GMT","1693181194248","47","","","","No","No","","","4","0","4","924336354811334676","737980149995274240","797920307284934697","23","F","S","S","F","F","F","D","",""
"vh1ltrh","56116","1","Exeggutor","Pokémon","1","Sun, 27 Aug 2023 20:37:30 GMT","1693168650835","7","","","","No","No","","","1","0","1","924336354811334676","737980149995274240","797920307284934697","4","F","S","S","F","F","F","D","",""
"vh1ffz1","32989","2","Teddy","Diabolik Lovers","0","Sun, 27 Aug 2023 20:20:39 GMT","1693167639802","4","","","","No","No","","","1","0","0","","737980149995274240","797920307284934697","1","F","S","S","F","D","F","C","",""
"vh13rps","16775","1","Hamsuke","Overlord","0","Sun, 27 Aug 2023 18:24:22 GMT","1693160662994","5","","","","No","No","","","10","0","0","","924336354811334676","797920307284934697","1","F","S","F","F","F","F","D","",""
"vh190zn","56120","1","Hedoro","Gintama","1","Sun, 27 Aug 2023 18:19:06 GMT","1693160346553","2","","","","No","No","","","1","0","1","737980149995274240","737980149995274240","797920307284934697","1","F","S","S","S","B","F","D","",""
"vh1rlf9","39072","1","Hedgehog","Elsword","2","Sun, 27 Aug 2023 15:57:31 GMT","1693151851754","11","","","","No","No","","","1","0","2","","737980149995274240","797920307284934697","6","F","S","S","F","S","F","C","",""
"vh13vn0","56187","1","Corgito","Hozuki's Coolheadedness 2nd Season","2","Sun, 27 Aug 2023 15:29:55 GMT","1693150195499","10","","","","No","No","","","2","0","2","737980149995274240","737980149995274240","797920307284934697","6","F","S","S","S","A","F","D","",""
"vh135l1","56615","1","Junior","100% Pascal-sensei (2017)","2","Sun, 27 Aug 2023 14:47:10 GMT","1693147630062","2","","","","No","No","","","0","0","2","737980149995274240","737980149995274240","797920307284934697","1","F","S","S","S","A","F","D","",""
"vh1p1zn","3646","4","Jack Baker","Resident Evil 7: Biohazard","2","Sun, 27 Aug 2023 13:23:55 GMT","1693142635631","36","","","","No","No","","","7","0","2","","737980149995274240","797920307284934697","21","F","S","S","F","A","F","C","",""
"vh14phb","173","5","Jill Valentine","Resident Evil 3","1","Sun, 27 Aug 2023 11:44:46 GMT","1693136686060","34","","","","No","No","","","122","0","1","","737980149995274240","797920307284934697","21","F","S","S","F","F","F","A","",""
"vh1q5nt","46475","1","Eclipse","Gankutsuou: The Count of Monte Cristo","3","Sat, 26 Aug 2023 21:58:48 GMT","1693087128368","7","","","","No","No","","","1","0","3","737980149995274240","737980149995274240","797920307284934697","4","F","S","S","S","S","F","C","",""
"vh10bff","56700","1","Makkhali Gosala","Tezuka Osamu no Buddha: Akai Sabaku yo! Utsukushiku","2","Sat, 26 Aug 2023 21:12:40 GMT","1693084360630","1","","","","No","No","","","1","0","2","737980149995274240","737980149995274240","797920307284934697","0","F","S","S","S","A","F","D","",""
"vh10mjm","56473","1","Dog","D.Gray-man","3","Sat, 26 Aug 2023 20:51:48 GMT","1693083108994","11","","","","No","No","","","1","0","3","924336354811334676","737980149995274240","797920307284934697","5","F","S","S","F","F","F","D","",""
"vh1vtpt","56541","1","Short Ghost","Sonic: Night of the WereHog","4","Sat, 26 Aug 2023 20:09:12 GMT","1693080552753","25","","","","No","No","","","5","0","4","924336354811334676","924336354811334676","797920307284934697","11","F","S","F","F","F","F","D","",""
"vh1v35l","33096","2","Kanan Misenai","I Tried Asking In Dogeza","2","Sat, 26 Aug 2023 20:06:14 GMT","1693080374942","33","","","","No","No","","","4","0","2","737980149995274240","737980149995274240","797920307284934697","19","F","S","S","S","A","F","C","",""
"vh1m44h","56518","1","Lotte's Father","Little Witch Academia TV","4","Sat, 26 Aug 2023 18:50:55 GMT","1693075855310","12","","","","No","No","","","1","0","4","717334579245219873","737980149995274240","797920307284934697","5","F","S","S","F","F","F","D","",""
"vhncppv","56600","1","Carpaccio","Space Dandy 2","2","Sat, 26 Aug 2023 17:56:07 GMT","1693072567374","5","","","","No","No","","","1","0","2","737980149995274240","737980149995274240","797920307284934697","1","F","S","S","S","S","F","D","",""
"vhndfv0","56570","1","Marie's Father","Junji Ito Collection","2","Sat, 26 Aug 2023 14:03:58 GMT","1693058638307","2","","","","No","No","","","0","0","2","1058805575317733477","737980149995274240","797920307284934697","1","F","S","S","F","F","F","D","",""
"vhnsjjg","31669","2","Tsunoda","Aggretsuko (2016)","3","Sat, 26 Aug 2023 13:51:15 GMT","1693057875538","36","","","","No","No","","","2","0","3","737980149995274240","737980149995274240","797920307284934697","21","F","S","S","S","A","F","C","",""
"vhnsbsq","13458","2","Feirune","So I'm a Spider, So What?","1","Sat, 26 Aug 2023 13:34:48 GMT","1693056888274","12","","","","No","No","","","3","0","1","924336354811334676","737980149995274240","797920307284934697","6","F","S","S","F","A","F","C","",""
"vhn74rx","56689","1","Papa","Vampiyan Kids","2","Sat, 26 Aug 2023 12:32:34 GMT","1693053154657","1","","","","No","No","","","0","0","2","688687114128588823","737980149995274240","797920307284934697","0","F","S","S","F","B","F","D","",""
"vhn7sm9","24623","1","Takabe Mamoru","Yakuza: Like a Dragon","0","Sat, 26 Aug 2023 12:12:07 GMT","1693051927969","1","","","","No","No","","","1","0","0","","737980149995274240","797920307284934697","0","F","S","S","F","D","F","C","",""
"vhnp4wz","56600","1","Kumako","Yurikuma Arashi","4","Fri, 25 Aug 2023 23:23:42 GMT","1693005822099","8","","","","No","No","","","1","0","4","924336354811334676","737980149995274240","797920307284934697","4","F","S","S","F","F","F","D","",""
"vhn4lx0","56568","1","J. Covey","Pop Team Epic","3","Fri, 25 Aug 2023 22:36:07 GMT","1693002967422","3","","","","No","No","","","0","0","3","924336354811334676","737980149995274240","797920307284934697","1","F","S","S","F","B","F","D","",""
"vhnzb4n","50721","1","Satoshi's Roadster","Initial D Fifth Stage","2","Fri, 25 Aug 2023 21:47:07 GMT","1693000027067","14","","","","No","No","","","3","0","2","737980149995274240","737980149995274240","797920307284934697","8","F","S","S","S","A","F","D","",""
"vhnznp2","56083","1","Rabbit","Onyankopon","2","Fri, 25 Aug 2023 21:01:21 GMT","1692997281693","4","","","","No","No","","","1","0","2","924336354811334676","924336354811334676","797920307284934697","1","F","S","F","F","C","F","D","",""
"vhn1bw0","54140","1","Meteora","Gibiate","1","Fri, 25 Aug 2023 21:00:58 GMT","1692997258791","1","","","","No","No","","","0","0","1","717334579245219873","737980149995274240","797920307284934697","0","F","S","S","F","B","F","D","",""
"vhnz4p5","56234","1","Skunk One","One Piece Movie 2: Clockwork Island Adventure","2","Fri, 25 Aug 2023 20:21:56 GMT","1692994916738","4","","","","No","No","","","1","0","2","737980149995274240","924336354811334676","797920307284934697","1","F","S","F","S","D","F","D","",""
"vhnz4v3","56469","1","Nobunaga Oda","Ninja Girl & Samurai Master","1","Fri, 25 Aug 2023 20:21:12 GMT","1692994872298","1","","","","No","No","","","1","0","1","924336354811334676","737980149995274240","797920307284934697","0","F","S","S","F","F","F","D","",""
"vhnj6fc","56137","1","Teo","Kawauso Labo","2","Fri, 25 Aug 2023 19:01:18 GMT","1692990078348","6","","","","No","No","","","1","0","2","737980149995274240","737980149995274240","797920307284934697","4","F","S","S","S","A","F","D","",""
"vhnnrtq","799","2","Pochi","Do It Yourself!!","2","Fri, 25 Aug 2023 18:29:19 GMT","1692988159954","24","","","","No","No","","","1","0","2","737980149995274240","737980149995274240","797920307284934697","16","F","S","S","S","A","F","A","",""
"vhn2btk","55687","1","Handsome Samurai","Folktales from Japan","0","Fri, 25 Aug 2023 17:33:22 GMT","1692984802811","1","","","","No","No","","","1","0","0","688687114128588823","688687114128588823","797920307284934697","0","F","S","F","F","B","F","D","",""
"vhn58mc","56056","1","Tigger","Disney Tsum Tsum","3","Fri, 25 Aug 2023 16:55:40 GMT","1692982540999","41","","","","No","No","","","7","0","3","717334579245219873","737980149995274240","797920307284934697","20","F","S","S","F","F","F","D","",""
"vhn58md","56626","1","Amaharu","Brave10","0","Fri, 25 Aug 2023 16:55:22 GMT","1692982522054","1","","","","No","No","","","1","0","0","717334579245219873","737980149995274240","797920307284934697","0","F","S","S","F","B","F","D","",""
"vhnb15w","147","2","Maru","Heavenly Delusion","1","Fri, 25 Aug 2023 16:03:43 GMT","1692979423765","25","","","","No","No","","","61","0","1","737980149995274240","737980149995274240","797920307284934697","16","F","S","S","S","F","F","A","",""
"vhnb152","56296","1","Tapio's Oldest Sister","Working Buddies! No 2!","2","Fri, 25 Aug 2023 16:03:32 GMT","1692979412209","5","","","","No","No","","","0","0","2","737980149995274240","737980149995274240","797920307284934697","1","F","S","S","S","A","F","D","",""
"vhnkj7j","11476","1","Starbright","Strawberry Panic","3","Fri, 25 Aug 2023 15:31:48 GMT","1692977508522","8","","","","No","No","","","1","0","3","924336354811334676","924336354811334676","797920307284934697","4","F","S","F","F","F","F","C","",""
"vhnwxds","56472","1","Hanako Ohtani","Persona 4 the Animation","2","Fri, 25 Aug 2023 15:11:16 GMT","1692976276434","4","","","","No","No","","","1","0","2","717334579245219873","737980149995274240","797920307284934697","1","F","S","S","F","F","F","D","",""
"vhnk4kf","56282","1","Nemurin","Kiki to Lala no Ohime-sama ni Naritai","3","Fri, 25 Aug 2023 14:56:58 GMT","1692975418379","5","","","","No","No","","","1","0","3","924336354811334676","737980149995274240","797920307284934697","1","F","S","S","F","B","F","D","",""
"vhn5wb1","56489","1","Magpie","Nyanbo!","0","Fri, 25 Aug 2023 14:27:06 GMT","1692973626825","1","","","","No","No","","","1","0","0","924336354811334676","924336354811334676","797920307284934697","0","F","S","F","F","F","F","D","",""
"vhnhkdr","56100","1","Meramilion","Yo-kai Watch","3","Fri, 25 Aug 2023 10:37:01 GMT","1692959821040","12","","","","No","No","","","1","0","3","737980149995274240","737980149995274240","797920307284934697","6","F","S","S","S","S","F","D","",""
"vhnqhpv","56452","1","Illfang the Kobold Lord","Sword Art Online","2","Fri, 25 Aug 2023 10:21:38 GMT","1692958898924","8","","","","No","No","","","1","0","2","924336354811334676","924336354811334676","797920307284934697","4","F","S","F","F","B","F","D","",""
"vhjdbll","56586","1","Nabuu","Ga-Rei -Zero-","2","Thu, 24 Aug 2023 23:31:15 GMT","1692919875358","1","","","","No","No","","","1","0","2","924336354811334676","924336354811334676","797920307284934697","0","F","S","F","F","B","F","D","",""
"vhj7vb3","53698","1","Tommy","Pokémon: Twilight Wings","3","Thu, 24 Aug 2023 23:29:32 GMT","1692919772628","15","","","","No","No","","","1","0","3","737980149995274240","737980149995274240","797920307284934697","6","F","S","S","S","C","F","D","",""
"vhjzcgk","56357","1","Greg Glenn","Resident Evil: Degeneration","4","Thu, 24 Aug 2023 22:27:17 GMT","1692916037642","14","","","","No","No","","","1","0","4","688687114128588823","924336354811334676","797920307284934697","6","F","S","F","F","C","F","D","",""
"vhj7h3r","56424","1","Misawa","Sengoku Collection","3","Thu, 24 Aug 2023 22:22:39 GMT","1692915759364","3","","","","No","No","","","0","0","3","924336354811334676","924336354811334676","797920307284934697","1","F","S","F","F","D","F","D","",""
"vhj7h3p","56005","1","Producer C","Moetan","3","Thu, 24 Aug 2023 22:21:50 GMT","1692915710653","5","","","","No","No","","","0","0","3","924336354811334676","737980149995274240","797920307284934697","1","F","S","S","F","B","F","D","",""
"vhj708x","56422","1","Fire Claw","Cutie Honey Universe","2","Thu, 24 Aug 2023 22:04:49 GMT","1692914689889","1","","","","No","No","","","0","0","2","","924336354811334676","797920307284934697","0","F","S","F","F","F","F","D","",""
"vhjt5sg","56105","1","Witzy","Suzy's Zoo Daisuki! Witzy","3","Thu, 24 Aug 2023 21:38:07 GMT","1692913087946","12","","","","No","No","","","1","0","3","","924336354811334676","797920307284934697","5","F","S","F","F","C","F","D","",""
"vhj8262","27344","2","Q","Zero Escape","2","Thu, 24 Aug 2023 20:07:36 GMT","1692907656974","18","","","","No","No","","","2","0","2","688687114128588823","737980149995274240","797920307284934697","11","F","S","S","F","F","F","C","",""
"vhk2xf3","55779","1","Jack the Ripper","Junji Ito Collection","3","Thu, 24 Aug 2023 19:52:54 GMT","1692906774165","10","","","","No","No","","","1","0","3","688687114128588823","688687114128588823","797920307284934697","5","F","S","F","F","D","F","D","",""
"vhjl9d1","7690","2","Doroba Kuzwayo","Mobile Suit Gundam MS IGLOO 2: Juuryoku Sensen","2","Thu, 24 Aug 2023 19:05:35 GMT","1692903935446","10","","","","No","No","","","0","0","2","737980149995274240","737980149995274240","797920307284934697","6","F","S","S","S","A","F","B","",""
"vhj9b7z","56128","1","Zura","Mamotte! Lollipop","1","Thu, 24 Aug 2023 17:25:51 GMT","1692897951793","2","","","","No","No","","","1","0","1","","737980149995274240","797920307284934697","1","F","S","S","F","A","F","D","",""
"vhjg4gj","23337","1","Misha","Muv-Luv Alternative: Total Eclipse","2","Thu, 24 Aug 2023 17:14:26 GMT","1692897266108","5","","","","No","No","","","1","0","2","737980149995274240","924336354811334676","797920307284934697","1","F","S","F","S","B","F","D","",""
"vhj9w9p","56707","1","Ika Fire","Futakoi Alternative","3","Thu, 24 Aug 2023 17:13:34 GMT","1692897214673","4","","","","No","No","","","0","0","3","924336354811334676","737980149995274240","797920307284934697","1","F","S","S","F","F","F","D","",""
"vhj90gr","9367","4","Cocco","Zombieland Saga","3","Thu, 24 Aug 2023 16:42:45 GMT","1692895365564","54","","","","No","No","","","1","0","3","737980149995274240","737980149995274240","797920307284934697","34","F","S","S","S","A","F","C","",""
"vhjg8k3","56500","1","Griffon Kato","Rave Master","2","Thu, 24 Aug 2023 15:55:23 GMT","1692892523895","4","","","","No","No","","","1","1","2","737980149995274240","737980149995274240","797920307284934697","1","F","S","S","S","A","D","D","",""
"vhj3npq","55969","1","Katou","The Journey Home","3","Thu, 24 Aug 2023 15:00:31 GMT","1692889231482","8","","","","No","No","","","1","0","3","737980149995274240","737980149995274240","797920307284934697","4","F","S","S","S","C","F","D","",""
"vhjr5l3","56205","1","Sorata","Sekai-ichi Hatsukoi: World's Greatest First Love OVA","2","Thu, 24 Aug 2023 14:09:46 GMT","1692886186096","9","","","","No","No","","","1","0","2","1058805575317733477","737980149995274240","797920307284934697","4","F","S","S","F","D","F","D","",""
"vhjpv6s","56796","1","Sea Lion","Bonobono (2016)","1","Thu, 24 Aug 2023 13:31:09 GMT","1692883869176","1","","","","No","No","","","1","0","1","737980149995274240","737980149995274240","797920307284934697","0","F","S","S","S","D","F","D","",""
"vhjpg49","56552","1","Goofy","Disney Tsum Tsum","0","Thu, 24 Aug 2023 12:15:10 GMT","1692879310601","4","","","","No","No","","","5","0","0","","924336354811334676","797920307284934697","1","F","S","F","F","F","F","D","",""
"vhj431g","33427","2","Cat Noir","Ladybug PV","0","Thu, 24 Aug 2023 11:05:20 GMT","1692875120185","12","","","","No","No","","","63","1","0","737980149995274240","737980149995274240","797920307284934697","6","F","S","S","S","A","D","C","",""
"vhj1f3l","46593","1","Kouma Kagizume","Sakura Wars: Ouka Kenran","2","Thu, 24 Aug 2023 08:36:31 GMT","1692866191708","3","","","","No","No","","","1","0","2","","737980149995274240","797920307284934697","1","F","S","S","F","C","F","C","",""
"vhjqppx","56063","1","Pazuzu","Cyborg 009 vs Devilman","2","Wed, 23 Aug 2023 21:16:30 GMT","1692825390694","2","","","","No","No","","","1","0","2","","737980149995274240","797920307284934697","1","F","S","S","F","F","F","D","",""
"vhjqk04","56580","1","Utamaru","Da Capo","2","Wed, 23 Aug 2023 20:53:41 GMT","1692824021044","7","","","","No","No","","","1","0","2","737980149995274240","737980149995274240","797920307284934697","4","F","S","S","S","A","F","D","",""
"vhbd3m7","56389","1","Numel","Pokémon Advanced","0","Wed, 23 Aug 2023 13:03:44 GMT","1692795824709","2","","","","No","No","","","1","0","0","924336354811334676","737980149995274240","797920307284934697","1","F","S","S","F","F","F","D","",""
"vhbd43x","55990","1","Old Bottle Man","Folktales from Japan 2nd Season","1","Wed, 23 Aug 2023 11:40:58 GMT","1692790858136","1","","","","No","No","","","1","0","1","688687114128588823","924336354811334676","797920307284934697","0","F","S","F","F","F","F","D","",""
"vhb7t1g","55980","1","Big Cheese","Resident Evil 4: Incubate","2","Wed, 23 Aug 2023 11:38:22 GMT","1692790702956","10","","","","No","No","","","7","0","2","924336354811334676","924336354811334676","797920307284934697","5","F","S","F","F","C","F","D","",""
"vhbrssv","56326","1","Rascal","Araiguma Rascal","2","Wed, 23 Aug 2023 00:07:40 GMT","1692749260264","5","","","","No","No","","","1","0","2","924336354811334676","737980149995274240","797920307284934697","1","F","S","S","F","C","F","D","",""
"vhbrngs","12373","3","Pao Pao","Doraemon: The Records of Nobita, Spaceblazer","3","Tue, 22 Aug 2023 22:55:46 GMT","1692744946286","34","","","","No","No","","","1","0","3","924336354811334676","1058805575317733477","797920307284934697","20","F","S","F","F","A","F","C","",""
"vhbpdnb","56015","1","Kenjo","Magical Girl Spec-Ops Asuka","2","Tue, 22 Aug 2023 22:54:32 GMT","1692744872806","4","","","","No","No","","","1","0","2","737980149995274240","737980149995274240","797920307284934697","1","F","S","S","S","A","F","D","",""
"vhbzgkc","56107","1","Chokhmah","Elegant Youkai Apartment Life","2","Tue, 22 Aug 2023 22:06:53 GMT","1692742013433","3","","","","No","No","","","1","0","2","924336354811334676","924336354811334676","797920307284934697","1","F","S","F","F","A","F","D","",""
"vhb48jd","56317","1","Mobston","One Piece Film: Z","2","Tue, 22 Aug 2023 21:30:07 GMT","1692739807132","7","","","","No","No","","","1","0","2","924336354811334676","737980149995274240","797920307284934697","4","F","S","S","F","F","F","D","",""
"vhbztzz","56228","1","Shouichi Kazama","Maji de Watashi ni Koi Shinasai!","3","Tue, 22 Aug 2023 19:50:56 GMT","1692733856980","9","","","","No","No","","","1","0","3","737980149995274240","737980149995274240","797920307284934697","4","F","S","S","S","F","F","D","",""
"vhbb0zg","56506","1","Doug","Beyblade","2","Tue, 22 Aug 2023 16:17:56 GMT","1692721076092","2","","","","No","No","","","0","0","2","","737980149995274240","797920307284934697","1","F","S","S","F","F","F","D","",""
"vhb5x20","56481","1","Cilan's Stunfisk","Pokémon: Genesect and the Legend Awakened","1","Tue, 22 Aug 2023 14:28:19 GMT","1692714499512","4","","","","No","No","","","1","0","1","924336354811334676","737980149995274240","797920307284934697","1","F","S","S","F","A","F","D","",""
"vhb5bp2","10464","3","Sophocles's Togedemaru","Pokémon Sun & Moon","3","Tue, 22 Aug 2023 13:47:40 GMT","1692712060886","67","","","","No","No","","","2","0","3","1058805575317733477","737980149995274240","797920307284934697","36","F","S","S","F","F","F","C","",""
"vhb556f","56259","1","Koitarou Hamasaki","Tsuri Baka Nisshi","2","Tue, 22 Aug 2023 13:23:06 GMT","1692710586917","1","","","","No","No","","","0","0","2","924336354811334676","924336354811334676","797920307284934697","0","F","S","F","F","B","F","D","",""
"vhbw8z0","55955","1","Glikko","The Enchanted Journey","3","Tue, 22 Aug 2023 12:37:56 GMT","1692707876460","5","","","","No","No","","","1","0","3","924336354811334676","737980149995274240","797920307284934697","1","F","S","S","F","F","F","D","",""
"vhbwgjm","56283","1","Mr. Johnson","Kero Kero Keroppi no Bokutachi no Takaramono","2","Tue, 22 Aug 2023 11:34:46 GMT","1692704086220","4","","","","No","No","","","1","0","2","1058805575317733477","737980149995274240","797920307284934697","1","F","S","S","F","F","F","D","",""
"vh5xrdg","51333","1","Ghost","Kirby: Right Back at Ya!","2","Tue, 22 Aug 2023 00:25:28 GMT","1692663928949","7","","","","No","No","","","1","0","2","1058805575317733477","737980149995274240","797920307284934697","4","F","S","S","F","A","F","D","",""
"vh5d95w","56141","1","Diggersby","Pokémon XY","2","Mon, 21 Aug 2023 22:59:54 GMT","1692658794020","9","","","","No","No","","","1","0","2","688687114128588823","737980149995274240","797920307284934697","4","F","S","S","F","D","F","D","",""
"vh5s74t","49764","1","Sata","Suddenly, Egyptian Gods","1","Mon, 21 Aug 2023 22:34:38 GMT","1692657278948","2","","","","No","No","","","2","0","1","924336354811334676","924336354811334676","797920307284934697","1","F","S","F","F","B","F","C","",""
"vh5dgc7","26658","1","Nakatsuna Minamoto","Heike Monogatari","0","Mon, 21 Aug 2023 21:43:11 GMT","1692654191881","1","","","","No","No","","","0","0","0","737980149995274240","737980149995274240","797920307284934697","0","F","S","S","S","A","F","C","",""
"vh5d0lv","56429","1","Professor Moriarty","Sherlock Hound","3","Mon, 21 Aug 2023 21:26:52 GMT","1692653212175","6","","","","No","No","","","1","1","3","","737980149995274240","797920307284934697","4","F","S","S","F","C","D","D","",""
"vh5trhl","56152","1","Wedge","Donyatsu","2","Mon, 21 Aug 2023 20:31:14 GMT","1692649874482","4","","","","No","No","","","1","0","2","737980149995274240","1058805575317733477","797920307284934697","1","F","S","F","S","A","F","D","",""
"vh57j51","55794","1","Tigerwolf","Gundam Build Divers","3","Mon, 21 Aug 2023 19:57:50 GMT","1692647870384","8","","","","No","No","","","1","0","3","737980149995274240","737980149995274240","797920307284934697","4","F","S","S","S","B","F","D","",""
"vh5fbnd","12140","2","Zell Dincht","Final Fantasy VIII","2","Mon, 21 Aug 2023 15:48:56 GMT","1692632936037","21","","","","No","No","","","4","0","2","737980149995274240","737980149995274240","797920307284934697","14","F","S","S","S","A","F","C","",""
"vh59ft7","9688","4","Kaede Kayano","Assassination Classroom","2","Mon, 21 Aug 2023 15:06:17 GMT","1692630377022","57","","","","No","No","","","26","0","2","737980149995274240","737980149995274240","797920307284934697","34","F","S","S","S","A","F","C","",""
"vh53qjf","43614","1","Takashi Doi","Perfect Blue","2","Mon, 21 Aug 2023 13:59:18 GMT","1692626358842","1","","","","No","No","","","1","0","2","","924336354811334676","797920307284934697","0","F","S","F","F","B","F","C","",""
"vh53hkm","44831","1","Hammerhead Shark","Heaven's Design Team","2","Mon, 21 Aug 2023 13:38:47 GMT","1692625127255","6","","","","No","No","","","1","0","2","737980149995274240","737980149995274240","797920307284934697","4","F","S","S","S","A","F","C","",""
"vh53sx8","31455","1","Choko","The aquatope on white sand","2","Mon, 21 Aug 2023 12:57:44 GMT","1692622664025","8","","","","No","No","","","1","0","2","","924336354811334676","797920307284934697","4","F","S","F","F","F","F","C","",""
"vh5rl9z","28975","2","Black Lactic Acid Bacteria","Cells at Work!!","2","Mon, 21 Aug 2023 12:54:06 GMT","1692622446217","21","","","","No","No","","","1","1","2","924336354811334676","924336354811334676","797920307284934697","11","F","S","F","F","A","D","C","",""
"vh5rl94","56204","1","Gouetsu","Shounen Onmyouji","1","Mon, 21 Aug 2023 12:53:09 GMT","1692622389181","1","","","","No","No","","","0","0","1","924336354811334676","737980149995274240","797920307284934697","0","F","S","S","F","F","F","D","",""
"vh552zm","56310","1","Ganma Asui","My Hero Academia: Training of the Dead","4","Sun, 20 Aug 2023 23:49:00 GMT","1692575340404","37","","","","No","No","","","3","0","4","924336354811334676","924336354811334676","797920307284934697","18","F","S","F","F","B","F","D","",""
"vh5klk8","54510","1","Baunian","Tower of God","2","Sun, 20 Aug 2023 23:44:28 GMT","1692575068100","4","","","","No","No","","","1","0","2","1058805575317733477","737980149995274240","797920307284934697","1","F","S","S","F","B","F","D","",""
"vh5w0w5","56338","1","Karupin","The Prince of Tennis","3","Sun, 20 Aug 2023 23:03:34 GMT","1692572614666","19","","","","No","No","","","3","0","3","924336354811334676","924336354811334676","797920307284934697","11","F","S","F","F","S","F","D","",""
"vh52ldn","56377","1","Female Kudan","Kiitaro's youkai picture diary","4","Sun, 20 Aug 2023 22:25:56 GMT","1692570356929","5","","","","No","No","","","0","0","4","924336354811334676","924336354811334676","797920307284934697","1","F","S","F","F","F","F","D","",""
"vh5hlw5","56160","1","Boy","40meterP – Snow Fairy Story","0","Sun, 20 Aug 2023 21:30:53 GMT","1692567053632","1","","","","No","No","","","1","0","0","1058805575317733477","737980149995274240","797920307284934697","0","F","S","S","F","B","F","D","",""
"vh5hr7l","56341","1","Shunsaku Ban","Metropolis","3","Sun, 20 Aug 2023 21:01:45 GMT","1692565305983","2","","","","No","No","","","1","0","3","688687114128588823","737980149995274240","797920307284934697","1","F","S","S","F","F","F","D","",""
"vh5q33k","18195","3","Shuuji Mabuchi","Bakuten!!","2","Sun, 20 Aug 2023 21:00:59 GMT","1692565259974","14","","","","No","No","","","1","0","2","737980149995274240","737980149995274240","797920307284934697","9","F","S","S","S","A","F","C","",""
"vh5h2g7","55838","1","Nasuno's Father","Teekyuu 2","1","Sun, 20 Aug 2023 20:25:52 GMT","1692563152855","1","","","","No","No","","","0","0","1","1058805575317733477","737980149995274240","797920307284934697","0","F","S","S","F","C","F","D","",""
"vh5qltw","29924","2","Shiratama","Skate-Leading Stars","1","Sun, 20 Aug 2023 19:56:45 GMT","1692561405827","10","","","","No","No","","","1","0","1","1058805575317733477","1058805575317733477","797920307284934697","5","F","S","F","F","A","F","C","",""
"vh5qlt5","56164","1","Neil's Dad","Trigun","3","Sun, 20 Aug 2023 19:55:38 GMT","1692561338724","4","","","","No","No","","","0","0","3","1058805575317733477","737980149995274240","797920307284934697","1","F","S","S","F","D","F","D","",""
"vh5q558","56150","1","Baran-kun","Hakata Mentai! Pirikarako-chan","1","Sun, 20 Aug 2023 19:06:39 GMT","1692558399076","1","","","","No","No","","","1","0","1","","924336354811334676","797920307284934697","0","F","S","F","F","F","F","D","",""
"vh502lc","27285","2","Celeste","Granblue Fantasy the Animation Season 2","2","Sun, 20 Aug 2023 18:56:11 GMT","1692557771985","24","","","","No","No","","","1","0","2","","737980149995274240","797920307284934697","13","F","S","S","F","F","F","C","",""
"vh50z9g","56157","1","Rinta","Aggretsuko","2","Sun, 20 Aug 2023 18:32:51 GMT","1692556371841","5","","","","No","No","","","1","0","2","","737980149995274240","797920307284934697","1","F","S","S","F","F","F","D","",""
"vh5v0d6","56266","1","Jabao Jaba","Magical Taruruuto-kun","3","Sun, 20 Aug 2023 18:32:19 GMT","1692556339067","2","","","","No","No","","","1","0","3","1058805575317733477","1058805575317733477","797920307284934697","1","F","S","F","F","A","F","D","",""
"vh50lr6","5880","2","General","Kino's Journey -the Beautiful World- the Animated Series","2","Sun, 20 Aug 2023 18:31:55 GMT","1692556315541","10","","","","No","No","","","0","0","2","737980149995274240","737980149995274240","797920307284934697","8","F","S","S","S","A","F","B","",""
"vh50v19","32579","2","Judge Justice Sabakigawa","Show by Rock!! Stars!!","1","Sun, 20 Aug 2023 17:26:04 GMT","1692552364959","5","","","","No","No","","","1","0","1","688687114128588823","737980149995274240","797920307284934697","1","F","S","S","F","B","F","C","",""
"vhkcc6n","22780","1","Nomah","Fire Emblem Echoes: Shadows of Valentia","3","Sun, 20 Aug 2023 16:49:14 GMT","1692550154440","14","","","","No","No","","","1","0","3","688687114128588823","737980149995274240","797920307284934697","8","F","S","S","F","F","F","C","",""
"vhkccf4","54367","1","Ducklett","Pokémon: Black & White","1","Sun, 20 Aug 2023 15:53:10 GMT","1692546790382","7","","","","No","No","","","1","0","1","924336354811334676","924336354811334676","797920307284934697","4","F","S","F","F","A","F","D","",""
"vhkcgrj","56172","1","Warosu Warosu Warabimochi","Sket Dance","2","Sun, 20 Aug 2023 15:23:23 GMT","1692545003902","1","","","","No","No","","","0","0","2","","737980149995274240","797920307284934697","0","F","S","S","F","A","F","D","",""
"vhk62bd","56082","1","Yakiniku Dynamite","Smile Precure!","3","Sun, 20 Aug 2023 15:08:31 GMT","1692544111447","1","","","","No","No","","","0","0","3","737980149995274240","737980149995274240","797920307284934697","0","F","S","S","S","A","F","D","",""
"vhk6tsg","56166","1","Keita Kagari","My Sweet Tyrant","2","Sun, 20 Aug 2023 14:52:01 GMT","1692543121431","3","","","","No","No","","","0","0","2","1058805575317733477","737980149995274240","797920307284934697","1","F","S","S","F","D","F","D","",""
"vhk6rfc","56076","1","Gaku","Shounen Onmyouji","1","Sun, 20 Aug 2023 14:03:41 GMT","1692540221550","1","","","","No","No","","","0","0","1","924336354811334676","924336354811334676","797920307284934697","0","F","S","F","F","A","F","D","",""
"vhk6h9w","2536","4","Garrett","She Professed Herself Pupil of the Wise Man","1","Sun, 20 Aug 2023 13:56:39 GMT","1692539799913","12","","","","No","No","","","0","1","1","688687114128588823","737980149995274240","797920307284934697","6","F","S","S","F","C","D","B","",""
"vhk6rp1","56542","1","Koumori","Working Buddies!","2","Sun, 20 Aug 2023 13:18:27 GMT","1692537507441","3","","","","No","No","","","1","0","2","1058805575317733477","1058805575317733477","797920307284934697","1","F","S","F","F","F","F","D","",""
"vhk6rpk","55895","1","Lead","Mitchiri Neko","0","Sun, 20 Aug 2023 13:14:52 GMT","1692537292867","2","","","","No","No","","","1","0","0","1058805575317733477","737980149995274240","797920307284934697","1","F","S","S","F","A","F","D","",""
"vhw3z8l","56389","1","Rock Hopper Penguin","Pingu in the City (2018)","2","Sun, 20 Aug 2023 11:53:15 GMT","1692532395442","17","","","","No","No","","","1","0","2","298433953986117632","688687114128588823","648031568756998155","8","F","S","F","F","B","F","D","",""
"vhks7h4","56416","1","Gran","Animal Treasure Island","3","Sun, 20 Aug 2023 11:21:16 GMT","1692530476474","4","","","","No","No","","","1","0","3","737980149995274240","737980149995274240","797920307284934697","1","F","S","S","S","A","F","D","",""
"vhkdf1v","55991","1","Tygra","Thundercats","2","Sun, 20 Aug 2023 11:10:43 GMT","1692529843269","5","","","","No","No","","","1","0","2","","737980149995274240","797920307284934697","1","F","S","S","F","F","F","D","",""
"vhkrn1v","8845","2","Elena Lupu","Resident Evil Village","4","Sun, 20 Aug 2023 11:08:55 GMT","1692529735922","102","","","","No","No","","","1","0","4","","924336354811334676","797920307284934697","55","F","S","F","F","C","F","B","",""
"vhkrnsr","51315","1","Restaurant Manager","Urusei Yatsura","2","Sun, 20 Aug 2023 11:03:24 GMT","1692529404651","1","","","","No","No","","","0","0","2","1058805575317733477","924336354811334676","797920307284934697","0","F","S","F","F","C","F","C","",""
"vhk3f80","55823","1","Mizuki Kusanagi","Sky Crawlers","4","Sun, 20 Aug 2023 11:02:34 GMT","1692529354062","5","","","","No","No","","","0","0","4","924336354811334676","924336354811334676","797920307284934697","1","F","S","F","F","B","F","D","",""
"vhk7lhn","55866","1","Rock Deity","Natsume's Book of Friends Season 3","3","Sun, 20 Aug 2023 11:01:14 GMT","1692529274290","3","","","","No","No","","","1","0","3","924336354811334676","924336354811334676","797920307284934697","1","F","S","F","F","B","F","D","",""
"vhkrcnx","21","3","Tama","Do It Yourself!!","1","Sat, 19 Aug 2023 23:55:57 GMT","1692489357251","16","","","","No","No","","","3","0","1","924336354811334676","924336354811334676","797920307284934697","10","F","S","F","F","B","F","A","",""
"vhkppf9","56298","1","Pingu's Mother","Pingu in the City","3","Sat, 19 Aug 2023 23:43:42 GMT","1692488622676","46","","","","No","No","","","7","0","3","","737980149995274240","797920307284934697","23","F","S","S","F","F","F","D","",""
"vhkrw7z","8246","2","Pao Pao","Doraemon: The Records of Nobita, Spaceblazer","4","Sat, 19 Aug 2023 23:21:07 GMT","1692487267496","62","","","","No","No","","","1","0","4","924336354811334676","737980149995274240","797920307284934697","34","F","S","S","F","F","F","C","",""
"vhkp16j","56242","1","Hyperia","Sea Prince and the Fire Child","1","Sat, 19 Aug 2023 23:11:04 GMT","1692486664431","1","","","","No","No","","","1","0","1","688687114128588823","737980149995274240","797920307284934697","0","F","S","S","F","C","F","D","",""
"vhkzjs4","56442","1","Myon","Mind Game","2","Sat, 19 Aug 2023 21:38:43 GMT","1692481123852","1","","","","No","No","","","0","0","2","924336354811334676","737980149995274240","797920307284934697","0","F","S","S","F","F","F","D","",""
"vhkzb63","56073","1","Ogawa","Brave Story","2","Sat, 19 Aug 2023 21:22:56 GMT","1692480176326","1","","","","No","No","","","0","0","2","737980149995274240","737980149995274240","797920307284934697","0","F","S","S","S","A","F","D","",""
"vhk1rm5","56085","1","Chapati Lola","Fairy Tail","2","Sat, 19 Aug 2023 20:49:17 GMT","1692478157636","4","","","","No","No","","","1","0","2","737980149995274240","924336354811334676","797920307284934697","1","F","S","F","S","A","F","D","",""
"vhk1rzr","44682","1","Ai","Puyo Puyo Tetris","2","Sat, 19 Aug 2023 20:41:53 GMT","1692477713104","5","","","","No","No","","","1","0","2","","737980149995274240","797920307284934697","1","F","S","S","F","D","F","C","",""
"vhkzh45","56385","1","Francis","Tokyo Mew Mew","3","Sat, 19 Aug 2023 20:34:59 GMT","1692477299249","12","","","","No","No","","","1","0","3","","924336354811334676","797920307284934697","5","F","S","F","F","C","F","D","",""
"vhk199b","55981","1","Saizou Kirigakure","Mushibugyou","2","Sat, 19 Aug 2023 19:05:04 GMT","1692471904789","2","","","","No","No","","","1","0","2","924336354811334676","924336354811334676","797920307284934697","1","F","S","F","F","C","F","D","",""
"vhkjlkm","49511","1","Mandrake","Earwig and the Witch","1","Sat, 19 Aug 2023 18:14:46 GMT","1692468886697","1","","","","No","No","","","1","0","1","737980149995274240","737980149995274240","797920307284934697","0","F","S","S","S","A","F","C","",""
"vhkb7dr","56239","1","Gordon Rosewater","The Big O","2","Sat, 19 Aug 2023 16:46:52 GMT","1692463612222","1","","","","No","No","","","0","0","2","737980149995274240","924336354811334676","797920307284934697","0","F","S","F","S","D","F","D","",""
"vhkb7d4","49361","1","Stan Lee","Marvel Future Avengers","2","Sat, 19 Aug 2023 16:45:49 GMT","1692463549217","29","","","","No","No","","","17","0","2","737980149995274240","737980149995274240","797920307284934697","16","F","S","S","S","A","F","C","",""
"vhkbmqs","55808","1","Prosecutor","Princess Resurrection","1","Sat, 19 Aug 2023 16:26:37 GMT","1692462397617","1","","","","No","No","","","0","0","1","924336354811334676","737980149995274240","797920307284934697","0","F","S","S","F","F","F","D","",""
"vhkkc4c","56054","1","Viren","Pokémon Sun & Moon","3","Sat, 19 Aug 2023 15:51:50 GMT","1692460310121","10","","","","No","No","","","1","0","3","924336354811334676","924336354811334676","797920307284934697","5","F","S","F","F","F","F","D","",""
"vhkkc46","55824","1","Mudou Koinugawa","Nogizaka Haruka no Himitsu: Finale","0","Sat, 19 Aug 2023 15:51:18 GMT","1692460278893","1","","","","No","No","","","0","0","0","924336354811334676","737980149995274240","797920307284934697","0","F","S","S","F","D","F","D","",""
"vhk5kbx","50557","1","Master Kaulah","King's Raid: Successors of the Will","1","Sat, 19 Aug 2023 15:05:53 GMT","1692457553243","1","","","","No","No","","","0","0","1","924336354811334676","737980149995274240","797920307284934697","0","F","S","S","F","C","F","C","",""
"vhk5zdq","56017","1","Hammer Youkai","Natsume's Book of Friends Season 3","2","Sat, 19 Aug 2023 14:35:44 GMT","1692455744292","2","","","","No","No","","","1","0","2","924336354811334676","737980149995274240","797920307284934697","1","F","S","S","F","B","F","D","",""
"vhk2xfr","55934","1","Woe","Ringing Bell","4","Sat, 19 Aug 2023 13:11:18 GMT","1692450678084","12","","","","No","No","","","1","0","4","688687114128588823","737980149995274240","797920307284934697","5","F","S","S","F","A","F","D","",""
"vhk2njn","12284","1","Darcia","Gyokou no Nikuko-chan","3","Sat, 19 Aug 2023 13:00:06 GMT","1692450006170","5","","","","No","No","","","1","0","3","737980149995274240","737980149995274240","797920307284934697","1","F","S","S","S","D","F","B","",""
"vhkhm1g","56252","1","Hireashi","Cute High Earth Defense Club LOVE!","2","Sat, 19 Aug 2023 10:56:49 GMT","1692442609999","2","","","","No","No","","","0","0","2","924336354811334676","737980149995274240","797920307284934697","1","F","S","S","F","B","F","D","",""
"vhkh1lf","32949","2","Hana Midorikawa","Prison School","1","Sat, 19 Aug 2023 10:25:33 GMT","1692440733559","20","","","","No","No","","","24","0","1","924336354811334676","737980149995274240","797920307284934697","11","F","S","S","F","D","F","C","",""
"vhkqlx8","7759","4","Kumoko","So I'm a Spider, So What?","1","Sat, 19 Aug 2023 10:04:00 GMT","1692439440719","36","","","","No","No","","","239","0","1","737980149995274240","737980149995274240","797920307284934697","20","F","S","S","S","A","F","C","",""
"vhws91t","56105","1","Torabolt","Petopeto-san","3","Sat, 19 Aug 2023 00:19:16 GMT","1692404356564","8","","","","No","No","","","0","0","3","737980149995274240","737980149995274240","797920307284934697","4","F","S","S","S","A","F","D","",""
"vhws7g1","56237","1","Soroush","The Heroic Legend of Arslan (1991)","2","Fri, 18 Aug 2023 23:53:50 GMT","1692402830602","3","","","","No","No","","","1","0","2","924336354811334676","737980149995274240","797920307284934697","1","F","S","S","F","A","F","D","",""
"vhws99r","56041","1","Beetle","Pupipo!","3","Fri, 18 Aug 2023 23:23:47 GMT","1692401027694","4","","","","No","No","","","0","0","3","924336354811334676","737980149995274240","797920307284934697","1","F","S","S","F","A","F","D","",""
"vhw7fv3","56024","1","Shirota's Mother","Aggretsuko 2","1","Fri, 18 Aug 2023 21:02:50 GMT","1692392570582","1","","","","No","No","","","1","0","1","924336354811334676","924336354811334676","797920307284934697","0","F","S","F","F","F","F","D","",""
"vhwtzm8","56131","1","Tall Ghost","Sonic: Night of the WereHog","2","Fri, 18 Aug 2023 20:53:17 GMT","1692391997237","5","","","","No","No","","","2","0","2","1058805575317733477","737980149995274240","797920307284934697","1","F","S","S","F","F","F","D","",""
"vhwtnhn","55965","1","Hanako","Hensuki: Are you willing to fall in love with a pervert, as long as she's a cutie?","2","Fri, 18 Aug 2023 20:29:37 GMT","1692390577727","6","","","","No","No","","","1","0","2","688687114128588823","737980149995274240","797920307284934697","4","F","S","S","F","C","F","D","",""
"vhw806z","26646","2","Chevreuse","The Familiar of Zero","4","Fri, 18 Aug 2023 18:57:34 GMT","1692385054113","43","","","","No","No","","","1","0","4","737980149995274240","737980149995274240","797920307284934697","26","F","S","S","S","B","F","C","",""
"vhw8zdv","4730","1","Ryuujin","Child of Kamiari Month","3","Fri, 18 Aug 2023 18:44:25 GMT","1692384265371","10","","","","No","No","","","1","0","3","924336354811334676","737980149995274240","797920307284934697","6","F","S","S","F","B","F","B","",""
"vhwlh1q","56507","1","Female Skating Announcer","Oshiri Kajiri Mushi TV","2","Fri, 18 Aug 2023 17:40:40 GMT","1692380440455","1","","","","No","No","","","0","0","2","924336354811334676","737980149995274240","797920307284934697","0","F","S","S","F","A","F","D","",""
"vhwkxpt","56353","1","Nyaboron","The Pet Girl of Sakurasou","1","Fri, 18 Aug 2023 16:54:56 GMT","1692377696392","3","","","","No","No","","","1","0","1","737980149995274240","924336354811334676","797920307284934697","1","F","S","F","S","C","F","D","",""
"vhw96dw","56208","1","Delz","Tentai Senshi Sunred","0","Fri, 18 Aug 2023 16:17:38 GMT","1692375458798","1","","","","No","No","","","1","0","0","737980149995274240","737980149995274240","797920307284934697","0","F","S","S","S","A","F","D","",""
"vhw3mgb","55918","1","Missile","Ace Attorney","2","Fri, 18 Aug 2023 14:19:22 GMT","1692368362725","10","","","","No","No","","","3","0","2","","737980149995274240","797920307284934697","6","F","S","S","F","A","F","D","",""
"vhw3wl1","56241","1","Black Dragon","Panzer Dragoon","2","Fri, 18 Aug 2023 13:56:11 GMT","1692366971347","2","","","","No","No","","","0","0","2","737980149995274240","737980149995274240","797920307284934697","1","F","S","S","S","A","F","D","",""
"vhwrbks","56112","1","Heinrich Hertz","Marie & Gali ver. 2.0","2","Fri, 18 Aug 2023 13:24:13 GMT","1692365053259","1","","","","No","No","","","1","0","2","737980149995274240","737980149995274240","797920307284934697","0","F","S","S","S","B","F","D","",""
"vhwp7km","56315","1","Wealthy Old Man","Folktales from Japan","1","Fri, 18 Aug 2023 13:01:30 GMT","1692363690500","1","","","","No","No","","","1","0","1","924336354811334676","737980149995274240","797920307284934697","0","F","S","S","F","B","F","D","",""
"vhwrz0p","56502","1","Dr. McFly","Food Wars! Shokugeki no Souma","2","Fri, 18 Aug 2023 12:49:24 GMT","1692362964646","3","","","","No","No","","","0","0","2","737980149995274240","737980149995274240","797920307284934697","1","F","S","S","S","A","F","D","",""
"vhwp6m6","56433","1","Nagasumi's Grandmother","My Bride Is a Mermaid","2","Fri, 18 Aug 2023 12:12:57 GMT","1692360777152","1","","","","No","No","","","0","0","2","688687114128588823","737980149995274240","797920307284934697","0","F","S","S","F","B","F","D","",""
"vhw49c5","56077","1","Toto","Gunjou no Magmel","2","Fri, 18 Aug 2023 11:59:24 GMT","1692359964893","5","","","","No","No","","","1","0","2","924336354811334676","737980149995274240","797920307284934697","1","F","S","S","F","B","F","D","",""
"vhwpx7r","56315","1","Connor","Double Decker! Doug & Kirill","2","Fri, 18 Aug 2023 10:59:55 GMT","1692356395974","1","","","","No","No","","","1","0","2","924336354811334676","737980149995274240","797920307284934697","0","F","S","S","F","B","F","D","",""
"vhw4792","56350","1","Vilma Thorne","Karakuri Circus","2","Fri, 18 Aug 2023 10:40:34 GMT","1692355234025","2","","","","No","No","","","1","0","2","737980149995274240","737980149995274240","797920307284934697","1","F","S","S","S","F","F","D","",""
"vhwz76x","51133","1","Lesser Dragon","Yu-Gi-Oh! Duel Monsters","1","Fri, 18 Aug 2023 10:03:57 GMT","1692353037310","1","","","","No","No","","","1","0","1","924336354811334676","924336354811334676","797920307284934697","0","F","S","F","F","D","F","C","",""
"vhw4mbb","55792","1","Gestapo Officer","The Trapp Family Story","3","Fri, 18 Aug 2023 10:02:38 GMT","1692352958548","3","","","","No","No","","","2","0","3","737980149995274240","737980149995274240","797920307284934697","1","F","S","S","S","A","F","D","",""
"vhwkxp7","56323","1","Tomoka Tokura","Junji Ito Collection","2","Fri, 18 Aug 2023 01:04:08 GMT","1692320648094","3","","","","No","No","","","1","0","2","737980149995274240","737980149995274240","797920307284934697","1","F","S","S","S","F","F","D","",""
"vhwk6t4","53066","1","Hulun","Gundam Build Divers Re:RISE","3","Fri, 18 Aug 2023 00:51:21 GMT","1692319881981","7","","","","No","No","","","1","0","3","924336354811334676","924336354811334676","797920307284934697","4","F","S","F","F","F","F","D","",""
"vhwk6tz","56130","1","Soichiro","Maison Ikkoku","2","Fri, 18 Aug 2023 00:48:52 GMT","1692319732378","3","","","","No","No","","","1","0","2","924336354811334676","737980149995274240","797920307284934697","1","F","S","S","F","A","F","D","",""
"vhw23mp","56017","1","Wholesaler","Skull-face Bookseller Honda-san","2","Thu, 17 Aug 2023 23:25:54 GMT","1692314754871","2","","","","No","No","","","1","0","2","737980149995274240","737980149995274240","797920307284934697","1","F","S","S","S","A","F","D","",""
"vhwhljl","29472","1","Duke Henri Salvator de Guéméné","The Rose of Versailles","2","Thu, 17 Aug 2023 22:43:24 GMT","1692312204504","1","","","","No","No","","","1","0","2","737980149995274240","737980149995274240","797920307284934697","0","F","S","S","S","B","F","D","",""
"vhwhggj","30273","1","Ban","Edens Zero","3","Thu, 17 Aug 2023 22:13:53 GMT","1692310433760","6","","","","No","No","","","0","0","3","","737980149995274240","797920307284934697","4","F","S","S","F","B","F","C","",""
"vhw2pnv","55836","1","Kamijiro","One Piece","1","Thu, 17 Aug 2023 21:50:23 GMT","1692309023392","5","","","","No","No","","","0","0","1","924336354811334676","737980149995274240","797920307284934697","1","F","S","S","F","B","F","D","",""
"vhwh5jq","56134","1","Moominpappa","Delightful Moomin Family","1","Thu, 17 Aug 2023 21:38:24 GMT","1692308304018","4","","","","No","No","","","1","0","1","","737980149995274240","797920307284934697","1","F","S","S","F","F","F","D","",""
"vhwqlxz","56086","1","Pochi's Mother","Kyo Kara Maoh!","1","Thu, 17 Aug 2023 21:29:39 GMT","1692307779127","1","","","","No","No","","","1","1","1","737980149995274240","924336354811334676","797920307284934697","0","F","S","F","S","B","D","D","",""
"vhwqlx1","56179","1","Sora's Grandfather",".hack//The Movie","2","Thu, 17 Aug 2023 21:28:22 GMT","1692307702496","1","","","","No","No","","","0","0","2","737980149995274240","737980149995274240","797920307284934697","0","F","S","S","S","C","F","D","",""
"vhwh06g","56132","1","Chaiko Ko Chanko Dodosukoi","Pankis! 2-jigen","2","Thu, 17 Aug 2023 21:15:29 GMT","1692306929621","2","","","","No","No","","","0","0","2","924336354811334676","737980149995274240","797920307284934697","1","F","S","S","F","C","F","D","",""
"vhwhnl6","56123","1","Rutto","Mon Colle Knights","2","Thu, 17 Aug 2023 21:02:59 GMT","1692306179988","2","","","","No","No","","","0","0","2","","737980149995274240","797920307284934697","1","F","S","S","F","F","F","D","",""
"vhwhlnt","56532","1","Cho Hakkai","Time Bokan 24","2","Thu, 17 Aug 2023 20:51:46 GMT","1692305506594","1","","","","No","No","","","0","0","2","","737980149995274240","797920307284934697","0","F","S","S","F","F","F","D","",""
"vhwq6nf","55901","1","Vector","Inazuma Eleven x Despicable Me","2","Thu, 17 Aug 2023 20:41:10 GMT","1692304870589","41","","","","No","No","","","33","0","2","","688687114128588823","797920307284934697","20","F","S","F","F","B","F","D","",""
"vhwq11z","55945","1","Gorilla","Cromartie High School","4","Thu, 17 Aug 2023 20:19:44 GMT","1692303584900","23","","","","No","No","","","1","0","4","737980149995274240","924336354811334676","797920307284934697","13","F","S","F","S","F","F","D","",""
"vhw08gd","26728","1","Luciella","Epic Seven","2","Thu, 17 Aug 2023 20:13:56 GMT","1692303236485","25","","","","No","No","","","2","0","2","924336354811334676","737980149995274240","797920307284934697","14","F","S","S","F","A","F","C","",""
"vh2dllh","55939","1","Breeze","Oseam","3","Thu, 17 Aug 2023 20:02:30 GMT","1692302550256","10","","","","No","No","","","1","0","3","775789016389124096","924336354811334676","797920307284934697","5","F","S","F","F","B","F","D","",""
"vh2ddj4","55980","1","Mole","Lily to Kaeru to (Otouto)","3","Thu, 17 Aug 2023 19:59:13 GMT","1692302353973","4","","","","No","No","","","1","0","3","924336354811334676","924336354811334676","797920307284934697","1","F","S","F","F","A","F","D","",""
"vh26dk4","56025","1","The Fish of Darkness","One-Punch Man: Road to Hero","2","Thu, 17 Aug 2023 19:56:25 GMT","1692302185043","8","","","","No","No","","","1","0","2","","688687114128588823","797920307284934697","4","F","S","F","F","F","F","D","",""
"vhwq32s","56619","1","Robot","Rain Town","1","Thu, 17 Aug 2023 19:55:15 GMT","1692302115635","1","","","","No","No","","","1","0","1","1058805575317733477","924336354811334676","797920307284934697","0","F","S","F","F","F","F","D","",""
"vhwqb9q","55984","1","Escargoon","Kirby: Right Back at Ya!","3","Thu, 17 Aug 2023 19:53:20 GMT","1692302000366","9","","","","No","No","","","6","0","3","924336354811334676","924336354811334676","797920307284934697","4","F","S","F","F","A","F","D","",""
"vhw0hsd","25146","2","Mutant Ant","Solo Leveling","2","Thu, 17 Aug 2023 19:47:59 GMT","1692301679074","28","","","","No","No","","","1","0","2","","737980149995274240","797920307284934697","14","F","S","S","F","F","F","C","",""
"vhwqwr1","50989","1","Giant Rex","Yu-Gi-Oh! Duel Monsters","0","Thu, 17 Aug 2023 19:43:48 GMT","1692301428348","1","","","","No","No","","","1","0","0","","688687114128588823","797920307284934697","0","F","S","F","F","B","F","C","",""
"vhw0mjk","55857","1","Shouichirou Murakami","Ao Oni the Animation Movie","0","Thu, 17 Aug 2023 19:22:54 GMT","1692300174940","1","","","","No","No","","","1","0","0","737980149995274240","737980149995274240","797920307284934697","0","F","S","S","S","B","F","D","",""
"vhwvhkm","55938","1","Dog","91 Days","2","Thu, 17 Aug 2023 18:43:37 GMT","1692297817083","5","","","","No","No","","","1","0","2","","737980149995274240","797920307284934697","1","F","S","S","F","F","F","D","",""
"vhwmx6z","44454","1","Ganishka","Berserk","3","Thu, 17 Aug 2023 18:10:27 GMT","1692295827896","16","","","","No","No","","","1","0","3","688687114128588823","737980149995274240","797920307284934697","9","F","S","S","F","A","F","C","",""
"vh2c6f9","949","2","Tenmokuya","Revenger","2","Thu, 17 Aug 2023 17:38:45 GMT","1692293925957","14","","","","No","No","","","0","0","2","","737980149995274240","797920307284934697","10","F","S","S","F","B","F","A","",""
"vhwvk7f","55983","1","Li'l Malbuddy","Kingsglaive: Final Fantasy XV - Fan Kansha Tokubetsu Movie","0","Thu, 17 Aug 2023 17:13:54 GMT","1692292434497","1","","","","No","No","","","1","0","0","924336354811334676","737980149995274240","797920307284934697","0","F","S","S","F","F","F","D","",""
"vhwmttj","55993","1","Yogurti","Moyashimon","1","Thu, 17 Aug 2023 17:02:21 GMT","1692291741467","1","","","","No","No","","","1","0","1","688687114128588823","737980149995274240","797920307284934697","0","F","S","S","F","A","F","D","",""
"vh24skt","56106","1","Meguru","Dragon Drive","3","Thu, 17 Aug 2023 16:57:33 GMT","1692291453205","3","","","","No","No","","","0","0","3","","924336354811334676","797920307284934697","1","F","S","F","F","F","F","D","",""
"vhwmwx9","46072","1","Sinbad","Doraemon: Nobita in Dorabian Nights","1","Thu, 17 Aug 2023 16:51:06 GMT","1692291066948","1","","","","No","No","","","1","0","1","737980149995274240","737980149995274240","797920307284934697","0","F","S","S","S","A","F","C","",""
"vh26n7q","55793","1","Pear","Futari wa Precure Max Heart: The Movie","2","Thu, 17 Aug 2023 16:48:30 GMT","1692290910149","6","","","","No","No","","","1","0","2","924336354811334676","924336354811334676","797920307284934697","4","F","S","F","F","B","F","D","",""
"vh2c200","7632","4","Nezha","Fate/Grand Order","3","Thu, 17 Aug 2023 16:20:25 GMT","1692289225789","91","","","","No","No","","","2","0","3","","737980149995274240","797920307284934697","49","F","S","S","F","B","F","C","",""
"vh26j3q","56062","1","Count Cagliostro","Lupin III: Castle of Cagliostro","1","Thu, 17 Aug 2023 15:12:56 GMT","1692285176326","1","","","","No","No","","","1","0","1","737980149995274240","737980149995274240","797920307284934697","0","F","S","S","S","A","F","D","",""
"vh2xgwc","56384","1","Kataka","Magical Angel Creamy Mami","3","Thu, 17 Aug 2023 14:01:40 GMT","1692280900183","1","","","","No","No","","","0","0","3","","737980149995274240","797920307284934697","0","F","S","S","F","F","F","D","",""
"vh2xlft","15683","2","13","Dorohedoro","2","Thu, 17 Aug 2023 13:34:35 GMT","1692279275613","17","","","","No","No","","","3","0","2","","737980149995274240","797920307284934697","8","F","S","S","F","F","F","C","",""
"vh2s28z","53799","1","Sword Arm of Dragon","Yu-Gi-Oh! Duel Monsters","3","Thu, 17 Aug 2023 13:17:33 GMT","1692278253429","9","","","","No","No","","","1","0","3","737980149995274240","737980149995274240","797920307284934697","4","F","S","S","S","B","F","D","",""
"vh27j3c","56445","1","Big","Tayo the Little Bus","1","Thu, 17 Aug 2023 10:27:53 GMT","1692268073747","3","","","","No","No","","","2","0","1","737980149995274240","737980149995274240","797920307284934697","1","F","S","S","S","S","F","D","",""
"vh2g0n2","27142","2","Avalo Pizarro","One Piece","1","Thu, 17 Aug 2023 00:41:52 GMT","1692232912931","15","","","","No","No","","","1","0","1","737980149995274240","737980149995274240","797920307284934697","9","F","S","S","S","S","F","C","",""
"vh2rz8v","55836","1","Miharu Sakanoue","Phi Brain: Kami no Puzzle","3","Thu, 17 Aug 2023 00:11:15 GMT","1692231075667","4","","","","No","No","","","0","0","3","737980149995274240","737980149995274240","797920307284934697","1","F","S","S","S","A","F","D","",""
"vh2rhwp","5671","3","Red's Charizard","Pokémon Origins","2","Wed, 16 Aug 2023 22:54:55 GMT","1692226495774","54","","","","No","No","","","9","0","2","737980149995274240","737980149995274240","797920307284934697","34","F","S","S","S","A","F","C","",""
"vh2r3df","14557","2","Sanada Mai","Yakuza 5","2","Wed, 16 Aug 2023 22:36:50 GMT","1692225410438","20","","","","No","No","","","1","0","2","924336354811334676","737980149995274240","797920307284934697","13","F","S","S","F","B","F","C","",""
"vh24mcs","45760","1","Vincent","The Promised Neverland","1","Wed, 16 Aug 2023 19:43:26 GMT","1692215006155","4","","","","No","No","","","1","0","1","737980149995274240","737980149995274240","797920307284934697","1","F","S","S","S","B","F","C","",""
"vh2293v","56727","1","Sakuraba","Re: Hamatora","3","Wed, 16 Aug 2023 10:54:50 GMT","1692183290830","2","","","","No","No","","","0","0","3","737980149995274240","737980149995274240","797920307284934697","1","F","S","S","S","C","F","D","",""