"code","number","edition","character","series","quality","obtainedDate","obtainedTimestamp","burnValue","dye.code","dye.name","frame","morphed","trimmed","tag","alias","wishlists","fights","dropQuality","dropper","grabber","guild","worker.effort","worker.style","worker.purity","worker.grabber","worker.dropper","worker.quickness","worker.toughness","worker.vanity","worker.recoveryDate","worker.recoveryTimestamp"
"v4tqz8x","1043","7","Ginko","Mushishi","2","Fri, 14 Mar 2025 16:30:52 GMT","1741969852672","62","","","","No","No","","","55","0","2","924336354811334676","924336354811334676","797920307284934697","36","F","S","S","S","A","F","D","",""
"v4ffcvc","72807","1","Shinma Maji-Kan","Vampire Princess Miyu TV","3","Sat, 08 Mar 2025 13:13:12 GMT","1741439592397","3","","","","No","No","","","0","0","3","924336354811334676","924336354811334676","797920307284934697","1","F","S","S","S","C","F","D","",""
"v4ff765","19950","2","Airu Suzaki","Digimon Xros Wars: Toki o Kakeru Shounen Hunter-tachi","4","Sat, 08 Mar 2025 11:25:05 GMT","1741433105241","59","","","","No","No","","","0","0","4","924336354811334676","924336354811334676","797920307284934697","33","F","S","S","S","B","F","D","",""
"v4fg83p","11596","4","Shido Itsuka","Date a Live","2","Sat, 08 Mar 2025 09:41:01 GMT","1741426861234","47","","","","No","No","","","23","0","2","924336354811334676","924336354811334676","797920307284934697","23","F","S","S","S","D","F","D","",""
"v49h012","73099","1","Vortmann","The Trapp Family Story","2","Tue, 04 Mar 2025 17:02:14 GMT","1741107734660","1","","","","No","No","","","0","0","2","924336354811334676","924336354811334676","797920307284934697","0","F","S","S","S","F","F","D","",""
"v438g49","9389","1","Smile","Luminous Witches","3","Sat, 01 Mar 2025 15:27:27 GMT","1740842847444","14","","","","No","No","","","0","0","3","924336354811334676","1258103469164728365","797920307284934697","6","F","S","F","S","F","F","D","",""
"v438g4g","72993","1","Pell","Dragon Ball Super","1","Sat, 01 Mar 2025 15:26:43 GMT","1740842803562","3","","","","No","No","","","1","0","1","924336354811334676","924336354811334676","797920307284934697","1","F","S","S","S","A","F","D","",""
"v4jpqdq","72696","1","Haruma Nakakouji","STARMYU 2","1","Thu, 13 Feb 2025 12:57:33 GMT","1739451453930","1","","","","No","No","","","0","0","1","924336354811334676","924336354811334676","797920307284934697","0","F","S","S","S","A","F","D","",""
"v4jzwb5","1915","1","Beast Child","Suicide Squad Isekai","2","Thu, 13 Feb 2025 11:24:07 GMT","1739445847488","12","","","","No","No","","","0","0","2","924336354811334676","924336354811334676","797920307284934697","6","F","S","S","S","A","F","C","",""
"v4bntqq","72654","1","Ryokubirou","Hakumei and Mikochi","2","Tue, 11 Feb 2025 07:03:25 GMT","1739257405395","2","","","","No","No","","","0","0","2","924336354811334676","924336354811334676","797920307284934697","1","F","S","S","S","B","F","D","",""
"v4bj0cz","72425","1","Chitei Majin","Puri Puri Chii-chan!!","2","Tue, 11 Feb 2025 05:03:30 GMT","1739250210971","3","","","","No","No","","","1","0","2","924336354811334676","924336354811334676","797920307284934697","1","F","S","S","S","A","F","D","",""
"v409r80","41109","2","Brita","Darker than Black","4","Sun, 26 Jan 2025 19:15:55 GMT","1737918955074","64","","","","No","No","","","0","0","4","924336354811334676","924336354811334676","797920307284934697","35","F","S","S","S","B","F","D","",""
"v4v5818","18730","3","Shingen Kishitani","Durarara!! X2","3","Thu, 23 Jan 2025 14:03:09 GMT","1737640989326","41","","","","No","No","","","2","0","3","924336354811334676","924336354811334676","797920307284934697","20","F","S","S","S","F","F","D","",""
"v4v5f0s","6585","5","Sumipanda","Selection Project","2","Thu, 23 Jan 2025 13:13:54 GMT","1737638034725","25","","","","No","No","","","2","0","2","924336354811334676","924336354811334676","797920307284934697","14","F","S","S","S","A","F","D","",""
"v4ms17c","37469","1","Silkyria Eyu La Safayena","Epic Seven","2","Wed, 22 Jan 2025 16:11:00 GMT","1737562260937","18","","","","No","No","","","1","0","2","924336354811334676","924336354811334676","797920307284934697","13","F","S","S","S","A","F","D","",""
"v4m8gx7","2530","3","Blurin's Father","The Wrong Way to Use Healing Magic","4","Wed, 22 Jan 2025 06:30:30 GMT","1737527430586","108","","","","No","No","","","1","0","4","924336354811334676","924336354811334676","797920307284934697","63","F","S","S","S","A","F","D","",""
"vzcr102","67851","1","Dry Fairy","Bai Yao Pu","4","Sun, 19 Jan 2025 10:01:41 GMT","1737280901280","19","","","","No","No","","","1","0","4","924336354811334676","924336354811334676","797920307284934697","13","F","S","S","S","B","F","D","",""
"vz71c13","25411","3","Mango Pudding","Food Fantasy","2","Tue, 07 Jan 2025 15:34:27 GMT","1736264067159","36","","","","No","No","","","1","0","2","924336354811334676","924336354811334676","797920307284934697","19","F","S","S","S","A","F","D","",""
"vzt7s8r","71428","1","Puppy","Elfen Lied","2","Mon, 06 Jan 2025 06:07:41 GMT","1736143661651","10","","","","No","No","","","1","0","2","924336354811334676","924336354811334676","797920307284934697","6","F","S","S","S","A","F","D","",""
"vztwknh","71735","1","Lou","Wish Me Mell","2","Sat, 04 Jan 2025 23:33:46 GMT","1736033626110","5","","","","No","No","","","1","0","2","924336354811334676","924336354811334676","797920307284934697","1","F","S","S","S","A","F","D","",""
"vz8fvqq","41882","2","Morisawa Riko","Soukou Musume Senki","2","Fri, 03 Jan 2025 19:24:37 GMT","1735932277864","21","","","","No","No","","","1","0","2","924336354811334676","924336354811334676","797920307284934697","13","F","S","S","S","A","F","D","",""
"vzlbhjt","71911","1","Hibiki Kuze","Devil Survivor 2: The Animation","2","Tue, 31 Dec 2024 19:46:17 GMT","1735674377013","8","","","","No","No","","","2","0","2","924336354811334676","924336354811334676","797920307284934697","4","F","S","S","S","B","F","D","",""
"vzf76px","25257","2","Wonderweiss Margera","Bleach","3","Mon, 30 Dec 2024 19:40:02 GMT","1735587602250","65","","","","No","No","","","2","0","3","924336354811334676","924336354811334676","797920307284934697","36","F","S","S","S","S","F","D","",""
"vzf9m00","3794","6","Mio Naruse","The Testament of Sister New Devil","4","Mon, 30 Dec 2024 11:17:56 GMT","1735557476124","292","","","","No","No","","","167","0","4","924336354811334676","924336354811334676","797920307284934697","161","F","S","S","S","A","F","D","",""
"vz9lgpl","3774","3","Lasagna","Food Fantasy","2","Sat, 28 Dec 2024 12:19:47 GMT","1735388387499","37","","","","No","No","","","3","0","2","924336354811334676","924336354811334676","797920307284934697","20","F","S","S","S","A","F","D","",""
"vz92s2h","25787","3","Souei","That Time I Got Reincarnated as a Slime","3","Fri, 27 Dec 2024 10:26:48 GMT","1735295208547","108","","","","No","No","","","46","0","3","924336354811334676","924336354811334676","797920307284934697","59","F","S","S","S","A","F","D","",""
"vzg7gcr","42987","2","Shoot McMahon","Hunter x Hunter (2011)","2","Thu, 26 Dec 2024 16:49:16 GMT","1735231756789","34","","","","No","No","","","3","0","2","688687114128588823","688687114128588823","797920307284934697","18","F","S","F","F","S","F","D","",""
"vzgj53w","20139","2","Kid Buu","Dragon Ball Z","4","Wed, 25 Dec 2024 14:42:19 GMT","1735137739437","218","","","","No","No","","","53","0","4","924336354811334676","924336354811334676","797920307284934697","120","F","S","S","S","A","F","D","",""
"vz3cfj9","71653","1","Cool","Monster Hunter Stories: RIDE ON","1","Tue, 24 Dec 2024 21:14:48 GMT","1735074888891","4","","","","No","No","","","1","0","1","924336354811334676","924336354811334676","797920307284934697","1","F","S","S","S","A","F","D","",""
"vz3xjq7","70883","1","Makoto's Mother","Danganronpa: The Animation","4","Tue, 24 Dec 2024 16:21:50 GMT","1735057310283","68","","","","No","No","","","1","0","4","924336354811334676","924336354811334676","797920307284934697","38","F","S","S","S","A","F","D","",""
"vz3js3q","6360","1","Sand Land Officer Hologram","The Kingdoms of Ruin","3","Mon, 23 Dec 2024 16:36:18 GMT","1734971778739","7","","","","No","No","","","0","0","3","924336354811334676","924336354811334676","797920307284934697","4","F","S","S","S","A","F","D","",""
"vz356gb","71365","1","Daino","Pipopapo Patrol-kun","2","Mon, 23 Dec 2024 11:58:19 GMT","1734955099328","2","","","","No","No","","","1","0","2","924336354811334676","924336354811334676","797920307284934697","1","F","S","S","S","A","F","D","",""
"vzrljn8","71242","1","Gegegaga","Working Buddies! No 2!","2","Sun, 22 Dec 2024 07:05:33 GMT","1734851133418","6","","","","No","No","","","1","0","2","924336354811334676","924336354811334676","797920307284934697","4","F","S","S","S","A","F","D","",""
"vzrp8f2","71091","1","Forkas Rachmaninorr","Beelzebub","2","Sat, 21 Dec 2024 21:05:54 GMT","1734815154964","5","","","","No","No","","","1","0","2","924336354811334676","924336354811334676","797920307284934697","1","F","S","S","S","A","F","D","",""
"vzrzvq1","71657","1","Ken Nishida","Insufficient Direction","0","Sat, 21 Dec 2024 17:51:15 GMT","1734803475713","1","","","","No","No","","","0","0","0","924336354811334676","924336354811334676","797920307284934697","0","F","S","S","S","B","F","D","",""
"vzrbspl","55349","1","Gunpyou Yagura","Don't Toy with Me, Miss Nagatoro","0","Sat, 21 Dec 2024 10:21:02 GMT","1734776462518","4","","","","No","No","","","1","0","0","924336354811334676","924336354811334676","797920307284934697","1","F","S","S","S","A","F","D","",""
"vzr58r4","71553","1","Kanade Tsukishiro","Tsukiuta. The Animation","1","Sat, 21 Dec 2024 09:20:57 GMT","1734772857448","1","","","","No","No","","","0","0","1","924336354811334676","924336354811334676","797920307284934697","0","F","S","S","S","A","F","D","",""
"vzrqz65","71032","1","Tamako","RIN-NE","4","Sat, 21 Dec 2024 00:04:56 GMT","1734739496062","20","","","","No","No","","","0","0","4","924336354811334676","924336354811334676","797920307284934697","13","F","S","S","S","B","F","D","",""
"vzrqk4k","70906","1","Chappie","Kachou no Koi","3","Fri, 20 Dec 2024 22:13:29 GMT","1734732809748","10","","","","No","No","","","1","0","3","924336354811334676","924336354811334676","797920307284934697","5","F","S","S","S","A","F","D","",""
"vzpxvgv","71216","1","Naomi","Majestic Prince","3","Fri, 20 Dec 2024 12:11:22 GMT","1734696682000","5","","","","No","No","","","0","0","3","924336354811334676","924336354811334676","797920307284934697","1","F","S","S","S","C","F","D","",""
"vzp7r8f","70887","1","Shingo Tsukino","Sailor Moon","2","Fri, 20 Dec 2024 09:52:58 GMT","1734688378472","7","","","","No","No","","","1","0","2","924336354811334676","924336354811334676","797920307284934697","4","F","S","S","S","A","F","D","",""
"vzpg317","70966","1","Nagisa Kurihara","Sketchbook ~full color's~","0","Thu, 19 Dec 2024 21:18:50 GMT","1734643130845","1","","","","No","No","","","0","0","0","924336354811334676","924336354811334676","797920307284934697","0","F","S","S","S","A","F","D","",""
"vzp4mfx","28893","1","Rosencrantz","Summer Time Rendering","4","Thu, 19 Dec 2024 15:30:38 GMT","1734622238915","20","","","","No","No","","","1","0","4","924336354811334676","924336354811334676","797920307284934697","13","F","S","S","S","A","F","D","",""
"vzp189c","4627","5","Ginger","Urusei Yatsura","2","Thu, 19 Dec 2024 14:18:30 GMT","1734617910723","31","","","","No","No","","","1","0","2","924336354811334676","924336354811334676","797920307284934697","19","F","S","S","S","B","F","D","",""
"vzp1dqd","71377","1","Falke 2-Sei","ACCA: 13-Territory Inspection Dept.","2","Thu, 19 Dec 2024 13:01:38 GMT","1734613298302","1","","","","No","No","","","1","0","2","924336354811334676","924336354811334676","797920307284934697","0","F","S","S","S","B","F","D","",""
"vzp1w87","71479","1","Orange Cat","Neko Konogoro","1","Thu, 19 Dec 2024 11:15:48 GMT","1734606948143","4","","","","No","No","","","1","0","1","924336354811334676","924336354811334676","797920307284934697","1","F","S","S","S","A","F","D","",""
"vzpvpv0","14174","4","Haru Takimi","Saki: The Nationals","4","Wed, 18 Dec 2024 17:01:11 GMT","1734541271406","117","","","","No","No","","","1","0","4","924336354811334676","924336354811334676","797920307284934697","61","F","S","S","S","B","F","D","",""
"vz4cb8g","71349","1","Captain Hoo-Kun","Naked Wolves","1","Wed, 18 Dec 2024 14:19:27 GMT","1734531567777","1","","","","No","No","","","0","0","1","924336354811334676","924336354811334676","797920307284934697","0","F","S","S","S","C","F","D","",""
"vz4bpmr","70333","1","Arden","The Seven Deadly Sins: Revival of the Commandments","2","Tue, 17 Dec 2024 05:49:57 GMT","1734414597477","10","","","","No","No","","","1","0","2","924336354811334676","924336354811334676","797920307284934697","5","F","S","S","S","B","F","D","",""
"vzzj06p","70753","1","Golden Toast","Yeastken","1","Sun, 15 Dec 2024 08:20:47 GMT","1734250847047","7","","","","No","No","","","3","0","1","924336354811334676","924336354811334676","797920307284934697","4","F","S","S","S","B","F","D","",""
"vzzhh3l","25979","3","Kaname Sudou","Darwin's Game","2","Sat, 14 Dec 2024 21:39:07 GMT","1734212347949","28","","","","No","No","","","14","0","2","924336354811334676","924336354811334676","797920307284934697","15","F","S","S","S","B","F","D","",""
"vzzv4d0","26011","2","Mitsuhide Rouen","Snow White with the Red Hair","2","Sat, 14 Dec 2024 19:20:29 GMT","1734204029625","22","","","","No","No","","","4","0","2","924336354811334676","924336354811334676","797920307284934697","13","F","S","S","S","C","F","D","",""
"vz1xnnz","513","7","Chrom","Fire Emblem Awakening","0","Sat, 14 Dec 2024 10:57:44 GMT","1734173864623","16","","","","No","No","","","45","0","0","924336354811334676","924336354811334676","797920307284934697","9","F","S","S","S","A","F","B","",""
"vz14b5k","70934","1","Felipe","Crayon Shin-chan","3","Fri, 13 Dec 2024 16:08:26 GMT","1734106106133","4","","","","No","No","","","2","0","3","924336354811334676","924336354811334676","797920307284934697","1","F","S","S","S","B","F","D","",""
"vz1jq9n","71041","1","Emperor Il","Yona of the Dawn","2","Fri, 13 Dec 2024 06:25:04 GMT","1734071104005","2","","","","No","No","","","1","0","2","924336354811334676","924336354811334676","797920307284934697","1","F","S","S","S","B","F","D","",""
"vz158pk","70932","1","Pollock","Battle Spirits: Saikyou Ginga Ultimate Zero","4","Fri, 13 Dec 2024 05:35:14 GMT","1734068114542","8","","","","No","No","","","0","0","4","924336354811334676","924336354811334676","797920307284934697","4","F","S","S","S","B","F","D","",""
"vz1q4gp","70826","1","Mystic Whale","Tsubasa Reservoir Chronicle","2","Thu, 12 Dec 2024 20:44:56 GMT","1734036296286","3","","","","No","No","","","0","0","2","924336354811334676","924336354811334676","797920307284934697","1","F","S","S","S","A","F","D","",""
"vz1v4z3","70608","1","Salt","Non Non Biyori","3","Thu, 12 Dec 2024 19:43:57 GMT","1734032637801","16","","","","No","No","","","3","0","3","924336354811334676","924336354811334676","797920307284934697","8","F","S","S","S","A","F","D","",""
"vz1mcwd","70562","1","Sakura","Walkure Romanze","3","Thu, 12 Dec 2024 18:32:24 GMT","1734028344793","11","","","","No","No","","","1","0","3","924336354811334676","924336354811334676","797920307284934697","5","F","S","S","S","C","F","D","",""
"vzn3655","71002","1","Skiddo","Pokémon XY","1","Wed, 11 Dec 2024 20:17:52 GMT","1733948272114","6","","","","No","No","","","2","0","1","924336354811334676","924336354811334676","797920307284934697","4","F","S","S","S","B","F","D","",""
"vzn31p9","71137","1","Wara-chan","Kaidan Restaurant","2","Wed, 11 Dec 2024 19:42:14 GMT","1733946134649","2","","","","No","No","","","1","0","2","924336354811334676","924336354811334676","797920307284934697","1","F","S","S","S","B","F","D","",""
"vzn4kp0","70663","1","Giselle","GATE (2016)","2","Wed, 11 Dec 2024 16:53:30 GMT","1733936010801","6","","","","No","No","","","1","0","2","924336354811334676","924336354811334676","797920307284934697","4","F","S","S","S","B","F","D","",""
"vznn6l3","6369","5","Honma Himawari","Nijisanji","1","Wed, 11 Dec 2024 10:42:25 GMT","1733913745158","23","","","","No","No","","","3","0","1","924336354811334676","924336354811334676","797920307284934697","14","F","S","S","S","A","F","D","",""
"vznn76h","540","7","Soketto","KonoSuba: God's blessing on this wonderful world! Legend of Crimson","4","Wed, 11 Dec 2024 09:31:27 GMT","1733909487778","221","","","","No","No","","","1","0","4","924336354811334676","924336354811334676","797920307284934697","138","F","S","S","S","A","F","B","",""
"vzn59c3","39256","1","Cheryl's Chansey","Pokémon Generations","3","Wed, 11 Dec 2024 06:45:31 GMT","1733899531231","32","","","","No","No","","","1","0","3","924336354811334676","924336354811334676","797920307284934697","18","F","S","S","S","A","F","D","",""
"vznb8bw","70824","1","Yusuke Urasawa","Noragami","2","Wed, 11 Dec 2024 05:27:59 GMT","1733894879174","8","","","","No","No","","","1","0","2","924336354811334676","924336354811334676","797920307284934697","4","F","S","S","S","B","F","D","",""
"vzn035m","70719","1","Cafe","Ocha-ken: Chokotto Monogatari","2","Tue, 10 Dec 2024 20:56:13 GMT","1733864173258","4","","","","No","No","","","1","0","2","924336354811334676","924336354811334676","797920307284934697","1","F","S","S","S","A","F","D","",""
"vznvptt","3386","3","Deviled Egg","Food Fantasy","2","Tue, 10 Dec 2024 19:35:47 GMT","1733859347226","37","","","","No","No","","","3","0","2","924336354811334676","924336354811334676","797920307284934697","21","F","S","S","S","A","F","C","",""
"vzjdv90","66464","1","Ken Dakekanba","Food Wars! The Fifth Plate","4","Tue, 10 Dec 2024 04:57:59 GMT","1733806679229","18","","","","No","No","","","0","0","4","924336354811334676","924336354811334676","797920307284934697","13","F","S","S","S","B","F","D","",""
"vzj9ckp","71017","1","Moonlight Knight","Sailor Moon R","2","Mon, 09 Dec 2024 21:24:15 GMT","1733779455731","6","","","","No","No","","","1","0","2","924336354811334676","924336354811334676","797920307284934697","4","F","S","S","S","D","F","D","",""
"vzj9fb4","70597","1","Sandaime","Bodacious Space Pirates","3","Mon, 09 Dec 2024 20:41:50 GMT","1733776910358","2","","","","No","No","","","0","0","3","924336354811334676","924336354811334676","797920307284934697","1","F","S","S","S","B","F","D","",""
"vzjg2zj","5954","5","Kakashi Hatake","Naruto","2","Mon, 09 Dec 2024 18:27:35 GMT","1733768855412","87","","","","No","No","","","1059","0","2","924336354811334676","924336354811334676","797920307284934697","49","F","S","S","S","A","F","D","",""
"vzjrfrx","70551","1","Rassei","High School DxD","1","Mon, 09 Dec 2024 16:06:16 GMT","1733760376661","5","","","","No","No","","","1","0","1","924336354811334676","924336354811334676","797920307284934697","1","F","S","S","S","A","F","D","",""
"vzjn89d","70624","1","Crystal Cat","Kirakira Precure a la Mode","3","Mon, 09 Dec 2024 07:39:45 GMT","1733729985032","17","","","","No","No","","","1","0","3","924336354811334676","924336354811334676","797920307284934697","8","F","S","S","S","A","F","D","",""
"vzjj69z","70717","1","M'Quve","Hellsing Ultimate","2","Mon, 09 Dec 2024 06:11:14 GMT","1733724674362","5","","","","No","No","","","1","0","2","924336354811334676","924336354811334676","797920307284934697","1","F","S","S","S","B","F","D","",""
"vzj21p8","70505","1","Ottimo","Kawauso Labo","2","Sun, 08 Dec 2024 21:42:06 GMT","1733694126497","7","","","","No","No","","","1","0","2","924336354811334676","924336354811334676","797920307284934697","4","F","S","S","S","B","F","D","",""
"vzjq62g","70536","1","Buyon","Dragon Ball","0","Sun, 08 Dec 2024 20:04:11 GMT","1733688251627","1","","","","No","No","","","1","0","0","924336354811334676","924336354811334676","797920307284934697","0","F","S","S","S","A","F","D","",""
"vzjqbsw","71076","1","Gumi","Kuromajo-san ga Tooru!!","2","Sun, 08 Dec 2024 18:47:17 GMT","1733683637365","4","","","","No","No","","","1","0","2","924336354811334676","924336354811334676","797920307284934697","1","F","S","S","S","C","F","D","",""
"vzjm3br","17532","3","Ethan","Star Wars: Visions","4","Sun, 08 Dec 2024 15:24:51 GMT","1733671491335","84","","","","No","No","","","2","0","4","924336354811334676","924336354811334676","797920307284934697","45","F","S","S","S","A","F","D","",""
"vzbxr0l","70473","1","Ison Ho","Alderamin on the Sky","3","Sun, 08 Dec 2024 08:38:28 GMT","1733647108206","3","","","","No","No","","","0","0","3","924336354811334676","924336354811334676","797920307284934697","1","F","S","S","S","B","F","D","",""
"vzb87d6","14004","4","Nadia","Deep Insanity: The Lost Child","3","Sun, 08 Dec 2024 01:03:06 GMT","1733619786071","52","","","","No","No","","","1","0","3","924336354811334676","924336354811334676","797920307284934697","28","F","S","S","S","B","F","D","",""
"vzbthz5","659","5","Azucena Ortiz","Tekken 8","2","Sun, 08 Dec 2024 00:02:05 GMT","1733616125160","56","","","","No","No","","","13","0","2","","924336354811334676","797920307284934697","31","F","S","S","F","A","F","C","",""
"vzb9tcc","69476","1","Yoroi Musha","My Hero Academia 4","3","Sat, 07 Dec 2024 19:21:28 GMT","1733599288571","25","","","","No","No","","","1","0","3","924336354811334676","924336354811334676","797920307284934697","14","F","S","S","S","B","F","D","",""
"vzbgwht","70891","1","Miyuu","Kyoto Animation CM: Ajisai-hen","4","Sat, 07 Dec 2024 17:34:58 GMT","1733592898283","18","","","","No","No","","","0","0","4","924336354811334676","924336354811334676","797920307284934697","11","F","S","S","S","C","F","D","",""
"vzb35m4","15704","3","Alan Lee","Mobile Fighter G Gundam","3","Sat, 07 Dec 2024 15:01:56 GMT","1733583716929","25","","","","No","No","","","1","0","3","924336354811334676","924336354811334676","797920307284934697","14","F","S","S","S","A","F","D","",""
"vzbr8f7","2424","6","Unsen","Kubo Won't Let Me Be Invisible","2","Sat, 07 Dec 2024 12:39:43 GMT","1733575183170","26","","","","No","No","","","1","0","2","924336354811334676","924336354811334676","797920307284934697","16","F","S","S","S","B","F","D","",""
"vzbk28z","71097","1","Albert Chamomile","Negima!","3","Fri, 06 Dec 2024 20:42:26 GMT","1733517746718","10","","","","No","No","","","1","0","3","924336354811334676","924336354811334676","797920307284934697","6","F","S","S","S","A","F","D","",""
"vz5c09h","70804","1","Balding Teacher","Days of Urashimasakatasen","2","Fri, 06 Dec 2024 06:26:31 GMT","1733466391108","1","","","","No","No","","","1","0","2","924336354811334676","924336354811334676","797920307284934697","0","F","S","S","S","B","F","D","",""
"vz56jxz","70888","1","Sunflora","Pokémon","4","Fri, 06 Dec 2024 05:10:16 GMT","1733461816623","49","","","","No","No","","","1","0","4","924336354811334676","924336354811334676","797920307284934697","24","F","S","S","S","B","F","D","",""
"vz5xrjv","70739","1","Finn","Star Wars: Saigo no Jedai - Tokubetsu Eizou","1","Fri, 06 Dec 2024 02:50:32 GMT","1733453432130","2","","","","No","No","","","1","0","1","924336354811334676","924336354811334676","797920307284934697","1","F","S","S","S","A","F","D","",""
"vz586b5","11601","4","Shiori Takatsuki","Revolutionary Girl Utena","2","Thu, 05 Dec 2024 21:00:58 GMT","1733432458280","25","","","","No","No","","","1","0","2","924336354811334676","924336354811334676","797920307284934697","14","F","S","S","S","A","F","D","",""
"vz58hd2","6803","2","Ouka Tadaomi","#Compass","3","Thu, 05 Dec 2024 20:14:42 GMT","1733429682524","40","","","","No","No","","","1","0","3","924336354811334676","924336354811334676","797920307284934697","23","F","S","S","S","A","F","D","",""
"vz58g77","16817","3","Kazuichi Arai","Kimi ni Todoke - From Me to You","2","Thu, 05 Dec 2024 19:25:36 GMT","1733426736101","19","","","","No","No","","","1","0","2","924336354811334676","924336354811334676","797920307284934697","13","F","S","S","S","A","F","D","",""
"vz58vr2","3515","6","Tsubomi Okuwaka","Strawberry Panic","1","Thu, 05 Dec 2024 18:49:53 GMT","1733424593395","18","","","","No","No","","","1","0","1","924336354811334676","924336354811334676","797920307284934697","13","F","S","S","S","A","F","D","",""
"vz597s5","5930","5","Takashi Mitsuya","Tokyo Revengers","2","Thu, 05 Dec 2024 15:48:48 GMT","1733413728726","77","","","","No","No","","","248","0","2","924336354811334676","924336354811334676","797920307284934697","41","F","S","S","S","B","F","D","",""
"vz5b4vr","10325","4","Shion Toumori","Strawberry Panic","3","Wed, 04 Dec 2024 20:32:22 GMT","1733344342751","44","","","","No","No","","","1","0","3","924336354811334676","924336354811334676","797920307284934697","24","F","S","S","S","A","F","D","",""
"vz520gb","3371","6","Spider-Man","Marvel Disk Wars: The Avengers","4","Wed, 04 Dec 2024 14:28:23 GMT","1733322503706","311","","","","No","No","","","140","0","4","924336354811334676","924336354811334676","797920307284934697","178","F","S","S","S","A","F","D","",""
"vz50xj1","4499","2","Megumi Shiina","The Aristocrat's Otherworldly Adventure: Serving Gods Who Go Too Far","2","Wed, 04 Dec 2024 11:09:50 GMT","1733310590676","23","","","","No","No","","","0","0","2","924336354811334676","924336354811334676","797920307284934697","14","F","S","S","S","A","F","D","",""
"vz5v0gs","70803","1","Norbert","Apfelland Monogatari","2","Wed, 04 Dec 2024 06:45:49 GMT","1733294749381","1","","","","No","No","","","1","0","2","924336354811334676","924336354811334676","797920307284934697","0","F","S","S","S","A","F","D","",""
"vzkjzz8","70777","1","Miraijin","Miraijin Go Home","2","Mon, 02 Dec 2024 20:41:18 GMT","1733172078277","5","","","","No","No","","","3","0","2","924336354811334676","924336354811334676","797920307284934697","1","F","S","S","S","A","F","D","",""
"vzwd7xt","70489","1","Baru","One Piece: Romance Dawn","1","Sun, 01 Dec 2024 21:21:01 GMT","1733088061708","3","","","","No","No","","","1","0","1","924336354811334676","924336354811334676","797920307284934697","1","F","S","S","S","D","F","D","",""
"vzhf1w4","14140","4","Kukuru Misakino","The aquatope on white sand","2","Wed, 27 Nov 2024 10:52:14 GMT","1732704734856","45","","","","No","No","","","24","0","2","924336354811334676","924336354811334676","797920307284934697","23","F","S","S","S","B","F","D","",""
"vzqk6lh","25192","2","Plum Blossom Swordsman","Scissor Seven","1","Sun, 24 Nov 2024 15:46:59 GMT","1732463219855","7","","","","No","No","","","1","0","1","","924336354811334676","797920307284934697","4","F","S","S","F","F","F","D","",""
"vhl0cp7","13478","3","Kaedehara Kazuha","Genshin Impact","4","Sat, 16 Nov 2024 22:19:41 GMT","1731795581323","344","","","","Yes","No","","","1371","0","0","","688687114128588823","797920307284934697","128","F","F","F","F","B","F","D","",""
"vn6pl9w","38774","1","Juza","Genshin Impact","0","Sat, 16 Nov 2024 22:19:04 GMT","1731795544043","4","","","","No","No","","","1","0","0","688687114128588823","688687114128588823","797920307284934697","1","F","S","F","F","A","F","D","",""
"v141rk3","40027","1","Sea Drake","Genshin Impact","2","Sat, 16 Nov 2024 22:18:24 GMT","1731795504198","19","","","","No","No","","","1","0","2","688687114128588823","688687114128588823","797920307284934697","10","F","S","F","F","A","F","D","",""
"v1spncb","37158","2","Jin Ohtomo","Tokyo Ravens","2","Mon, 11 Nov 2024 18:39:54 GMT","1731350394143","21","","","","No","No","","","1","0","2","924336354811334676","924336354811334676","797920307284934697","13","F","S","S","S","A","F","D","",""
"v1s0vkn","10547","4","Maika Sakuranomiya","Blend S","4","Sun, 10 Nov 2024 23:39:19 GMT","1731281959104","202","","","","No","No","","","30","0","4","924336354811334676","924336354811334676","797920307284934697","110","F","S","S","S","A","F","D","",""
"v1g5sjm","28514","1","Bang","One-Punch Man","4","Mon, 28 Oct 2024 22:59:16 GMT","1730156356035","131","","","","No","No","","","14","0","4","924336354811334676","924336354811334676","797920307284934697","71","F","S","S","S","A","F","D","",""
"v1gkv40","69966","1","Cesar","Animal Crossing","1","Mon, 28 Oct 2024 22:04:32 GMT","1730153072320","3","","","","No","No","","","1","0","1","924336354811334676","924336354811334676","797920307284934697","1","F","S","S","S","A","F","D","",""
"v1p9rh9","6391","2","Bastien Forge","Tales of Luminaria","2","Thu, 24 Oct 2024 16:45:20 GMT","1729788320180","17","","","","No","No","","","1","0","2","924336354811334676","924336354811334676","797920307284934697","8","F","S","S","S","A","F","D","",""
"v1p2qks","55128","1","Ghoulia Yelps","Monster High: Kowai-ke Girls","1","Wed, 23 Oct 2024 21:15:11 GMT","1729718111140","5","","","","No","No","","","8","0","1","924336354811334676","924336354811334676","797920307284934697","1","F","S","S","S","A","F","D","",""
"v14z6w1","69270","1","Sakae Echigo","Haikyuu!! To the Top","0","Tue, 22 Oct 2024 18:22:56 GMT","1729621376282","2","","","","No","No","","","1","0","0","924336354811334676","924336354811334676","797920307284934697","1","F","S","S","S","F","F","D","",""
"v1zqt6d","39574","2","Meisho Doto","Uma Musume: Pretty Derby","3","Sun, 20 Oct 2024 14:26:55 GMT","1729434415914","56","","","","No","No","","","3","0","3","924336354811334676","924336354811334676","797920307284934697","29","F","S","S","S","B","F","D","",""
"v11zfkn","69645","1","Noisy","Chi's Sweet Adventure 2nd Season","1","Sat, 19 Oct 2024 14:10:33 GMT","1729347033369","3","","","","No","No","","","1","0","1","688687114128588823","688687114128588823","797920307284934697","1","F","S","F","F","B","F","D","",""
"v11zrfz","65892","1","Connor","New Game!","2","Sat, 19 Oct 2024 14:09:34 GMT","1729346974859","5","","","","No","No","","","1","0","2","924336354811334676","924336354811334676","797920307284934697","1","F","S","S","S","A","F","D","",""
"v1jpvxk","20059","3","Gatsby Colbert","How a Realist Hero Rebuilt the Kingdom","3","Wed, 16 Oct 2024 09:36:52 GMT","1729071412920","42","","","","No","No","","","1","0","3","924336354811334676","924336354811334676","797920307284934697","25","F","S","S","S","A","F","D","",""
"v1j2rqg","10512","4","Shouya Ishida","A Silent Voice","4","Tue, 15 Oct 2024 19:58:31 GMT","1729022311685","314","","","","No","No","","","247","0","4","924336354811334676","924336354811334676","797920307284934697","174","F","S","S","S","A","F","D","",""
"v15sf5x","4083","2","Malvekanth","My One-Hit Kill Sister","2","Sun, 13 Oct 2024 15:10:10 GMT","1728832210859","17","","","","No","No","","","0","0","2","924336354811334676","924336354811334676","797920307284934697","8","F","S","S","S","A","F","D","",""
"v15r857","69307","1","Kurou Otoharada","Death Note","2","Sat, 12 Oct 2024 23:22:39 GMT","1728775359544","4","","","","No","No","","","1","0","2","1258103469164728365","924336354811334676","797920307284934697","1","F","S","S","F","A","F","D","",""
"v126z9p","69084","1","Mummy Dog","Gregory Horror Show","1","Tue, 08 Oct 2024 14:17:32 GMT","1728397052321","1","","","","No","No","","","1","0","1","924336354811334676","924336354811334676","797920307284934697","0","F","S","S","S","C","F","D","",""
"v1hdhwc","68742","1","Henri Lucas","Yumeiro Pâtissière","3","Sun, 06 Oct 2024 17:27:23 GMT","1728235643333","5","","","","No","No","","","1","0","3","924336354811334676","924336354811334676","797920307284934697","1","F","S","S","S","A","F","D","",""
"v1hfd0p","68525","1","Pirate Bananya","Bananya and the Curious Bunch","1","Sun, 06 Oct 2024 10:40:10 GMT","1728211210091","9","","","","No","No","","","3","0","1","924336354811334676","924336354811334676","797920307284934697","4","F","S","S","S","A","F","D","",""
"v1hb42l","24981","3","Zorome","DARLING in the FRANXX","0","Sat, 05 Oct 2024 18:44:20 GMT","1728153860977","8","","","","No","No","","","5","0","0","924336354811334676","924336354811334676","797920307284934697","4","F","S","S","S","A","F","D","",""
"v1hbj6x","8062","2","Haro","Mobile Suit Gundam","1","Sat, 05 Oct 2024 18:11:00 GMT","1728151860893","8","","","","No","No","","","3","0","1","924336354811334676","924336354811334676","797920307284934697","4","F","S","S","S","A","F","D","",""
"v1hqlgg","68781","1","Owl","Hunter x Hunter","2","Sat, 05 Oct 2024 10:39:36 GMT","1728124776691","9","","","","No","No","","","1","0","2","924336354811334676","924336354811334676","797920307284934697","4","F","S","S","S","A","F","D","",""
"v1qf3cf","69171","1","Medici","Sekkou Boys","2","Fri, 04 Oct 2024 17:07:23 GMT","1728061643648","7","","","","No","No","","","1","0","2","924336354811334676","924336354811334676","797920307284934697","4","F","S","S","S","B","F","D","",""
"v10vzt4","69119","1","Udoh","Charlotte","2","Tue, 01 Oct 2024 21:50:03 GMT","1727819403312","5","","","","No","No","","","1","0","2","1258103469164728365","924336354811334676","797920307284934697","1","F","S","S","F","F","F","D","",""
"vn7d529","65836","1","Kyousuke Sawaki","Taimanin Asagi","1","Thu, 19 Sep 2024 16:09:48 GMT","1726762188525","1","","","","No","No","","","1","0","1","924336354811334676","924336354811334676","797920307284934697","0","F","S","S","S","B","F","D","",""
"vn7dfn1","68443","1","Kamijo","Parasyte -the maxim-","2","Thu, 19 Sep 2024 15:39:00 GMT","1726760340144","3","","","","No","No","","","1","0","2","","924336354811334676","797920307284934697","1","F","S","S","F","F","F","D","",""
"vn7dppm","68662","1","Magigoro","Mitchiri Neko","3","Thu, 19 Sep 2024 15:14:23 GMT","1726758863341","19","","","","No","No","","","1","0","3","924336354811334676","924336354811334676","797920307284934697","13","F","S","S","S","A","F","D","",""
"vn7lfr6","24574","3","Cabba","Dragon Ball Super","2","Thu, 19 Sep 2024 11:09:39 GMT","1726744179972","38","","","","No","No","","","4","0","2","924336354811334676","924336354811334676","797920307284934697","23","F","S","S","S","A","F","D","",""
"vn7grn1","68577","1","Morrigan","As Miss Beelzebub Likes.","3","Thu, 19 Sep 2024 05:54:19 GMT","1726725259653","21","","","","No","No","","","1","0","3","924336354811334676","924336354811334676","797920307284934697","11","F","S","S","S","D","F","D","",""
"vn7br87","57289","1","Hallucigenia","Heaven's Design Team","2","Wed, 18 Sep 2024 16:24:38 GMT","1726676678746","4","","","","No","No","","","1","0","2","924336354811334676","924336354811334676","797920307284934697","1","F","S","S","S","B","F","D","",""
"vn7kbrg","67907","1","Ninninman","Bannou Yasai Ninninman","2","Wed, 18 Sep 2024 15:38:00 GMT","1726673880707","1","","","","No","No","","","0","0","2","924336354811334676","924336354811334676","797920307284934697","0","F","S","S","S","A","F","D","",""
"vnt89x6","26053","2","Rachel Cheung","Detective Conan: The Fist of Blue Sapphire","4","Tue, 17 Sep 2024 18:07:32 GMT","1726596452643","69","","","","No","No","","","2","0","4","924336354811334676","924336354811334676","797920307284934697","38","F","S","S","S","B","F","D","",""
"vntq2ln","10867","4","Shiki Takamura","TsukiPro the Animation","4","Mon, 16 Sep 2024 15:09:09 GMT","1726499349616","98","","","","No","No","","","1","0","4","737980149995274240","737980149995274240","797920307284934697","44","F","S","F","F","F","F","D","",""
"vntqj33","68457","1","Chiranosuke","Punch Line","0","Mon, 16 Sep 2024 15:08:37 GMT","1726499317468","1","","","","No","No","","","1","0","0","924336354811334676","924336354811334676","797920307284934697","0","F","S","S","S","B","F","D","",""
"vn81w4c","67857","1","Shindo","Library War","3","Sun, 15 Sep 2024 11:57:08 GMT","1726401428609","2","","","","No","No","","","0","0","3","924336354811334676","924336354811334676","797920307284934697","1","F","S","S","S","D","F","D","",""
"vn8nx8f","68263","1","Madame de Pompadour","Le Chevalier D'Eon","3","Sun, 15 Sep 2024 10:54:07 GMT","1726397647573","3","","","","No","No","","","1","0","3","924336354811334676","924336354811334676","797920307284934697","1","F","S","S","S","D","F","D","",""
"vnl97n7","67730","1","Dom","Beastars","1","Sat, 14 Sep 2024 11:50:47 GMT","1726314647338","3","","","","No","No","","","1","0","1","924336354811334676","924336354811334676","797920307284934697","1","F","S","S","S","A","F","D","",""
"vnlg3vp","58550","1","Fulfew","Re:ZERO -Starting Life in Another World- Season 2","3","Sat, 14 Sep 2024 09:30:17 GMT","1726306217310","16","","","","No","No","","","1","0","3","924336354811334676","924336354811334676","797920307284934697","6","F","S","S","S","B","F","D","",""
"vnlrg42","24559","2","Kikoru Shinomiya","Kaiju No. 8","2","Sat, 14 Sep 2024 06:33:27 GMT","1726295607706","46","","","","No","No","","","80","0","2","924336354811334676","924336354811334676","797920307284934697","26","F","S","S","S","A","F","D","",""
"vnlb54l","3291","2","Churrasco","Food Fantasy","2","Fri, 13 Sep 2024 21:02:47 GMT","1726261367383","31","","","","No","No","","","1","0","2","924336354811334676","924336354811334676","797920307284934697","20","F","S","S","S","A","F","B","",""
"vnlb51w","69013","1","Pilot","The Disastrous Life of Saiki K.","1","Fri, 13 Sep 2024 20:32:52 GMT","1726259572078","1","","","","No","No","","","1","0","1","1258103469164728365","924336354811334676","797920307284934697","0","F","S","S","F","F","F","D","",""
"vnlbnsm","68505","1","Ramiris","That Time I Got Reincarnated as a Slime","1","Fri, 13 Sep 2024 20:16:49 GMT","1726258609783","12","","","","No","No","","","5","0","1","924336354811334676","924336354811334676","797920307284934697","5","F","S","S","S","B","F","D","",""
"vbcpnh7","8209","1","Sandrone","Genshin Impact","3","Fri, 13 Sep 2024 18:30:50 GMT","1726252250318","97","","","","No","No","","","15","0","3","737980149995274240","688687114128588823","797920307284934697","53","F","S","F","F","A","F","C","",""
"vnf0mz8","38592","1","Geri","Genshin Impact","2","Fri, 13 Sep 2024 18:30:33 GMT","1726252233139","15","","","","No","No","","","1","0","2","1258103469164728365","688687114128588823","797920307284934697","8","F","S","F","F","S","F","D","",""
"vnlkj52","68575","1","Pot of Thunder","Soul Eater","2","Fri, 13 Sep 2024 18:29:09 GMT","1726252149512","8","","","","No","No","","","1","0","2","924336354811334676","924336354811334676","797920307284934697","4","F","S","S","S","D","F","D","",""
"vnfcqz9","67884","1","Cezar","Castlevania Season 2","1","Fri, 13 Sep 2024 05:08:47 GMT","1726204127194","3","","","","No","No","","","2","0","1","924336354811334676","924336354811334676","797920307284934697","1","F","S","S","S","A","F","D","",""
"vnffsh1","11289","4","Suzie Q","JoJo's Bizarre Adventure","0","Thu, 12 Sep 2024 20:00:40 GMT","1726171240135","13","","","","No","No","","","7","0","0","924336354811334676","924336354811334676","797920307284934697","6","F","S","S","S","A","F","D","",""
"vn9dfcl","33715","2","Nova","DOTA: Dragon's Blood","4","Wed, 11 Sep 2024 10:56:26 GMT","1726052186932","64","","","","No","No","","","1","0","4","924336354811334676","924336354811334676","797920307284934697","38","F","S","S","S","A","F","D","",""
"vn97lbj","4815","5","Bianca (Abystigma)","Punishing Gray Raven","2","Wed, 11 Sep 2024 09:39:02 GMT","1726047542733","57","","","","No","No","","","33","0","2","924336354811334676","924336354811334676","797920307284934697","31","F","S","S","S","A","F","D","",""
"vn9ldzx","51147","1","Nono","Elsword","4","Wed, 11 Sep 2024 04:16:36 GMT","1726028196680","25","","","","No","No","","","1","0","4","924336354811334676","924336354811334676","797920307284934697","14","F","S","S","S","B","F","D","",""
"vn9z4m9","5836","3","Lille","The Alchemist Code","3","Tue, 10 Sep 2024 18:20:32 GMT","1725992432097","72","","","","No","No","","","1","0","3","924336354811334676","924336354811334676","797920307284934697","40","F","S","S","S","C","F","C","",""
"vngkc6c","68286","1","Karasu Tengu","Nura: Rise of the Youkai Clan - Demon Capital","1","Sun, 08 Sep 2024 18:26:12 GMT","1725819972054","1","","","","No","No","","","1","0","1","924336354811334676","924336354811334676","797920307284934697","0","F","S","S","S","B","F","D","",""
"vnghm0x","68005","1","Goreinu","Hunter x Hunter OVA 3: Greed Island Final","3","Sun, 08 Sep 2024 12:20:03 GMT","1725798003328","14","","","","No","No","","","1","0","3","688687114128588823","924336354811334676","797920307284934697","6","F","S","S","F","F","F","D","",""
"vngqr7m","3034","1","Anko Uguisu","Call of the Night","4","Sun, 08 Sep 2024 11:55:56 GMT","1725796556161","180","","","","No","No","","","123","0","4","924336354811334676","1258103469164728365","797920307284934697","84","F","S","F","S","F","F","D","",""
"vngqrtc","2653","6","Hyde Jayer","Visual Prison","1","Sun, 08 Sep 2024 11:54:01 GMT","1725796441318","17","","","","No","No","","","3","0","1","924336354811334676","924336354811334676","797920307284934697","9","F","S","S","S","B","F","C","",""
"vn3fsnn","67974","1","Nao","DRAMAtical Murder","2","Sat, 07 Sep 2024 18:48:11 GMT","1725734891745","4","","","","No","No","","","1","0","2","737980149995274240","924336354811334676","797920307284934697","1","F","S","S","F","B","F","D","",""
"vn3znv7","67116","1","Squeak","Merc StoriA: The Apathetic Boy and the Girl in a Bottle","4","Sat, 07 Sep 2024 09:10:10 GMT","1725700210964","24","","","","No","No","","","1","0","4","","924336354811334676","797920307284934697","11","F","S","S","F","F","F","D","",""
"vn31jtw","14038","2","Isaac Morton","Devils and Realist","2","Sat, 07 Sep 2024 07:02:59 GMT","1725692579556","20","","","","No","No","","","1","0","2","924336354811334676","924336354811334676","797920307284934697","13","F","S","S","S","A","F","D","",""
"vn30gmp","40122","2","Child Emperor","One-Punch Man","2","Fri, 06 Sep 2024 19:14:40 GMT","1725650080262","36","","","","No","No","","","4","0","2","924336354811334676","924336354811334676","797920307284934697","19","F","S","S","S","B","F","D","",""
"vn30zp1","68661","1","Kurtz","MD Geist","2","Fri, 06 Sep 2024 18:40:08 GMT","1725648008028","1","","","","No","No","","","0","0","2","1258103469164728365","924336354811334676","797920307284934697","0","F","S","S","F","C","F","D","",""
"vnr643s","68259","1","Tatara","Tokyo Ghoul","3","Fri, 06 Sep 2024 15:11:17 GMT","1725635477296","38","","","","No","No","","","1","0","3","924336354811334676","924336354811334676","797920307284934697","23","F","S","S","S","A","F","D","",""
"vnr16d9","35130","2","Flying Beast Type Noise","Symphogear G","2","Thu, 05 Sep 2024 17:56:56 GMT","1725559016682","11","","","","No","No","","","1","0","2","924336354811334676","924336354811334676","797920307284934697","5","F","S","S","S","A","F","D","",""
"vnr2nm7","34966","2","Momo Kawashima","Girls und Panzer","3","Thu, 05 Sep 2024 05:39:23 GMT","1725514763113","42","","","","No","No","","","1","0","3","","924336354811334676","797920307284934697","23","F","S","S","F","C","F","D","",""
"vnpdnpj","67555","1","Hibiki Laytis","Fairy Tail","2","Wed, 04 Sep 2024 17:04:22 GMT","1725469462353","14","","","","No","No","","","1","0","2","924336354811334676","924336354811334676","797920307284934697","8","F","S","S","S","A","F","D","",""
"vnp8xd2","5302","5","Fallen Male Robin","Fire Emblem Awakening","3","Wed, 04 Sep 2024 14:56:42 GMT","1725461802654","76","","","","No","No","","","9","0","3","924336354811334676","924336354811334676","797920307284934697","43","F","S","S","S","B","F","D","",""
"vnplwf6","3614","2","Ling Wen","Tian Guan Ci Fu","2","Wed, 04 Sep 2024 12:31:36 GMT","1725453096539","35","","","","No","No","","","19","0","2","924336354811334676","924336354811334676","797920307284934697","23","F","S","S","S","A","F","C","",""
"vnpfb2q","67318","1","Togo Arai","Marriage","3","Wed, 04 Sep 2024 11:46:51 GMT","1725450411481","3","","","","No","No","","","1","0","3","924336354811334676","924336354811334676","797920307284934697","1","F","S","S","S","A","F","D","",""
"vnppwzl","6395","2","Unicorn","Mashle","4","Wed, 04 Sep 2024 04:51:25 GMT","1725425485412","113","","","","No","No","","","1","0","4","924336354811334676","924336354811334676","797920307284934697","68","F","S","S","S","A","F","C","",""
"vnpk1xg","13993","4","Takeda Kanryuu","Rurouni Kenshin","2","Tue, 03 Sep 2024 17:59:19 GMT","1725386359734","16","","","","No","No","","","1","0","2","","924336354811334676","797920307284934697","6","F","S","S","F","B","F","D","",""
"vnpkqv6","13919","4","Kazuichi Souda","Danganronpa 2: Goodbye Despair","2","Tue, 03 Sep 2024 17:22:21 GMT","1725384141482","52","","","","No","No","","","38","0","2","","924336354811334676","797920307284934697","28","F","S","S","F","B","F","D","",""
"vnz6m5l","67681","1","Leningrad","Usavich","4","Sun, 01 Sep 2024 15:34:13 GMT","1725204853838","32","","","","No","No","","","2","0","4","1258103469164728365","924336354811334676","797920307284934697","15","F","S","S","F","F","F","D","",""
"vnz63mb","55753","1","Whisper Rubrum","Final Fantasy VII Remake","2","Sun, 01 Sep 2024 14:54:39 GMT","1725202479619","8","","","","No","No","","","1","0","2","1258103469164728365","924336354811334676","797920307284934697","4","F","S","S","F","F","F","D","",""
"vnz7bcc","12530","2","Rei Onodera","Kaguya-sama: Love Is War 2nd Season","2","Sun, 01 Sep 2024 10:10:29 GMT","1725185429903","28","","","","No","No","","","1","0","2","924336354811334676","924336354811334676","1265412052206354442","16","F","S","S","S","B","F","D","",""
"vnz48mt","24915","2","Licht Jekylland Todoroki","Servamp","1","Sat, 31 Aug 2024 22:10:14 GMT","1725142214320","13","","","","No","No","","","9","0","1","","924336354811334676","797920307284934697","5","F","S","S","F","B","F","D","",""
"vnzppj6","2215","2","Ambrosia","The Alchemist Code","2","Sat, 31 Aug 2024 21:46:53 GMT","1725140813771","34","","","","No","No","","","1","0","2","924336354811334676","924336354811334676","797920307284934697","21","F","S","S","S","A","F","D","",""
"vnznqv0","67749","1","Kaname Tanuma","Natsume's Book of Friends","2","Sat, 31 Aug 2024 17:14:31 GMT","1725124471106","2","","","","No","No","","","1","0","2","924336354811334676","924336354811334676","797920307284934697","1","F","S","S","S","A","F","D","",""
"vnzjkdn","62672","1","Master of Oz","Yu-Gi-Oh! GX","2","Sat, 31 Aug 2024 16:41:27 GMT","1725122487603","5","","","","No","No","","","1","0","2","924336354811334676","924336354811334676","797920307284934697","1","F","S","S","S","A","F","D","",""
"vnzvp5t","24217","3","Yasufumi Nekomata","Haikyuu!!","3","Sat, 31 Aug 2024 04:45:08 GMT","1725079508018","64","","","","No","No","","","1","0","3","924336354811334676","924336354811334676","797920307284934697","38","F","S","S","S","A","F","D","",""
"vn1b8bm","67831","1","Warunyan","Yo-kai Watch","2","Thu, 29 Aug 2024 23:03:51 GMT","1724972631531","6","","","","No","No","","","1","0","2","924336354811334676","924336354811334676","797920307284934697","4","F","S","S","S","A","F","D","",""
"vn1b3b0","67429","1","Ritsu Takarada","Guilty Crown","4","Thu, 29 Aug 2024 22:07:19 GMT","1724969239590","31","","","","No","No","","","1","0","4","924336354811334676","924336354811334676","797920307284934697","18","F","S","S","S","B","F","D","",""
"vn15d0z","67871","1","Akimaru","Toriko TV","1","Thu, 29 Aug 2024 21:19:42 GMT","1724966382030","1","","","","No","No","","","1","0","1","924336354811334676","924336354811334676","797920307284934697","0","F","S","S","S","A","F","D","",""
"vn1krrt","67604","1","Tsuchida's Mother","Hanamaru Kindergarten","4","Thu, 29 Aug 2024 20:44:41 GMT","1724964281323","9","","","","No","No","","","0","0","4","924336354811334676","924336354811334676","797920307284934697","4","F","S","S","S","A","F","D","",""
"vnk7ptb","4006","2","Caelus","Honkai: Star Rail","3","Thu, 29 Aug 2024 19:32:44 GMT","1724959964742","145","","","","No","No","","","88","0","3","688687114128588823","688687114128588823","797920307284934697","71","F","S","F","F","B","F","D","",""
"vnvx9qd","10011","4","Rosaria","Genshin Impact","2","Thu, 29 Aug 2024 19:30:10 GMT","1724959810030","84","","","","No","No","","","123","0","2","688687114128588823","688687114128588823","797920307284934697","41","F","S","F","F","A","F","D","",""
"vnkzxlc","2360","6","Noelle","Genshin Impact","2","Thu, 29 Aug 2024 19:30:07 GMT","1724959807663","82","","","","No","No","","","162","0","2","688687114128588823","688687114128588823","797920307284934697","45","F","S","F","F","A","F","C","",""
"vn1k1nh","38035","1","Guanhai","Genshin Impact","4","Thu, 29 Aug 2024 19:30:05 GMT","1724959805647","67","","","","No","No","","","1","0","4","688687114128588823","688687114128588823","797920307284934697","33","F","S","F","F","B","F","D","",""
"vn1kcgk","5295","5","Kojiro Sasaki","Record of Ragnarok","2","Thu, 29 Aug 2024 19:24:10 GMT","1724959450998","54","","","","No","No","","","47","0","2","924336354811334676","924336354811334676","797920307284934697","31","F","S","S","S","A","F","D","",""
"vnncdd7","11943","2","Gangrel","Fire Emblem Awakening","1","Thu, 29 Aug 2024 10:57:14 GMT","1724929034527","10","","","","No","No","","","1","0","1","","924336354811334676","797920307284934697","5","F","S","S","F","B","F","D","",""
"vnn86vv","67604","1","Domestic Violence No. 1","Samurai Flamenco","0","Wed, 28 Aug 2024 22:29:11 GMT","1724884151750","1","","","","No","No","","","1","0","0","924336354811334676","924336354811334676","797920307284934697","0","F","S","S","S","F","F","D","",""
"vnnfchr","14879","3","Pannya","Visual Prison","2","Wed, 28 Aug 2024 21:23:37 GMT","1724880217780","26","","","","No","No","","","1","1","2","924336354811334676","924336354811334676","797920307284934697","16","F","S","S","S","A","D","D","",""
"vnnr7g6","33650","2","Carmelina","Granblue Fantasy","3","Wed, 28 Aug 2024 16:31:49 GMT","1724862709254","54","","","","No","No","","","3","0","3","924336354811334676","924336354811334676","797920307284934697","31","F","S","S","S","A","F","D","",""
"vnn1r64","67791","1","Ferry","Aikatsu! 2","2","Wed, 28 Aug 2024 10:45:39 GMT","1724841939984","5","","","","No","No","","","1","0","2","688687114128588823","924336354811334676","797920307284934697","1","F","S","S","F","B","F","D","",""
"vnnbdps","65355","1","Cinccino","Pokémon: Black & White","3","Wed, 28 Aug 2024 07:25:13 GMT","1724829913321","34","","","","No","No","","","3","0","3","924336354811334676","924336354811334676","797920307284934697","19","F","S","S","S","A","F","D","",""
"vnnq8dx","67539","1","Mudou Kirihara","Potemayo","2","Tue, 27 Aug 2024 23:30:55 GMT","1724801455468","1","","","","No","No","","","0","0","2","924336354811334676","924336354811334676","797920307284934697","0","F","S","S","S","F","F","D","",""
"vnnq64g","67884","1","Youji Itami","GATE","4","Tue, 27 Aug 2024 22:48:18 GMT","1724798898338","23","","","","No","No","","","8","0","4","1258103469164728365","924336354811334676","797920307284934697","11","F","S","S","F","F","F","D","",""
"vnnqz8n","23984","1","Nguyen","Spy x Family","2","Tue, 27 Aug 2024 22:17:35 GMT","1724797055146","11","","","","No","No","","","1","0","2","924336354811334676","924336354811334676","797920307284934697","5","F","S","S","S","F","F","D","",""
"vnnqz8j","67872","1","Ajitama","SoniAni: Super Sonico the Animation","3","Tue, 27 Aug 2024 22:17:18 GMT","1724797038616","15","","","","No","No","","","1","0","3","924336354811334676","924336354811334676","797920307284934697","8","F","S","S","S","A","F","D","",""
"vnnhr66","6045","5","Kazuki Shimada","A Silent Voice","1","Tue, 27 Aug 2024 21:46:36 GMT","1724795196587","19","","","","No","No","","","10","0","1","924336354811334676","924336354811334676","797920307284934697","14","F","S","S","S","A","F","D","",""
"vnn005q","39996","2","F-22A Raptor EMD Phase 2","Muv-Luv Alternative: Total Eclipse","2","Tue, 27 Aug 2024 19:28:09 GMT","1724786889234","12","","","","No","No","","","1","0","2","924336354811334676","924336354811334676","797920307284934697","6","F","S","S","S","A","F","D","",""
"vnj6kg3","26233","2","Mimimi Yamada","Platinum End","2","Tue, 27 Aug 2024 15:09:24 GMT","1724771364682","27","","","","No","No","","","1","0","2","924336354811334676","924336354811334676","797920307284934697","14","F","S","S","S","F","F","D","",""
"vnjdrd2","27174","1","Juzo's Partner","No Guns Life","2","Tue, 27 Aug 2024 12:21:36 GMT","1724761296344","4","","","","No","No","","","1","0","2","924336354811334676","924336354811334676","797920307284934697","1","F","S","S","S","C","F","D","",""
"vnj1q7n","34029","2","Fighter Slime","I've Been Killing Slimes for 300 Years and Maxed Out My Level","2","Mon, 26 Aug 2024 18:21:34 GMT","1724696494777","20","","","","No","No","","","1","0","2","924336354811334676","924336354811334676","797920307284934697","13","F","S","S","S","A","F","D","",""
"vnjjd90","66111","1","Olivia","Dragon's Dogma","2","Mon, 26 Aug 2024 17:11:41 GMT","1724692301646","3","","","","No","No","","","1","0","2","924336354811334676","924336354811334676","797920307284934697","1","F","S","S","S","B","F","D","",""
"vnj2vjs","67548","1","Edgar J. C. Ashenbert","Earl and Fairy","3","Mon, 26 Aug 2024 09:14:25 GMT","1724663665761","9","","","","No","No","","","2","0","3","924336354811334676","924336354811334676","797920307284934697","4","F","S","S","S","A","F","D","",""
"vnb6nwt","67287","1","Solar Ion Robot","Flying House","0","Sun, 25 Aug 2024 23:16:05 GMT","1724627765520","1","","","","No","No","","","1","0","0","688687114128588823","924336354811334676","797920307284934697","0","F","S","S","F","D","F","D","",""
"vnbrljh","9767","3","Kimio Suga","Nozo x Kimi","3","Sun, 25 Aug 2024 11:07:36 GMT","1724584056514","37","","","","No","No","","","0","0","3","924336354811334676","924336354811334676","797920307284934697","21","F","S","S","S","S","F","D","",""
"vnbwwpc","67555","1","Tohru Mutou","Shiki","0","Sat, 24 Aug 2024 20:01:11 GMT","1724529671460","1","","","","No","No","","","1","0","0","924336354811334676","924336354811334676","797920307284934697","0","F","S","S","S","B","F","D","",""
"vnb2nmb","67911","1","Tsubomi Nakano","Sound! Euphonium","2","Sat, 24 Aug 2024 18:03:44 GMT","1724522624296","5","","","","No","No","","","1","0","2","924336354811334676","924336354811334676","1256005233264300094","1","F","S","S","S","F","F","D","",""
"vnbmnzw","67322","1","Moriritchi","Tamagotchi!","2","Sat, 24 Aug 2024 12:51:34 GMT","1724503894589","4","","","","No","No","","","1","0","2","924336354811334676","924336354811334676","797920307284934697","1","F","S","S","S","A","F","D","",""
"vn56zjv","67650","1","Juuzou Sakakura","Danganronpa 3: The End of Hope's Peak Academy - Future Arc","2","Sat, 24 Aug 2024 10:42:03 GMT","1724496123776","10","","","","No","No","","","1","0","2","924336354811334676","924336354811334676","797920307284934697","6","F","S","S","S","A","F","D","",""
"vn5l8r9","15520","1","Mysta Rias","Nijisanji EN","2","Fri, 23 Aug 2024 23:06:58 GMT","1724454418589","40","","","","No","No","","","83","0","2","737980149995274240","924336354811334676","797920307284934697","21","F","S","S","F","B","F","D","",""
"vn59g11","67233","1","Ghost","The Disastrous Life of Saiki K.","2","Fri, 23 Aug 2024 21:56:28 GMT","1724450188127","2","","","","No","No","","","1","0","2","924336354811334676","924336354811334676","797920307284934697","1","F","S","S","S","A","F","D","",""
"vn5fgt0","67975","1","Inaba","Ushio and Tora TV","2","Fri, 23 Aug 2024 21:39:09 GMT","1724449149883","1","","","","No","No","","","0","0","2","737980149995274240","924336354811334676","797920307284934697","0","F","S","S","F","A","F","D","",""
"vn5f458","67335","1","Imperial Envoy","Altair: A Record of Battles","4","Fri, 23 Aug 2024 21:24:43 GMT","1724448283184","10","","","","No","No","","","0","0","4","924336354811334676","924336354811334676","797920307284934697","6","F","S","S","S","A","F","D","",""
"vn535wl","67457","1","Izuru Hitachi","Majestic Prince","4","Fri, 23 Aug 2024 19:28:10 GMT","1724441290139","10","","","","No","No","","","1","0","4","924336354811334676","924336354811334676","797920307284934697","5","F","S","S","S","C","F","D","",""
"vn53mmd","1050","1","Shuuichirou Asanaga","Newton to Ringo no Ki","4","Fri, 23 Aug 2024 18:05:11 GMT","1724436311632","53","","","","No","No","","","0","0","4","924336354811334676","924336354811334676","797920307284934697","30","F","S","S","S","A","F","C","",""
"vn5mxjl","14451","3","Atsushi Nakajima","Bungou Stray Dogs","4","Thu, 22 Aug 2024 20:19:55 GMT","1724357995053","291","","","","No","No","","","176","0","4","924336354811334676","924336354811334676","797920307284934697","163","F","S","S","S","S","F","D","",""
"vnkcgjw","66805","1","Danpa","Ni no Kuni","0","Thu, 22 Aug 2024 19:21:07 GMT","1724354467734","1","","","","No","No","","","1","0","0","924336354811334676","924336354811334676","797920307284934697","0","F","S","S","S","A","F","D","",""
"vnkx0hb","67363","1","Muscular Mudskipper","Larva: Island","2","Thu, 22 Aug 2024 15:21:36 GMT","1724340096950","6","","","","No","No","","","1","0","2","924336354811334676","924336354811334676","797920307284934697","4","F","S","S","S","B","F","D","",""
"vnkdmzk","16950","3","Kamehime","Kamisama Kiss","2","Thu, 22 Aug 2024 13:00:32 GMT","1724331632943","19","","","","No","No","","","1","0","2","924336354811334676","924336354811334676","797920307284934697","13","F","S","S","S","A","F","D","",""
"vnk5f0s","67545","1","Haruma Kawagoe","Chokotto Sister","2","Wed, 21 Aug 2024 14:55:12 GMT","1724252112303","1","","","","No","No","","","1","0","2","924336354811334676","924336354811334676","797920307284934697","0","F","S","S","S","F","F","D","",""
"vnk2wpb","67910","1","Luna P","Sailor Moon R","4","Wed, 21 Aug 2024 09:47:51 GMT","1724233671048","61","","","","No","No","","","1","0","4","924336354811334676","924336354811334676","797920307284934697","35","F","S","S","S","A","F","D","",""
"vnwjbpd","5271","5","Simon","Koi to Producer: EVOL×LOVE","2","Tue, 20 Aug 2024 00:14:36 GMT","1724112876291","35","","","","No","No","","","11","0","2","924336354811334676","924336354811334676","1265412052206354442","21","F","S","S","S","A","F","D","",""
"vn28tkx","57567","1","Pandora","Re:ZERO -Starting Life in Another World- Season 2","2","Sun, 18 Aug 2024 21:56:41 GMT","1724018201493","30","","","","No","No","","","17","0","2","924336354811334676","924336354811334676","797920307284934697","18","F","S","S","S","B","F","D","",""
"vn24113","66804","1","Daniel Price","To the Abandoned Sacred Beasts","3","Sun, 18 Aug 2024 11:40:21 GMT","1723981221012","3","","","","No","No","","","0","0","3","924336354811334676","924336354811334676","797920307284934697","1","F","S","S","S","F","F","D","",""
"vn2w77b","4168","1","Mr. Bear","The Angel Next Door Spoils Me Rotten","2","Sat, 17 Aug 2024 22:32:13 GMT","1723933933590","11","","","","No","No","","","5","0","2","924336354811334676","924336354811334676","1256005233264300094","5","F","S","S","S","B","F","C","",""
"vn221g2","6804","3","Reinhardt","Fire Emblem: Thracia 776","0","Sat, 17 Aug 2024 20:39:06 GMT","1723927146067","6","","","","No","No","","","3","0","0","924336354811334676","924336354811334676","797920307284934697","4","F","S","S","S","A","F","D","",""
"vn22jln","52347","1","The Tower","Granblue Fantasy","3","Sat, 17 Aug 2024 19:58:55 GMT","1723924735797","15","","","","No","No","","","1","0","3","924336354811334676","924336354811334676","1256005233264300094","8","F","S","S","S","B","F","D","",""
"vn2vj5g","2152","6","Naotora Takeda","Orient","3","Sat, 17 Aug 2024 14:18:25 GMT","1723904305997","65","","","","No","No","","","1","0","3","924336354811334676","924336354811334676","1256005233264300094","40","F","S","S","S","A","F","C","",""
"vn2vwq9","67895","1","Jiemie's Mother","Ushio and Tora TV","3","Sat, 17 Aug 2024 13:19:10 GMT","1723900750006","3","","","","No","No","","","0","0","3","924336354811334676","924336354811334676","1256005233264300094","1","F","S","S","S","A","F","D","",""
"vnhtsbn","67644","1","Jack Elvan","A Certain Magical Index 10th Anniversary PV","1","Sat, 17 Aug 2024 01:34:37 GMT","1723858477102","1","","","","No","No","","","0","0","1","924336354811334676","924336354811334676","797920307284934697","0","F","S","S","S","A","F","D","",""
"vnhthhj","10864","4","Sharrkan","Magi: The Kingdom of Magic","3","Sat, 17 Aug 2024 00:57:10 GMT","1723856230249","66","","","","No","No","","","3","0","3","924336354811334676","924336354811334676","797920307284934697","39","F","S","S","S","A","F","D","",""
"vnht3bn","19781","1","Lord-Ken","Afro-Ken","2","Sat, 17 Aug 2024 00:28:05 GMT","1723854485952","11","","","","No","No","","","1","1","2","688687114128588823","688687114128588823","797920307284934697","6","F","S","F","F","S","D","D","",""
"vnh8jfq","35384","2","Dan Lang","Vampire Hunter D","1","Fri, 16 Aug 2024 23:47:56 GMT","1723852076260","6","","","","No","No","","","1","0","1","","924336354811334676","797920307284934697","4","F","S","S","F","S","F","D","",""
"vnh8nnc","67372","1","Moyo Tento","Wizard Barristers: Benmashi Cecil","2","Fri, 16 Aug 2024 23:01:32 GMT","1723849292147","6","","","","No","No","","","0","0","2","924336354811334676","924336354811334676","797920307284934697","4","F","S","S","S","F","F","D","",""
"vnhf8g4","19997","2","Girl with the Black Hair","The Night Is Short, Walk on Girl","2","Fri, 16 Aug 2024 21:22:33 GMT","1723843353159","18","","","","No","No","","","3","0","2","924336354811334676","924336354811334676","797920307284934697","13","F","S","S","S","B","F","D","",""
"vnhk70g","2208","6","Joel Davidovich Pomponett","Eiga Daisuki Pompo-san","3","Fri, 16 Aug 2024 00:31:45 GMT","1723768305168","78","","","","No","No","","","2","0","3","924336354811334676","924336354811334676","797920307284934697","44","F","S","S","S","F","F","C","",""
"vnhv83k","67389","1","Miki","Parasyte -the maxim-","3","Thu, 15 Aug 2024 15:17:06 GMT","1723735026180","5","","","","No","No","parasyte","","1","0","3","1258103469164728365","1258103469164728365","797920307284934697","1","F","S","F","F","A","F","D","",""
"vnhm0f9","66875","1","Reika Shimohira","GANTZ:O","2","Thu, 15 Aug 2024 15:02:57 GMT","1723734177548","7","","","","No","No","","","2","0","2","924336354811334676","924336354811334676","797920307284934697","4","F","S","S","S","A","F","D","",""
"vnhm3vp","1928","3","Armstrong","Pluto","2","Thu, 15 Aug 2024 13:46:04 GMT","1723729564069","16","","","","No","No","","","0","0","2","924336354811334676","924336354811334676","797920307284934697","8","F","S","S","S","C","F","B","",""
"vnqcn8w","12498","2","Chamblemon","Digimon Ghost Game","0","Thu, 15 Aug 2024 13:15:07 GMT","1723727707934","3","","","","No","No","","","0","0","0","924336354811334676","924336354811334676","797920307284934697","1","F","S","S","S","D","F","D","",""
"vnqx7hl","16508","3","Machiko","Death Parade","1","Thu, 15 Aug 2024 10:42:38 GMT","1723718558879","11","","","","No","No","","","1","0","1","924336354811334676","924336354811334676","797920307284934697","6","F","S","S","S","A","F","D","",""
"vnqt3jx","67367","1","Yaji","HENNEKO - The Hentai Prince and the Stony Cat","4","Thu, 15 Aug 2024 01:58:45 GMT","1723687125687","17","","","","No","No","","","1","0","4","924336354811334676","924336354811334676","1265412052206354442","8","F","S","S","S","A","F","D","",""
"vnqfdsf","6259","5","Red's Charizard","Pokémon Origins","1","Wed, 14 Aug 2024 21:53:52 GMT","1723672432236","29","","","","No","No","","","9","0","1","924336354811334676","924336354811334676","797920307284934697","16","F","S","S","S","A","F","D","",""
"vnqg3gq","67564","1","Genma Shiranui","Naruto","0","Wed, 14 Aug 2024 19:58:58 GMT","1723665538848","4","","","","No","No","","","2","0","0","924336354811334676","924336354811334676","797920307284934697","1","F","S","S","S","B","F","D","",""
"vnq31z8","18092","2","Kana's Mother","Kotaro Lives Alone","2","Wed, 14 Aug 2024 18:11:34 GMT","1723659094890","16","","","","No","No","","","1","0","2","924336354811334676","924336354811334676","797920307284934697","6","F","S","S","S","C","F","D","",""
"vnqp197","37127","2","Iori Hanano","Skate-Leading Stars","2","Wed, 14 Aug 2024 16:47:46 GMT","1723654066325","17","","","","No","No","","","1","0","2","924336354811334676","924336354811334676","797920307284934697","8","F","S","S","S","B","F","D","",""
"vnqz5ws","66862","1","Akira Tanaka","Shiki","2","Wed, 14 Aug 2024 14:14:20 GMT","1723644860129","2","","","","No","No","","","0","0","2","924336354811334676","924336354811334676","797920307284934697","1","F","S","S","S","B","F","D","",""
"vnq1fhq","16416","3","Sweet & Sour Fish","Food Fantasy","3","Wed, 14 Aug 2024 11:11:20 GMT","1723633880723","66","","","","No","No","","","1","0","3","924336354811334676","924336354811334676","797920307284934697","39","F","S","S","S","A","F","D","",""
"vnqn7p4","22867","3","Kazu","ERASED","3","Wed, 14 Aug 2024 10:38:06 GMT","1723631886933","36","","","","No","No","","","1","0","3","924336354811334676","924336354811334676","797920307284934697","20","F","S","S","S","B","F","D","",""
"vnqhpsv","25826","2","Hiroshi Yokota","The Vampire Dies in No Time","1","Tue, 13 Aug 2024 23:36:13 GMT","1723592173876","7","","","","No","No","","","1","0","1","924336354811334676","924336354811334676","797920307284934697","4","F","S","S","S","A","F","D","",""
"vnqqc8r","42275","1","Shiga Tohru","Phantom: Requiem for the Phantom","0","Tue, 13 Aug 2024 22:26:27 GMT","1723587987899","1","","","","No","No","","","1","0","0","924336354811334676","924336354811334676","797920307284934697","0","F","S","S","S","D","F","D","",""
"vnq0g07","15827","3","Korai Hoshiumi","Haikyuu!! To the Top","1","Tue, 13 Aug 2024 21:13:05 GMT","1723583585377","27","","","","No","No","","","22","0","1","924336354811334676","924336354811334676","797920307284934697","15","F","S","S","S","B","F","D","",""
"vn07180","67331","1","Hayatarou","Laid-Back Camp","1","Tue, 13 Aug 2024 10:31:39 GMT","1723545099887","3","","","","No","No","","","1","0","1","924336354811334676","924336354811334676","1265412052206354442","1","F","S","S","S","A","F","D","",""
"vn0gw8x","38205","2","Rikaritta Aries","Sakura Wars: New York NY.","2","Mon, 12 Aug 2024 22:47:49 GMT","1723502869576","13","","","","No","No","","","1","0","2","924336354811334676","924336354811334676","1265412052206354442","5","F","S","S","S","D","F","D","",""
"vn0005w","2503","2","Shadow","The Eminence in Shadow","2","Sun, 11 Aug 2024 23:25:10 GMT","1723418710015","73","","","","No","No","","","733","0","2","924336354811334676","924336354811334676","797920307284934697","40","F","S","S","S","B","F","D","",""
"vnv6p5v","1354","2","Kai","Yoshimaho","0","Sun, 11 Aug 2024 19:12:28 GMT","1723403548777","6","","","","No","No","","","1","0","0","924336354811334676","924336354811334676","797920307284934697","4","F","S","S","S","B","F","C","",""
"vnvs285","3991","3","Lucia (Lotus)","Punishing Gray Raven","1","Sun, 11 Aug 2024 17:55:14 GMT","1723398914434","24","","","","No","No","","","13","0","1","924336354811334676","924336354811334676","797920307284934697","13","F","S","S","S","F","F","D","",""
"vnvtcsv","5017","4","Annette Birkin","Resident Evil 2","2","Sun, 11 Aug 2024 13:54:08 GMT","1723384448748","33","","","","No","No","","","1","0","2","","1258103469164728365","797920307284934697","15","F","S","F","F","F","F","C","",""
"vnvtx7f","209","3","Claire","Classroom for Heroes","0","Sun, 11 Aug 2024 11:42:02 GMT","1723376522968","10","","","","No","No","","","1","0","0","","924336354811334676","797920307284934697","6","F","S","S","F","F","F","A","",""
"vnv8cdd","23842","3","Leanne","Resonance of Fate","0","Sun, 11 Aug 2024 10:56:06 GMT","1723373766565","5","","","","No","No","","","1","0","0","688687114128588823","924336354811334676","797920307284934697","1","F","S","S","F","C","F","D","",""
"vnv8k82","2661","6","Dankichi Hama","Hajime no Ippo: Champion Road","0","Sun, 11 Aug 2024 10:35:07 GMT","1723372507913","7","","","","No","No","","","1","0","0","924336354811334676","924336354811334676","797920307284934697","4","F","S","S","S","B","F","C","",""
"vnvl5bt","1714","3","Ricky","KamiKatsu: Working for God in a Godless World","2","Sun, 11 Aug 2024 07:35:21 GMT","1723361721142","24","","","","No","No","","","0","0","2","924336354811334676","924336354811334676","797920307284934697","15","F","S","S","S","A","F","C","",""
"vnvzj4k","63670","1","Reinbach Jamil","By the Grace of the Gods","3","Sat, 10 Aug 2024 19:59:44 GMT","1723319984005","4","","","","No","No","","","1","0","3","924336354811334676","924336354811334676","797920307284934697","1","F","S","S","S","A","F","D","",""
"vnvn3j2","6144","5","Yamato Ishida","Digimon Adventure","3","Sat, 10 Aug 2024 18:42:54 GMT","1723315374545","61","","","","No","No","","","9","0","3","","924336354811334676","797920307284934697","31","F","S","S","F","D","F","C","",""
"vnvnqv9","67289","1","Jun Isurugi","True Tears","3","Sat, 10 Aug 2024 18:04:04 GMT","1723313044434","4","","","","No","No","","","0","0","3","924336354811334676","924336354811334676","797920307284934697","1","F","S","S","S","A","F","D","",""
"vnvbztq","2597","6","Roy Fogger the Lloigor","Haiyore! Nyaruko-san","3","Sat, 10 Aug 2024 16:05:02 GMT","1723305902652","58","","","","No","No","","","1","0","3","924336354811334676","924336354811334676","797920307284934697","36","F","S","S","S","B","F","C","",""
"vnv5f54","21698","3","Marshmallow","Food Fantasy","2","Sat, 10 Aug 2024 14:39:11 GMT","1723300751100","43","","","","No","No","","","16","0","2","","924336354811334676","797920307284934697","20","F","S","S","F","F","F","D","",""
"vnvk5s2","34525","2","M","Vivy: Fluorite Eye's Song","4","Sat, 10 Aug 2024 12:59:52 GMT","1723294792055","64","","","","No","No","","","1","0","4","688687114128588823","924336354811334676","797920307284934697","34","F","S","S","F","B","F","D","",""
"vnv2js8","21921","2","Mizuki","Kamisama Kiss","2","Sat, 10 Aug 2024 11:37:50 GMT","1723289870941","38","","","","No","No","","","59","0","2","924336354811334676","924336354811334676","797920307284934697","23","F","S","S","S","A","F","D","",""
"vnvwfwj","750","2","Adonis","The Kingdoms of Ruin","3","Sat, 10 Aug 2024 10:48:09 GMT","1723286889267","97","","","","No","No","","","17","0","3","924336354811334676","924336354811334676","797920307284934697","58","F","S","S","S","A","F","C","",""
"vnvmv1x","67124","1","Welfin","Hunter x Hunter (2011)","2","Sat, 10 Aug 2024 00:20:37 GMT","1723249237796","10","","","","No","No","","","1","0","2","924336354811334676","924336354811334676","797920307284934697","5","F","S","S","S","B","F","D","",""
"vnmxkv4","4080","3","Bianca (Abystigma)","Punishing Gray Raven","2","Fri, 09 Aug 2024 20:09:33 GMT","1723234173759","57","","","","No","No","","","33","0","2","924336354811334676","924336354811334676","797920307284934697","30","F","S","S","S","B","F","D","",""
"vnm8x0h","67226","1","Igor Neuhaus","Blue Exorcist","2","Fri, 09 Aug 2024 16:23:27 GMT","1723220607426","7","","","","No","No","","","1","0","2","924336354811334676","924336354811334676","797920307284934697","4","F","S","S","S","S","F","D","",""
"vnmn6xl","67033","1","Boy","40meterP – Snow Fairy Story","2","Thu, 08 Aug 2024 23:33:19 GMT","1723159999533","4","","","","No","No","","","1","0","2","688687114128588823","924336354811334676","797920307284934697","1","F","S","S","F","F","F","D","",""
"vnmnw81","66968","1","Sunweld","Elemental Gelade","1","Thu, 08 Aug 2024 22:45:12 GMT","1723157112995","1","","","","No","No","","","1","0","1","688687114128588823","924336354811334676","797920307284934697","0","F","S","S","F","B","F","D","",""
"vnmklxs","23524","3","Sylphid","The Familiar of Zero","2","Thu, 08 Aug 2024 18:44:29 GMT","1723142669136","18","","","","No","No","","","1","0","2","924336354811334676","924336354811334676","797920307284934697","13","F","S","S","S","A","F","D","",""
"vnmhj0n","14201","3","Demiurge","Overlord","1","Thu, 08 Aug 2024 13:47:21 GMT","1723124841352","23","","","","No","No","","","68","0","1","924336354811334676","924336354811334676","797920307284934697","13","F","S","S","S","C","F","D","",""
"vnmhzzt","66955","1","Bull","BuBu ChaCha","4","Thu, 08 Aug 2024 12:52:31 GMT","1723121551056","12","","","","No","No","","","1","0","4","924336354811334676","924336354811334676","797920307284934697","5","F","S","S","S","B","F","D","",""
"vjcd602","222","2","Pastry Mille Morteln","Sweet Reincarnation","2","Thu, 08 Aug 2024 00:20:11 GMT","1723076411777","32","","","","No","No","","","7","0","2","924336354811334676","924336354811334676","797920307284934697","21","F","S","S","S","B","F","A","",""
"vjcfk1x","61892","1","Crystal Beast Amethyst Cat","Yu-Gi-Oh! GX","2","Wed, 07 Aug 2024 17:08:27 GMT","1723050507306","5","","","","No","No","","","1","0","2","924336354811334676","924336354811334676","797920307284934697","1","F","S","S","S","B","F","D","",""
"vjcrv94","29465","2","Genshin","Famicom Detective Club: The Missing Heir","2","Wed, 07 Aug 2024 11:09:40 GMT","1723028980883","17","","","","No","No","","","1","0","2","688687114128588823","924336354811334676","797920307284934697","6","F","S","S","F","C","F","D","",""
"vjc3vhz","17301","3","Mort","Epic Seven","2","Wed, 07 Aug 2024 10:28:16 GMT","1723026496517","29","","","","No","No","","","6","0","2","924336354811334676","924336354811334676","797920307284934697","15","F","S","S","S","A","F","D","",""
"vjcbbhv","501","4","Gwyn Sherwood","Reign of the Seven Spellblades","2","Wed, 07 Aug 2024 00:40:00 GMT","1722991200747","25","","","","No","No","","","0","0","2","924336354811334676","924336354811334676","797920307284934697","16","F","S","S","S","A","F","A","",""
"vjc5gqf","64957","1","Pegitan","Healin' Good Precure","2","Tue, 06 Aug 2024 23:07:14 GMT","1722985634032","8","","","","No","No","","","1","0","2","924336354811334676","924336354811334676","797920307284934697","4","F","S","S","S","A","F","D","",""
"vjc548n","2094","1","Firefly","Honkai: Star Rail","3","Tue, 06 Aug 2024 21:36:51 GMT","1722980211774","136","","","","No","No","","","596","1","3","","1258103469164728365","797920307284934697","80","F","S","F","F","C","D","A","",""
"vjckq88","64555","1","Tatsurou Akiyama","Taimanin Yukikaze","2","Tue, 06 Aug 2024 21:34:28 GMT","1722980068448","5","","","","No","No","","","1","0","2","924336354811334676","924336354811334676","797920307284934697","1","F","S","S","S","S","F","D","",""
"vjc256f","11146","4","Rui Nikaidou","ODDTAXI","1","Tue, 06 Aug 2024 18:35:53 GMT","1722969353208","12","","","","No","No","","","1","0","1","","924336354811334676","797920307284934697","5","F","S","S","F","F","F","D","",""
"vjcqq0f","9763","4","Flora","Fire Emblem Fates","4","Tue, 06 Aug 2024 15:21:33 GMT","1722957693051","144","","","","No","No","","","3","0","4","737980149995274240","924336354811334676","797920307284934697","69","F","S","S","F","F","F","D","",""
"vjcvtml","10394","3","Istaqa","#Compass","2","Tue, 06 Aug 2024 12:51:16 GMT","1722948676267","19","","","","No","No","","","1","0","2","924336354811334676","924336354811334676","797920307284934697","13","F","S","S","S","A","F","D","",""
"vj6c1hv","17902","2","Lily","Granblue Fantasy","3","Tue, 06 Aug 2024 10:25:06 GMT","1722939906969","50","","","","No","No","","","2","0","3","924336354811334676","924336354811334676","797920307284934697","28","F","S","S","S","A","F","D","",""
"vj6tfwr","67452","1","Neko-Sensei","Princess Tutu","1","Tue, 06 Aug 2024 01:38:27 GMT","1722908307088","1","","","","No","No","","","1","0","1","924336354811334676","924336354811334676","797920307284934697","0","F","S","S","S","A","F","D","",""
"vj68hd3","67348","1","Alice","Chao You Bing","4","Mon, 05 Aug 2024 23:19:06 GMT","1722899946633","50","","","","No","No","","","1","0","4","924336354811334676","924336354811334676","797920307284934697","29","F","S","S","S","B","F","D","",""
"vj6l6pv","67159","1","Adam Owen","Banana Fish","2","Mon, 05 Aug 2024 22:22:00 GMT","1722896520978","3","","","","No","No","","","1","0","2","924336354811334676","924336354811334676","797920307284934697","1","F","S","S","S","B","F","D","",""
"vj6fs2f","66728","1","Mad Hatter","Hello Kitty no Fushigi no Kuni no Alice","1","Mon, 05 Aug 2024 21:58:44 GMT","1722895124846","1","","","","No","No","","","1","0","1","","924336354811334676","797920307284934697","0","F","S","S","F","B","F","D","",""
"vj6lj5z","6974","4","Suzuya Aki","Nijisanji","3","Mon, 05 Aug 2024 21:47:58 GMT","1722894478788","82","","","","No","No","","","1","0","3","924336354811334676","924336354811334676","797920307284934697","46","F","S","S","S","S","F","D","",""
"vj6fq41","14547","3","Ana","Fate/Grand Order","2","Mon, 05 Aug 2024 20:42:53 GMT","1722890573191","42","","","","No","No","","","5","0","2","","924336354811334676","797920307284934697","20","F","S","S","F","F","F","D","",""
"vj69r23","4848","1","Flamel","The Alchemist Code","2","Mon, 05 Aug 2024 20:03:03 GMT","1722888183839","22","","","","No","No","","","1","0","2","924336354811334676","924336354811334676","797920307284934697","15","F","S","S","S","B","F","C","",""
"vj6pfn0","66600","1","Kokuto","Bleach Movie 4: Hell Verse","1","Mon, 05 Aug 2024 13:29:24 GMT","1722864564288","5","","","","No","No","","","1","0","1","924336354811334676","924336354811334676","797920307284934697","1","F","S","S","S","B","F","D","",""
"vj64dnf","67098","1","Konyako Persia","Eden's Bowy","4","Mon, 05 Aug 2024 11:26:45 GMT","1722857205990","9","","","","No","No","","","0","0","4","924336354811334676","924336354811334676","797920307284934697","4","F","S","S","S","A","F","D","",""
"vj61vh9","67051","1","Gabuya","Oshiri Kajiri Mushi TV","1","Mon, 05 Aug 2024 07:52:34 GMT","1722844354206","1","","","","No","No","","","0","0","1","924336354811334676","924336354811334676","797920307284934697","0","F","S","S","S","B","F","D","",""
"vj6w7q7","15274","3","Captain America","Marvel Disk Wars: The Avengers","2","Sun, 04 Aug 2024 23:14:49 GMT","1722813289160","42","","","","No","No","","","20","0","2","924336354811334676","924336354811334676","797920307284934697","24","F","S","S","S","A","F","D","",""
"vj62qhz","39045","2","Beer (SP)","Food Fantasy","2","Sun, 04 Aug 2024 21:45:42 GMT","1722807942888","30","","","","No","No","","","1","0","2","924336354811334676","924336354811334676","797920307284934697","18","F","S","S","S","B","F","D","",""
"vj62rf7","1201","1","Flautist","Wuthering Waves","1","Sun, 04 Aug 2024 20:54:43 GMT","1722804883799","9","","","","No","No","","","1","0","1","924336354811334676","924336354811334676","797920307284934697","5","F","S","S","S","B","F","A","",""
"vjx8bwg","2127","6","Irene","The Alchemist Code","1","Sun, 04 Aug 2024 02:47:38 GMT","1722739658286","23","","","","No","No","","","2","0","1","924336354811334676","924336354811334676","797920307284934697","15","F","S","S","S","A","F","C","",""
"vjxrq1t","12805","4","Yukari Wakakusa","DANKIRA!!! - Boys, be DANCING!","3","Sat, 03 Aug 2024 18:18:00 GMT","1722709080700","55","","","","No","No","","","1","0","3","924336354811334676","924336354811334676","797920307284934697","30","F","S","S","S","A","F","D","",""
"vjxp53s","26308","2","Ohki","Opera Girl!","1","Sat, 03 Aug 2024 17:23:35 GMT","1722705815620","6","","","","No","No","","","0","0","1","924336354811334676","924336354811334676","797920307284934697","4","F","S","S","S","B","F","D","",""
"vjxnlz9","16332","3","Free Spirit Tieria","Epic Seven","1","Sat, 03 Aug 2024 11:57:34 GMT","1722686254268","16","","","","No","No","","","1","0","1","924336354811334676","924336354811334676","797920307284934697","8","F","S","S","S","A","F","D","",""
"vjxwb1d","67063","1","Ryuu-san","Million Doll","4","Sat, 03 Aug 2024 01:40:49 GMT","1722649249799","7","","","","No","No","","","0","0","4","737980149995274240","924336354811334676","797920307284934697","4","F","S","S","F","D","F","D","",""
"vjx2zh6","67335","1","Kazue Satou","Another","2","Fri, 02 Aug 2024 23:45:51 GMT","1722642351317","5","","","","No","No","","","1","0","2","","924336354811334676","797920307284934697","1","F","S","S","F","F","F","D","",""
"vjdz434","18156","2","Paimon","Genshin Impact","2","Fri, 02 Aug 2024 22:29:54 GMT","1722637794497","86","","","","No","No","genshin","","290","0","2","","688687114128588823","797920307284934697","39","F","S","F","F","D","F","D","",""
"vjxqg8m","23517","2","The Light","Cardcaptor Sakura","0","Fri, 02 Aug 2024 22:28:24 GMT","1722637704852","4","","","","No","No","","","2","0","0","924336354811334676","924336354811334676","797920307284934697","1","F","S","S","S","A","F","D","",""
"vjsxcxs","60216","1","Specter","Food Fantasy","3","Fri, 02 Aug 2024 15:52:22 GMT","1722613942732","28","","","","No","No","","","1","0","3","924336354811334676","924336354811334676","797920307284934697","15","F","S","S","S","C","F","D","",""
"vjsx0ck","24882","1","Pomurun","Endro~!","2","Fri, 02 Aug 2024 13:18:01 GMT","1722604681125","7","","","","No","No","","","0","0","2","924336354811334676","924336354811334676","797920307284934697","4","F","S","S","S","A","F","D","",""
"vjssmr8","66965","1","Piratcho Sword","gdgd men's party","3","Fri, 02 Aug 2024 11:15:47 GMT","1722597347451","16","","","","No","No","","","2","0","3","","924336354811334676","797920307284934697","6","F","S","S","F","D","F","D","",""
"vjsdqp6","5090","5","Hayate","Dead or Alive 3","2","Fri, 02 Aug 2024 10:42:48 GMT","1722595368268","29","","","","No","No","","","1","0","2","924336354811334676","924336354811334676","797920307284934697","16","F","S","S","S","S","F","D","",""
"vjs725j","67036","1","Hyuuga Iwao","Shirogane no Ishi Argevollen","1","Fri, 02 Aug 2024 09:58:49 GMT","1722592729941","1","","","","No","No","","","0","0","1","924336354811334676","924336354811334676","797920307284934697","0","F","S","S","S","A","F","D","",""
"vjs8x94","11654","3","Male Shinja","Shikizakura","2","Fri, 02 Aug 2024 05:56:08 GMT","1722578168377","18","","","","No","No","","","1","0","2","924336354811334676","924336354811334676","797920307284934697","14","F","S","S","S","B","F","D","",""
"vjs3tms","2054","6","Kurenai Kogetsu","Edens Zero","2","Thu, 01 Aug 2024 22:38:27 GMT","1722551907451","39","","","","No","No","","","1","0","2","924336354811334676","924336354811334676","1265412052206354442","23","F","S","S","S","D","F","C","",""
"vjsppsm","60981","1","Kaku","One Piece","1","Thu, 01 Aug 2024 19:38:10 GMT","1722541090740","4","","","","No","No","","","1","0","1","924336354811334676","924336354811334676","797920307284934697","1","F","S","S","S","F","F","D","",""
"vjsn2wf","4916","3","Fiona","Dead or Alive Xtreme Venus Vacation","4","Thu, 01 Aug 2024 13:34:42 GMT","1722519282981","127","","","","No","No","","","4","0","4","924336354811334676","924336354811334676","797920307284934697","71","F","S","S","S","A","F","D","",""
"vjsbj5z","55565","1","Red-Eyed Tree Frog","Heaven's Design Team","3","Thu, 01 Aug 2024 11:47:40 GMT","1722512860704","21","","","","No","No","","","1","0","3","924336354811334676","924336354811334676","797920307284934697","13","F","S","S","S","A","F","D","",""
"vjsk62f","20054","1","Jeanna François Champollion","Honkai Impact 3rd","2","Thu, 01 Aug 2024 11:17:23 GMT","1722511043950","19","","","","No","No","","","1","0","2","924336354811334676","924336354811334676","797920307284934697","13","F","S","S","S","S","F","D","",""
"vjskzzt","6051","5","Kiki Seiran","Snow White with the Red Hair","1","Thu, 01 Aug 2024 08:47:20 GMT","1722502040846","17","","","","No","No","","","4","0","1","924336354811334676","924336354811334676","797920307284934697","9","F","S","S","S","B","F","C","",""
"vjswcqh","456","2","Rio Seibu","Shine Post","2","Thu, 01 Aug 2024 07:30:16 GMT","1722497416946","39","","","","No","No","","","4","0","2","924336354811334676","924336354811334676","797920307284934697","26","F","S","S","S","A","F","B","",""
"vjsmrxk","5396","5","Tokiko Taira","Heike Monogatari","2","Wed, 31 Jul 2024 23:41:00 GMT","1722469260956","19","","","","No","No","","","1","0","2","924336354811334676","924336354811334676","797920307284934697","13","F","S","S","S","A","F","D","",""
"vjsvd53","4717","5","Gray Fullbuster","Fairy Tail","2","Wed, 31 Jul 2024 23:00:02 GMT","1722466802641","78","","","","No","No","","","229","0","2","924336354811334676","924336354811334676","797920307284934697","46","F","S","S","S","S","F","D","",""
"vjdbf5d","5657","2","The Captain","Hellsing Ultimate","2","Tue, 30 Jul 2024 16:45:12 GMT","1722357912581","28","","","","No","No","","","17","0","2","924336354811334676","924336354811334676","797920307284934697","15","F","S","S","S","A","F","D","",""
"vjd5bdz","8830","4","Actagawa","Sabikui Bisco","2","Tue, 30 Jul 2024 15:12:44 GMT","1722352364749","25","","","","No","No","","","4","0","2","","924336354811334676","797920307284934697","11","F","S","S","F","D","F","D","",""
"vjdwzmh","2705","3","Bronya","Honkai: Star Rail","3","Tue, 30 Jul 2024 14:27:12 GMT","1722349632132","163","","","","No","No","","","196","0","3","1167080205488226380","1167080205488226380","797920307284934697","86","F","S","F","F","A","F","C","",""
"vjdwds3","4578","5","Roland (Theatrical Flame)","Punishing Gray Raven","2","Tue, 30 Jul 2024 13:36:36 GMT","1722346596194","50","","","","No","No","","","20","0","2","924336354811334676","924336354811334676","797920307284934697","29","F","S","S","S","A","F","D","",""
"vjdhp1h","60957","1","Schnoz","Berserk (2016)","3","Tue, 30 Jul 2024 11:15:39 GMT","1722338139297","24","","","","No","No","","","33","0","3","688687114128588823","924336354811334676","797920307284934697","11","F","S","S","F","C","F","D","",""
"vjd2vln","3621","3","Seiya Shiina","The Aristocrat's Otherworldly Adventure: Serving Gods Who Go Too Far","3","Tue, 30 Jul 2024 11:04:43 GMT","1722337483746","39","","","","No","No","","","0","0","3","","924336354811334676","797920307284934697","21","F","S","S","F","D","F","C","",""
"vjdhlx4","28","2","Eve Callusleader","My Unique Skill Makes Me OP Even at Level 1","2","Tue, 30 Jul 2024 10:16:50 GMT","1722334610219","40","","","","No","No","","","9","0","2","924336354811334676","924336354811334676","797920307284934697","28","F","S","S","S","B","F","A","",""
"vj7cp0p","23174","3","Belkia","Servamp","3","Tue, 30 Jul 2024 02:05:30 GMT","1722305130320","45","","","","No","No","","","3","0","3","924336354811334676","924336354811334676","797920307284934697","25","F","S","S","S","B","F","D","",""
"vj7cjvx","66626","1","Akira Arisaki","Joker Game","1","Tue, 30 Jul 2024 01:12:45 GMT","1722301965330","1","","","","No","No","","","0","0","1","924336354811334676","924336354811334676","797920307284934697","0","F","S","S","S","A","F","D","",""
"vj76dp7","35089","2","The Gardener","Monster","2","Tue, 30 Jul 2024 01:12:32 GMT","1722301952767","10","","","","No","No","","","1","0","2","250420081757126656","1167080205488226380","648031568756998155","5","F","S","F","F","B","F","D","",""
"vj7q9wn","35666","1","Ruin Hunter","Genshin Impact","4","Mon, 29 Jul 2024 23:45:59 GMT","1722296759996","80","","","","No","No","genshin","","1","0","4","546890096658612224","1167080205488226380","648031568756998155","36","F","S","F","F","F","F","D","",""
"vj7dwl0","66278","1","Kotoha","Demon Slayer: Kimetsu no Yaiba","3","Mon, 29 Jul 2024 23:43:05 GMT","1722296585318","50","","","","No","No","kny","","1","2","3","332716033175453696","1167080205488226380","648031568756998155","28","F","S","F","F","A","C","D","",""
"vj1xpg8","66707","1","Takeshi Ooi","Death Note","2","Mon, 29 Jul 2024 23:42:27 GMT","1722296547353","5","","","","No","No","death","","1","0","2","1167080205488226380","1167080205488226380","797920307284934697","1","F","S","F","F","A","F","D","",""
"vjt3vjn","66418","1","Ellickson Gardner","Death Note","0","Mon, 29 Jul 2024 23:41:59 GMT","1722296519069","1","","","","No","No","death","","1","0","0","295292793373589506","1167080205488226380","648031568756998155","0","F","S","F","F","B","F","D","",""
"vj77qtz","39963","2","Collon Rin Purgatorio","WorldEnd: What do you do at the end of the world? Are you busy? Will you save us?","0","Mon, 29 Jul 2024 19:08:35 GMT","1722280115185","5","","","","No","No","","","1","0","0","","924336354811334676","797920307284934697","1","F","S","S","F","F","F","D","",""
"vj77kk8","66663","1","Tauryu","Phantom in the Twilight","0","Mon, 29 Jul 2024 18:56:02 GMT","1722279362329","1","","","","No","No","","","1","0","0","924336354811334676","924336354811334676","1265412052206354442","0","F","S","S","S","B","F","D","",""
"vj7t084","66694","1","White Dolphin","After War Gundam X","2","Mon, 29 Jul 2024 18:10:36 GMT","1722276636785","5","","","","No","No","","","1","0","2","","924336354811334676","797920307284934697","1","F","S","S","F","A","F","D","",""
"vj7t22j","66006","1","Laby's Friend","Elsword","0","Mon, 29 Jul 2024 17:08:07 GMT","1722272887553","2","","","","No","No","","","1","0","0","924336354811334676","924336354811334676","797920307284934697","1","F","S","S","S","F","F","D","",""
"vj78skg","67099","1","Rui's Dog","www.Working!!","2","Mon, 29 Jul 2024 16:25:45 GMT","1722270345980","8","","","","No","No","","","1","0","2","1167080205488226380","924336354811334676","1265412052206354442","4","F","S","S","F","C","F","D","",""
"vj7fs5p","24909","2","Baal Chanel","Epic Seven","2","Mon, 29 Jul 2024 14:05:55 GMT","1722261955393","21","","","","No","No","","","1","0","2","924336354811334676","924336354811334676","797920307284934697","13","F","S","S","S","B","F","D","",""
"vj7gl8m","66639","1","Taylor","KonoSuba: God's blessing on this wonderful world!","3","Mon, 29 Jul 2024 13:09:37 GMT","1722258577425","10","","","","No","No","","","0","0","3","924336354811334676","924336354811334676","797920307284934697","5","F","S","S","S","B","F","D","",""
"vjr430z","55293","1","Amane Ubuyashiki","Demon Slayer: Kimetsu no Yaiba the Movie: Mugen Train","2","Mon, 29 Jul 2024 11:41:16 GMT","1722253276330","35","","","","No","No","kny","","5","0","2","1167080205488226380","1167080205488226380","797920307284934697","18","F","S","F","F","A","F","D","",""
"vj79jv5","19793","2","Viera Cerná","Monster","1","Mon, 29 Jul 2024 11:40:31 GMT","1722253231526","7","","","","No","No","monster","","1","0","1","1169379399829815479","1167080205488226380","648031568756998155","4","F","S","F","F","C","F","D","",""
"vjt3snv","55451","1","Lunge's Daughter","Monster","4","Mon, 29 Jul 2024 11:40:16 GMT","1722253216695","10","","","","No","No","monster","","1","0","4","825387061266743298","1167080205488226380","648031568756998155","6","F","S","F","F","A","F","D","",""
"vj7bdnj","54619","1","Chief Nepela","Monster","2","Mon, 29 Jul 2024 11:40:04 GMT","1722253204760","1","","","","No","No","monster","","1","0","2","486994963905904653","1167080205488226380","648031568756998155","0","F","S","F","F","B","F","D","",""
"vj73507","41576","1","Okuma","Ayakashi: Japanese Classic Horror","2","Mon, 29 Jul 2024 09:57:50 GMT","1722247070669","1","","","","No","No","","","0","0","2","924336354811334676","924336354811334676","797920307284934697","0","F","S","S","S","B","F","D","",""
"vj7n95w","66690","1","Gray Rabbit","There She Is!!","3","Mon, 29 Jul 2024 01:19:58 GMT","1722215998107","8","","","","No","No","","","1","0","3","924336354811334676","924336354811334676","797920307284934697","4","F","S","S","S","B","F","D","",""
"vj7nlfc","62232","1","Aoandon","Onmyoji: Heian Monogatari","4","Mon, 29 Jul 2024 00:15:34 GMT","1722212134586","37","","","","No","No","","","1","0","4","924336354811334676","924336354811334676","797920307284934697","19","F","S","S","S","C","F","D","",""
"vj75f9k","109","3","Topaz","Honkai: Star Rail","2","Sun, 28 Jul 2024 20:39:16 GMT","1722199156081","83","","","","No","No","","","220","0","2","737980149995274240","924336354811334676","797920307284934697","50","F","S","S","F","F","F","A","",""
"vj7k4d3","35798","2","White Lactic Acid Cell","Cells at Work!!","2","Sun, 28 Jul 2024 20:02:55 GMT","1722196975184","18","","","","No","No","","","1","0","2","","924336354811334676","797920307284934697","10","F","S","S","F","F","F","D","",""
"vj7kvcg","3209","1","ONiON","Reverse: 1999","1","Sun, 28 Jul 2024 19:45:03 GMT","1722195903936","9","","","","No","No","","","1","0","1","924336354811334676","924336354811334676","1265412052206354442","5","F","S","S","S","B","F","B","",""
"vj75541","12332","2","Maria","Parallel World Pharmacy","0","Sun, 28 Jul 2024 19:04:14 GMT","1722193454285","5","","","","No","No","","","1","0","0","924336354811334676","924336354811334676","797920307284934697","1","F","S","S","S","A","F","C","",""
"vj7k86m","13004","2","Liselotte Cretia","Seirei Gensouki: Spirit Chronicles","2","Sun, 28 Jul 2024 18:28:53 GMT","1722191333268","35","","","","No","No","","","8","0","2","1167080205488226380","924336354811334676","1265412052206354442","18","F","S","S","F","F","F","D","",""
"vj7wsbd","392","3","Scarlet: Black Shadow","Nikke: Goddess of Victory","2","Sun, 28 Jul 2024 17:53:46 GMT","1722189226373","68","","","","No","No","","","105","0","2","737980149995274240","924336354811334676","797920307284934697","39","F","S","S","F","F","F","B","",""
"vj7h77n","66383","1","Ban","7 Seeds","2","Sun, 28 Jul 2024 16:21:06 GMT","1722183666463","2","","","","No","No","","","1","0","2","924336354811334676","924336354811334676","1265412052206354442","1","F","S","S","S","B","F","D","",""
"vj7hdmd","10440","4","Zed O'Brien","Blood Blockade Battlefront","2","Sun, 28 Jul 2024 15:24:32 GMT","1722180272819","23","","","","No","No","","","2","0","2","924336354811334676","924336354811334676","1265412052206354442","14","F","S","S","S","A","F","D","",""
"vj7qxfb","67108","1","Byakuya","Kakuriyo: Bed & Breakfast for Spirits","2","Sun, 28 Jul 2024 15:00:23 GMT","1722178823046","7","","","","No","No","","","1","0","2","1167080205488226380","924336354811334676","1265412052206354442","4","F","S","S","F","F","F","D","",""
"vj7qplm","33015","2","Claudia","Granblue Fantasy","3","Sun, 28 Jul 2024 14:46:30 GMT","1722177990183","47","","","","No","No","","","1","0","3","924336354811334676","924336354811334676","1265412052206354442","26","F","S","S","S","A","F","D","",""
"vj7qr6m","132","3","Chimera Haniel","Berserk of Gluttony","2","Sun, 28 Jul 2024 14:11:15 GMT","1722175875407","33","","","","No","No","","","1","0","2","924336354811334676","924336354811334676","1265412052206354442","23","F","S","S","S","C","F","A","",""
"vj702b7","66785","1","Menma","Naruto Shippuden Movie 6: Road to Ninja","2","Sun, 28 Jul 2024 13:22:36 GMT","1722172956502","14","","","","No","No","","","3","0","2","924336354811334676","924336354811334676","797920307284934697","8","F","S","S","S","A","F","D","",""
"vj7qmjk","67048","1","Roux Ltskin","The Good Witch of the West","2","Sun, 28 Jul 2024 12:26:35 GMT","1722169595723","2","","","","No","No","","","1","0","2","924336354811334676","924336354811334676","1265412052206354442","1","F","S","S","S","C","F","D","",""
"vj70bz3","66108","1","Juura's Mother","Katri, Girl of the Meadows","0","Sun, 28 Jul 2024 10:56:20 GMT","1722164180336","1","","","","No","No","","","1","0","0","924336354811334676","924336354811334676","1265412052206354442","0","F","S","S","S","S","F","D","",""
"vj7mcfb","66631","1","Yura Shota","Haikyuu!! To the Top","3","Sun, 28 Jul 2024 10:29:19 GMT","1722162559123","25","","","","No","No","","","1","0","3","1167080205488226380","924336354811334676","1265412052206354442","11","F","S","S","F","F","F","D","",""
"vj7vmkt","54655","1","Leia","Monster","2","Sun, 28 Jul 2024 08:10:13 GMT","1722154213942","1","","","","No","No","monster","","1","0","2","737980149995274240","737980149995274240","797920307284934697","0","F","S","F","F","B","F","D","",""
"vjtc018","55077","1","Flaminglet","Heaven's Design Team","2","Sun, 28 Jul 2024 07:43:21 GMT","1722152601284","5","","","","No","No","","","1","0","2","924336354811334676","924336354811334676","797920307284934697","1","F","S","S","S","A","F","D","",""
"vjt7kpn","64633","1","Bauwan Soldier","Doraemon: Nobita and the Haunts of Evil","2","Sat, 27 Jul 2024 23:57:27 GMT","1722124647218","1","","","","No","No","","","0","0","2","1167080205488226380","924336354811334676","1265412052206354442","0","F","S","S","F","B","F","D","",""
"vjttzst","2283","6","Ouroboros","For Whom the Alchemist Exists","2","Sat, 27 Jul 2024 22:46:32 GMT","1722120392185","47","","","","No","No","","","1","0","2","924336354811334676","924336354811334676","797920307284934697","29","F","S","S","S","A","F","C","",""
"vjtt83c","4084","1","YUKI","Dear Vocalist","2","Sat, 27 Jul 2024 21:59:37 GMT","1722117577659","15","","","","No","No","","","1","0","2","924336354811334676","924336354811334676","1265412052206354442","8","F","S","S","S","B","F","B","",""
"vjttwvv","66985","1","Takeda","Furakappa","3","Sat, 27 Jul 2024 20:16:11 GMT","1722111371336","6","","","","No","No","","","0","0","3","924336354811334676","924336354811334676","1265412052206354442","4","F","S","S","S","F","F","D","",""
"vjtlcfp","19315","1","Tyrant Sabre-tooth","Reincarnated as a Sword","2","Sat, 27 Jul 2024 19:39:59 GMT","1722109199636","6","","","","No","No","","","0","0","2","1167080205488226380","924336354811334676","1265412052206354442","4","F","S","S","F","F","F","C","",""
"vjtfvtd","66559","1","Pigette","Africa Salaryman (2019)","4","Sat, 27 Jul 2024 18:39:19 GMT","1722105559486","16","","","","No","No","","","1","0","4","1167080205488226380","924336354811334676","1265412052206354442","6","F","S","S","F","F","F","D","",""
"vjtf55f","12344","2","Suma","Demon Slayer: Kimetsu no Yaiba: Entertainment District Arc","3","Sat, 27 Jul 2024 18:07:53 GMT","1722103673441","157","","","","No","No","kny","","114","0","3","924336354811334676","924336354811334676","1265412052206354442","90","F","S","S","S","S","F","D","",""
"vjtgr7p","5957","4","Yuuri Mashiro","The Yakuza's Guide to Babysitting","0","Sat, 27 Jul 2024 16:24:16 GMT","1722097456123","7","","","","No","No","","","2","0","0","924336354811334676","924336354811334676","797920307284934697","4","F","S","S","S","A","F","C","",""
"vjtgdmx","39763","2","Flora","Black Cat","4","Sat, 27 Jul 2024 15:23:51 GMT","1722093831450","53","","","","No","No","","","1","0","4","924336354811334676","924336354811334676","797920307284934697","29","F","S","S","S","A","F","D","",""
"vjtgm29","66812","1","Tenore Sax","JoJo's Bizarre Adventure: Stardust Crusaders","2","Sat, 27 Jul 2024 14:30:07 GMT","1722090607484","12","","","","No","No","","","1","0","2","924336354811334676","924336354811334676","797920307284934697","5","F","S","S","S","A","F","D","",""
"vjt3fd5","10809","3","Tanpopo","xxxHOLiC","2","Sat, 27 Jul 2024 13:46:19 GMT","1722087979092","24","","","","No","No","","","4","0","2","924336354811334676","924336354811334676","797920307284934697","14","F","S","S","S","A","F","D","",""
"vjtpwn8","16755","3","Simon","Tengen Toppa Gurren Lagann","1","Sat, 27 Jul 2024 11:04:34 GMT","1722078274707","29","","","","No","No","","","197","0","1","","924336354811334676","797920307284934697","14","F","S","S","F","B","F","D","",""
"vjtr0tm","66868","1","Mamejirou","Blood Lad","4","Sat, 27 Jul 2024 10:42:34 GMT","1722076954537","19","","","","No","No","","","1","0","4","","924336354811334676","797920307284934697","11","F","S","S","F","A","F","D","",""
"vjt4pc9","19740","1","Wim Knaup","Monster","3","Sat, 27 Jul 2024 10:27:02 GMT","1722076022231","5","","","","No","No","monster","","1","0","3","451437111812292608","1167080205488226380","648031568756998155","1","F","S","F","F","A","F","D","",""
"vjtp9c8","20103","2","Asuka Ninomiya","The iDOLM@STER: Cinderella Girls","2","Sat, 27 Jul 2024 10:23:33 GMT","1722075813845","26","","","","No","No","","","3","0","2","","924336354811334676","797920307284934697","14","F","S","S","F","A","F","D","",""
"vj883ps","54513","1","Turkish Lady","Monster","2","Sat, 27 Jul 2024 10:19:56 GMT","1722075596343","1","","","","No","No","monster","","1","0","2","711008005231214633","1167080205488226380","648031568756998155","0","F","S","F","F","A","F","D","",""
"vj3h907","12818","4","Kurami Zell","No Game No Life","3","Sat, 27 Jul 2024 10:17:31 GMT","1722075451880","100","","","","No","No","","","10","0","3","1167080205488226380","1167080205488226380","797920307284934697","51","F","S","F","F","A","F","D","",""
"vjf5fwl","19992","1","Ruka Rengoku","Demon Slayer: Kimetsu no Yaiba the Movie: Mugen Train","1","Sat, 27 Jul 2024 10:15:48 GMT","1722075348370","22","","","","No","No","kny","","8","0","1","1167080205488226380","1167080205488226380","797920307284934697","11","F","S","F","F","A","F","D","",""
"vjfnm0v","66244","1","Akabane","Ushio and Tora TV (2016)","2","Sat, 27 Jul 2024 10:15:40 GMT","1722075340276","1","","","","No","No","","","0","0","2","1167080205488226380","1167080205488226380","797920307284934697","0","F","S","F","F","A","F","D","",""
"vj8lpzg","16372","1","Takagi","World's End Harem","1","Sat, 27 Jul 2024 10:14:18 GMT","1722075258278","1","","","","No","No","","","0","0","1","1167080205488226380","1167080205488226380","648031568756998155","0","F","S","F","F","A","F","C","",""
"vjtwc64","31212","2","Toramaru","Rurouni Kenshin","1","Sat, 27 Jul 2024 10:13:25 GMT","1722075205213","5","","","","No","No","","","1","0","1","1248504909658325123","1167080205488226380","648031568756998155","1","F","S","F","F","A","F","D","",""
"vj85q80","10746","4","Emma","The Promised Neverland","0","Sat, 27 Jul 2024 10:12:10 GMT","1722075130030","18","","","","No","No","","","112","0","0","1167080205488226380","1167080205488226380","797920307284934697","10","F","S","F","F","B","F","D","",""
"vj842qm","18633","2","Beans","Hunter x Hunter","2","Sat, 27 Jul 2024 10:11:46 GMT","1722075106720","42","","","","No","No","hxh","","9","0","2","","1167080205488226380","797920307284934697","20","F","S","F","F","C","F","D","",""
"vj832h1","54885","1","Jan Suk's Mother","Monster","1","Sat, 27 Jul 2024 10:11:18 GMT","1722075078490","1","","","","No","No","monster","","1","0","1","837996459055382578","1167080205488226380","648031568756998155","0","F","S","F","F","B","F","D","",""
"vj8t838","19775","1","JoyStation Console","Hunter x Hunter (2011)","3","Sat, 27 Jul 2024 10:10:42 GMT","1722075042458","38","","","","No","No","hxh","","2","0","3","1167080205488226380","1167080205488226380","648031568756998155","20","F","S","F","F","B","F","D","",""
"vjtv0tq","2839","3","Yukong","Honkai: Star Rail","2","Sat, 27 Jul 2024 10:10:08 GMT","1722075008676","74","","","","No","No","","","37","3","2","1167080205488226380","1167080205488226380","648031568756998155","45","F","S","F","F","A","B","C","",""
"vjthnpj","66526","1","Perorich","Hello Kitty, ""Dai te Yaru"" to Sasowareru? Hello Kitty x Toyama Shiritsu Tantei Perorich Collaboration","2","Sat, 27 Jul 2024 10:10:02 GMT","1722075002617","4","","","","No","No","","","1","0","2","1167080205488226380","1167080205488226380","648031568756998155","1","F","S","F","F","A","F","D","",""
"vjtv706","15808","3","Ikuno","DARLING in the FRANXX","1","Sat, 27 Jul 2024 10:10:01 GMT","1722075001311","19","","","","No","No","","","5","0","1","1167080205488226380","1167080205488226380","648031568756998155","10","F","S","F","F","A","F","D","",""
"vjt54jn","17401","3","Mei Sunohara","Clannad","1","Sat, 27 Jul 2024 10:08:41 GMT","1722074921006","14","","","","No","No","","","3","1","1","1167080205488226380","1167080205488226380","648031568756998155","8","F","S","F","F","A","D","D","",""
"vjtpqr2","66666","1","Tawa","Sindbad no Bouken","0","Sat, 27 Jul 2024 09:40:01 GMT","1722073201116","1","","","","No","No","","","1","0","0","924336354811334676","924336354811334676","797920307284934697","0","F","S","S","S","A","F","D","",""
"vjtzprw","19978","2","Hajime Himuro","Paprika","1","Sat, 27 Jul 2024 06:23:53 GMT","1722061433543","4","","","","No","No","","","1","0","1","924336354811334676","924336354811334676","797920307284934697","1","F","S","S","S","A","F","D","",""
"vjt195q","66840","1","Yurano","Kamisama Minarai: Himitsu no Cocotama","2","Sat, 27 Jul 2024 05:06:58 GMT","1722056818237","4","","","","No","No","","","2","0","2","924336354811334676","924336354811334676","797920307284934697","1","F","S","S","S","A","F","D","",""
"vjtbjz2","66501","1","Fuku Arashiyama","World Trigger","1","Sat, 27 Jul 2024 01:48:53 GMT","1722044933184","1","","","","No","No","","","1","0","1","924336354811334676","924336354811334676","797920307284934697","0","F","S","S","S","A","F","D","",""
"vjtk59g","13812","4","Natsuki Minamiya","Strike the Blood","2","Fri, 26 Jul 2024 22:52:48 GMT","1722034368058","38","","","","No","No","","","4","0","2","924336354811334676","924336354811334676","797920307284934697","24","F","S","S","S","S","F","D","",""
"vjtklgl","38004","1","Chiko","Mieruko-chan","3","Fri, 26 Jul 2024 21:11:53 GMT","1722028313008","16","","","","No","No","","","0","0","3","924336354811334676","924336354811334676","797920307284934697","8","F","S","S","S","S","F","D","",""
"vjt2560","66434","1","Hinako Nakayama","Kenka Banchou Otome: Girl Beats Boys","3","Fri, 26 Jul 2024 19:21:49 GMT","1722021709101","9","","","","No","No","","","1","0","3","924336354811334676","924336354811334676","797920307284934697","4","F","S","S","S","A","F","D","",""
"vjthr81","66652","1","All for One's Brother","My Hero Academia 5","4","Fri, 26 Jul 2024 18:19:33 GMT","1722017973209","99","","","","No","No","","","1","0","4","924336354811334676","924336354811334676","797920307284934697","58","F","S","S","S","S","F","D","",""
"vjt0c7v","12700","4","Shiki Haruya","Durarara!! X2","2","Fri, 26 Jul 2024 17:47:05 GMT","1722016025677","21","","","","No","No","","","1","0","2","924336354811334676","924336354811334676","797920307284934697","13","F","S","S","S","B","F","D","",""
"vjtqwbv","15263","3","Hachirou Iba","Hakuouki: Kyoto Winds","0","Fri, 26 Jul 2024 16:49:28 GMT","1722012568866","5","","","","No","No","","","1","0","0","924336354811334676","924336354811334676","797920307284934697","1","F","S","S","S","A","F","D","",""
"vjtvd09","51909","1","Sanro","How NOT to Summon a Demon Lord Omega","4","Fri, 26 Jul 2024 15:51:23 GMT","1722009083590","26","","","","No","No","","","1","0","4","924336354811334676","924336354811334676","797920307284934697","15","F","S","S","S","B","F","D","",""
"vj8c8ng","63151","1","Vassago's Brother","Sword Art Online: Alicization - War of Underworld","2","Fri, 26 Jul 2024 12:29:50 GMT","1721996990167","6","","","","No","No","","","1","0","2","924336354811334676","924336354811334676","797920307284934697","4","F","S","S","S","A","F","D","",""
"vj862kz","6386","2","Mizuki Akiyama","Project SEKAI COLORFUL STAGE! feat. Hatsune Miku","2","Fri, 26 Jul 2024 09:19:19 GMT","1721985559012","64","","","","No","No","","","446","0","2","924336354811334676","924336354811334676","797920307284934697","38","F","S","S","S","S","F","D","",""
"vj8t6kf","12123","3","Akiho Ichijou","Opera Girl!","4","Fri, 26 Jul 2024 00:51:37 GMT","1721955097865","62","","","","No","No","","","0","0","4","924336354811334676","924336354811334676","797920307284934697","36","F","S","S","S","B","F","D","",""
"vj88f5z","61173","1","Alfred Jarvis Pennyworth","Batman: Gotham Knight","2","Fri, 26 Jul 2024 00:12:00 GMT","1721952720171","9","","","","No","No","","","2","0","2","924336354811334676","924336354811334676","797920307284934697","4","F","S","S","S","A","F","D","",""
"vj8f7vw","66428","1","Nazuna's Father","Hidamari Sketch x Honeycomb","3","Thu, 25 Jul 2024 20:29:55 GMT","1721939395075","2","","","","No","No","","","0","0","3","924336354811334676","924336354811334676","797920307284934697","1","F","S","S","S","F","F","D","",""
"vj89tvn","66765","1","Brendan Bardell","God Eater","1","Thu, 25 Jul 2024 20:03:38 GMT","1721937818965","2","","","","No","No","","","1","0","1","688687114128588823","924336354811334676","797920307284934697","1","F","S","S","F","B","F","D","",""
"vj891sr","1477","5","Namsoo Lee","Lookism","2","Thu, 25 Jul 2024 19:29:46 GMT","1721935786741","25","","","","No","No","","","1","0","2","924336354811334676","924336354811334676","797920307284934697","15","F","S","S","S","C","F","B","",""
"vj83x9s","31848","1","Vector the Crocodile","Sonic X","2","Thu, 25 Jul 2024 18:45:27 GMT","1721933127881","13","","","","No","No","","","9","0","2","1246258973821243494","924336354811334676","797920307284934697","5","F","S","S","F","F","F","D","",""
"vj8gsbd","24163","3","Iroha Tamaki","Magia Record: Puella Magi Madoka Magica Side Story","2","Thu, 25 Jul 2024 18:23:40 GMT","1721931820396","32","","","","No","No","","","12","0","2","","924336354811334676","797920307284934697","15","F","S","S","F","F","F","D","",""
"vj8rsgz","23201","2","Nie Huaisang","Mo Dao Zu Shi","2","Thu, 25 Jul 2024 17:38:36 GMT","1721929116984","38","","","","No","No","","","25","0","2","688687114128588823","924336354811334676","797920307284934697","21","F","S","S","F","B","F","D","",""
"vj8rrlh","840","1","Seal","Dragon Goes House-Hunting","2","Thu, 25 Jul 2024 16:37:24 GMT","1721925444677","14","","","","No","No","","","1","0","2","924336354811334676","924336354811334676","797920307284934697","10","F","S","S","S","A","F","A","",""
"vj8p9t8","66416","1","Jack Neylon","Death Note","2","Thu, 25 Jul 2024 16:02:10 GMT","1721923330099","6","","","","No","No","death","","1","0","2","924336354811334676","924336354811334676","797920307284934697","4","F","S","S","S","A","F","D","",""
"vj8pxz7","2384","6","Rosa Ushiromiya","Umineko: When They Cry","3","Thu, 25 Jul 2024 14:45:44 GMT","1721918744164","93","","","","No","No","","","10","0","3","924336354811334676","924336354811334676","797920307284934697","55","F","S","S","S","A","F","C","",""
"vj841bv","66216","1","Grey Heron","Hanasaku Iroha","2","Thu, 25 Jul 2024 14:00:22 GMT","1721916022624","3","","","","No","No","","","1","0","2","1167080205488226380","924336354811334676","797920307284934697","1","F","S","S","F","F","F","D","",""
"vj8z62t","23925","3","Plum Risch","Re:ZERO -Starting Life in Another World-","1","Thu, 25 Jul 2024 13:11:06 GMT","1721913066119","15","","","","No","No","","","1","0","1","924336354811334676","924336354811334676","797920307284934697","8","F","S","S","S","A","F","D","",""
"vj8zcs5","66916","1","Mamezou","Otome Youkai Zakuro Picture Drama","3","Thu, 25 Jul 2024 12:53:29 GMT","1721912009989","4","","","","No","No","","","1","0","3","1167080205488226380","924336354811334676","797920307284934697","1","F","S","S","F","B","F","D","",""
"vj849hk","66867","1","Friar","Romeo x Juliet","2","Thu, 25 Jul 2024 12:30:32 GMT","1721910632623","1","","","","No","No","","","1","0","2","924336354811334676","924336354811334676","797920307284934697","0","F","S","S","S","S","F","D","",""
"vj814k0","66718","1","The Seventh Angel","Evangelion: 2.0 You Can (Not) Advance","2","Thu, 25 Jul 2024 11:43:37 GMT","1721907817808","9","","","","No","No","","","2","0","2","924336354811334676","924336354811334676","797920307284934697","4","F","S","S","S","A","F","D","",""
"vj8zknk","66905","1","Siren","Suite Precure","1","Thu, 25 Jul 2024 09:53:57 GMT","1721901237070","3","","","","No","No","","","1","1","1","924336354811334676","924336354811334676","797920307284934697","1","F","S","S","S","B","D","D","",""
"vj8n8t5","16393","3","Miyubi Shishio","Murenase! Seton Gakuen","4","Thu, 25 Jul 2024 09:19:20 GMT","1721899160340","99","","","","No","No","","","1","0","4","924336354811334676","924336354811334676","797920307284934697","55","F","S","S","S","B","F","D","",""
"vj8jxf5","21871","2","Omega Rugal","The King of Fighters '95","1","Thu, 25 Jul 2024 06:30:16 GMT","1721889016257","8","","","","No","No","","","1","0","1","","924336354811334676","797920307284934697","4","F","S","S","F","F","F","D","",""
"vj82pjq","66619","1","Takagi","Junji Ito ""Collection"": Tomie","2","Thu, 25 Jul 2024 00:21:16 GMT","1721866876141","2","","","","No","No","","","0","0","2","924336354811334676","924336354811334676","797920307284934697","1","F","S","S","S","A","F","D","",""
"vj8290f","4777","5","Himemori Luna","Hololive: Holo no Graffiti","2","Wed, 24 Jul 2024 23:05:26 GMT","1721862326302","63","","","","No","No","","","24","0","2","924336354811334676","924336354811334676","797920307284934697","39","F","S","S","S","A","F","D","",""
"vj8hgvp","65115","1","Flare-Flare Fruit","One Piece","4","Wed, 24 Jul 2024 21:50:09 GMT","1721857809611","121","","","","No","No","","","9","0","4","924336354811334676","924336354811334676","797920307284934697","65","F","S","S","S","B","F","D","",""
"vj8qwtj","66915","1","Cezarine","Penelope Tete en l'air (2009)","2","Wed, 24 Jul 2024 21:00:59 GMT","1721854859012","3","","","","No","No","","","1","0","2","924336354811334676","924336354811334676","797920307284934697","1","F","S","S","S","F","F","D","",""
"vj805bh","1581","4","Gundam Schwarzette","Mobile Suit Gundam: The Witch from Mercury Season 2","3","Wed, 24 Jul 2024 19:05:15 GMT","1721847915576","65","","","","No","No","","","7","0","3","924336354811334676","924336354811334676","797920307284934697","40","F","S","S","S","A","F","C","",""
"vj8vzdc","66721","1","Makoto Nakashima","Haikyuu!! Second Season","3","Wed, 24 Jul 2024 18:36:48 GMT","1721846208744","22","","","","No","No","","","1","0","3","","924336354811334676","797920307284934697","11","F","S","S","F","F","F","D","",""
"vj8mxx9","32714","2","Ancient Rome","Hetalia: Axis Powers","2","Wed, 24 Jul 2024 18:16:09 GMT","1721844969500","20","","","","No","No","","","2","0","2","924336354811334676","924336354811334676","797920307284934697","13","F","S","S","S","A","F","D","",""
"vj8vqxc","13136","4","Cassata","Food Fantasy","3","Wed, 24 Jul 2024 17:28:41 GMT","1721842121580","70","","","","No","No","","","2","0","3","688687114128588823","924336354811334676","797920307284934697","35","F","S","S","F","F","F","D","",""
"vj8vq77","58406","1","Clear Kuriboh","Yu-Gi-Oh!: The Dark Side of Dimensions","0","Wed, 24 Jul 2024 16:57:24 GMT","1721840244186","2","","","","No","No","","","1","0","0","737980149995274240","924336354811334676","797920307284934697","1","F","S","S","F","F","F","D","",""
"vjlc73p","50931","1","Corow","Granblue Fantasy","3","Wed, 24 Jul 2024 16:39:42 GMT","1721839182609","20","","","","No","No","","","1","0","3","1167080205488226380","924336354811334676","797920307284934697","10","F","S","S","F","F","F","D","",""
"vjl6c58","66117","1","Safran","Good Luck Girl!","4","Wed, 24 Jul 2024 15:28:34 GMT","1721834914718","18","","","","No","No","","","1","0","4","","924336354811334676","797920307284934697","11","F","S","S","F","B","F","D","",""
"vjlxjw6","8871","4","Mafuyu Asahina","Project SEKAI COLORFUL STAGE! feat. Hatsune Miku","2","Wed, 24 Jul 2024 12:55:46 GMT","1721825746063","72","","","","No","No","","","358","0","2","924336354811334676","924336354811334676","797920307284934697","40","F","S","S","S","A","F","D","",""
"vjl6z7z","28613","2","Wolverine","Wolverine","3","Wed, 24 Jul 2024 12:19:46 GMT","1721823586142","80","","","","No","No","","","42","0","3","924336354811334676","924336354811334676","797920307284934697","45","F","S","S","S","A","F","D","",""
"vjlspcw","66450","1","Venomoth","Pokémon","3","Wed, 24 Jul 2024 11:40:29 GMT","1721821229474","24","","","","No","No","","","1","0","3","924336354811334676","924336354811334676","797920307284934697","14","F","S","S","S","A","F","D","",""
"vjldnf1","272","2","Tong","The Wrong Way to Use Healing Magic","4","Wed, 24 Jul 2024 10:31:24 GMT","1721817084381","88","","","","No","No","","","0","0","4","924336354811334676","924336354811334676","797920307284934697","54","F","S","S","S","D","F","A","",""
"vjls6cn","66543","1","Bergamo","Dragon Ball Super","2","Wed, 24 Jul 2024 09:54:17 GMT","1721814857103","11","","","","No","No","","","1","0","2","924336354811334676","924336354811334676","797920307284934697","6","F","S","S","S","A","F","D","",""
"vjls74c","63989","1","Hatano","My Teen Romantic Comedy SNAFU Climax!","3","Wed, 24 Jul 2024 09:26:32 GMT","1721813192098","11","","","","No","No","","","1","0","3","","924336354811334676","797920307284934697","5","F","S","S","F","B","F","D","",""
"vjld0xb","893","1","Sunraku (Berserk Online Passion)","Shangri-La Frontier","2","Wed, 24 Jul 2024 09:07:42 GMT","1721812062903","25","","","","No","No","","","2","0","2","1246258973821243494","924336354811334676","797920307284934697","13","F","S","S","F","F","F","C","",""
"vjl7n76","4962","3","Tanosuke","The Alchemist Code","3","Wed, 24 Jul 2024 07:09:04 GMT","1721804944014","52","","","","No","No","","","1","0","3","924336354811334676","924336354811334676","797920307284934697","31","F","S","S","S","A","F","C","",""
"vjl75ck","65126","1","Kei Matsuoka","Fault!!","2","Wed, 24 Jul 2024 05:37:49 GMT","1721799469738","2","","","","No","No","","","1","0","2","924336354811334676","924336354811334676","797920307284934697","1","F","S","S","S","C","F","D","",""
"vjl8grr","15002","3","Portgas D. Ace","One Piece","3","Wed, 24 Jul 2024 04:35:16 GMT","1721795716564","169","","","","No","No","","","782","0","3","924336354811334676","924336354811334676","797920307284934697","93","F","S","S","S","A","F","D","",""
"vjltqr0","66208","1","Kento","Hidamari Sketch x Honeycomb","2","Wed, 24 Jul 2024 04:02:31 GMT","1721793751302","1","","","","No","No","","","0","0","2","924336354811334676","924336354811334676","797920307284934697","0","F","S","S","S","D","F","D","",""
"vjl9jcv","29204","1","Havoc","Darker than Black","2","Tue, 23 Jul 2024 22:06:46 GMT","1721772406408","5","","","","No","No","","","1","0","2","1167080205488226380","924336354811334676","797920307284934697","1","F","S","S","F","F","F","D","",""
"vjl3368","14752","3","Kanata Shinkai","Ensemble Stars!","0","Tue, 23 Jul 2024 21:32:32 GMT","1721770352665","9","","","","No","No","","","38","0","0","1167080205488226380","924336354811334676","797920307284934697","4","F","S","S","F","S","F","D","",""
"vjlrg7z","66617","1","Ume-sensei","Hidamari Sketch","1","Tue, 23 Jul 2024 19:40:02 GMT","1721763602990","1","","","","No","No","","","1","0","1","924336354811334676","924336354811334676","797920307284934697","0","F","S","S","S","A","F","D","",""
"vjl47sz","9114","1","Hjalti","Vinland Saga Season 2","3","Tue, 23 Jul 2024 18:54:55 GMT","1721760895786","14","","","","No","No","","","1","0","3","924336354811334676","924336354811334676","797920307284934697","9","F","S","S","S","S","F","C","",""
"vjl4028","64354","1","Itou Keita","Gakuen Heaven","2","Tue, 23 Jul 2024 18:24:52 GMT","1721759092824","4","","","","No","No","","","1","0","2","924336354811334676","924336354811334676","797920307284934697","1","F","S","S","S","B","F","D","",""
"vjlp095","23609","3","Ki-ja","Yona of the Dawn","0","Tue, 23 Jul 2024 17:41:09 GMT","1721756469793","9","","","","No","No","","","22","0","0","1167080205488226380","924336354811334676","797920307284934697","4","F","S","S","F","S","F","D","",""
"vjlpfk4","66455","1","Puroro","Gon","3","Tue, 23 Jul 2024 17:05:03 GMT","1721754303772","9","","","","No","No","","","1","0","3","1167080205488226380","924336354811334676","797920307284934697","4","F","S","S","F","F","F","D","",""
"vjlzv1s","55153","1","Baby House Sparrow","Heaven's Design Team","2","Tue, 23 Jul 2024 16:01:38 GMT","1721750498194","6","","","","No","No","","","1","0","2","924336354811334676","924336354811334676","797920307284934697","4","F","S","S","S","A","F","D","",""
"vjl1cz3","66433","1","Jun Furuya","Tsuredure Children","3","Tue, 23 Jul 2024 14:49:43 GMT","1721746183077","11","","","","No","No","","","1","0","3","924336354811334676","924336354811334676","797920307284934697","5","F","S","S","S","B","F","D","",""
"vjlndmq","17867","1","Guy B","Don't Toy with Me, Miss Nagatoro","3","Tue, 23 Jul 2024 13:42:58 GMT","1721742178243","7","","","","No","No","","","2","0","3","924336354811334676","924336354811334676","797920307284934697","4","F","S","S","S","A","F","D","",""
"vjlj7bx","5260","5","Firo Prochainezo","Baccano!","0","Tue, 23 Jul 2024 13:10:17 GMT","1721740217401","6","","","","No","No","","","2","0","0","924336354811334676","924336354811334676","797920307284934697","4","F","S","S","S","B","F","D","",""
"vjlnf5c","35880","2","Nuwa","Honkai Impact 3rd","3","Tue, 23 Jul 2024 11:55:12 GMT","1721735712095","75","","","","No","No","","","1","0","3","924336354811334676","924336354811334676","797920307284934697","43","F","S","S","S","A","F","D","",""
"vjl53bl","66469","1","Bartender","Stalker Higai, Mizen ni Fusegou ""Cafe Mizen","1","Tue, 23 Jul 2024 11:04:53 GMT","1721732693242","1","","","","No","No","","","0","0","1","924336354811334676","924336354811334676","797920307284934697","0","F","S","S","S","A","F","D","",""
"vjl5n49","2309","6","Momotani Mashiro","Baku Ane 2: Otouto Ippai Shibocchau zo!","2","Tue, 23 Jul 2024 10:19:34 GMT","1721729974157","56","","","","No","No","","","18","0","2","924336354811334676","924336354811334676","797920307284934697","33","F","S","S","S","B","F","C","",""
"vjlb76k","2133","6","Russia","Hetalia: Axis Powers","2","Tue, 23 Jul 2024 09:48:36 GMT","1721728116500","50","","","","No","No","","","23","0","2","924336354811334676","924336354811334676","797920307284934697","31","F","S","S","S","A","F","C","",""
"vjlvs8b","2063","6","Dehya","Genshin Impact","1","Mon, 22 Jul 2024 23:57:50 GMT","1721692670342","42","","","","No","No","genshin","","210","0","1","924336354811334676","924336354811334676","797920307284934697","26","F","S","S","S","S","F","C","",""
"vjlvk7k","66491","1","Natto","Mameshiba","4","Mon, 22 Jul 2024 21:37:50 GMT","1721684270502","28","","","","No","No","","","1","0","4","924336354811334676","924336354811334676","797920307284934697","15","F","S","S","S","A","F","D","",""
"vjfcxs2","5392","5","Momotani Mashiro","Baku Ane 2: Otouto Ippai Shibocchau zo!","1","Mon, 22 Jul 2024 20:17:44 GMT","1721679464939","27","","","","No","No","","","18","0","1","","924336354811334676","797920307284934697","14","F","S","S","F","F","F","D","",""
"vjfcj0j","66455","1","Faust","Fairy Tail","0","Mon, 22 Jul 2024 19:28:44 GMT","1721676524270","1","","","","No","No","","","1","0","0","924336354811334676","924336354811334676","797920307284934697","0","F","S","S","S","A","F","D","",""
"vjf6fgs","66896","1","Eins von Glanzreich","The Royal Tutor","1","Mon, 22 Jul 2024 19:08:32 GMT","1721675312018","2","","","","No","No","","","1","0","1","","924336354811334676","797920307284934697","1","F","S","S","F","B","F","D","",""
"vjfxtf1","56473","1","Gin","The Way of the Househusband","2","Mon, 22 Jul 2024 18:49:57 GMT","1721674197407","16","","","","No","No","","","9","0","2","924336354811334676","924336354811334676","797920307284934697","6","F","S","S","S","F","F","D","",""
"vjfxz18","39553","2","Brandish Myu","Fairy Tail Movie 2: Dragon Cry","2","Mon, 22 Jul 2024 18:32:07 GMT","1721673127288","37","","","","No","No","","","7","0","2","","737980149995274240","797920307284934697","15","F","S","F","F","F","F","D","",""
"vjfxg56","66654","1","Takayuki Sakurai","Stars Align","2","Mon, 22 Jul 2024 18:29:21 GMT","1721672961746","3","","","","No","No","","","1","0","2","1167080205488226380","924336354811334676","797920307284934697","1","F","S","S","F","B","F","D","",""
"vjf693t","66892","1","Ice General","Maoyu: Archenemy & Hero","2","Mon, 22 Jul 2024 18:11:42 GMT","1721671902509","2","","","","No","No","","","0","0","2","","924336354811334676","797920307284934697","1","F","S","S","F","F","F","D","",""
"vjfxph2","66386","1","Hiroki Kamikura","Canvas 2 ~Niji Iro no Sketch~","4","Mon, 22 Jul 2024 18:00:39 GMT","1721671239248","5","","","","No","No","","","0","0","4","924336354811334676","924336354811334676","797920307284934697","1","F","S","S","S","B","F","D","",""
"vjfsb5v","66096","1","Pandora","Saint Seiya: The Hades Chapter - Sanctuary","2","Mon, 22 Jul 2024 17:13:27 GMT","1721668407768","4","","","","No","No","","","2","0","2","924336354811334676","924336354811334676","797920307284934697","1","F","S","S","S","B","F","D","",""
"vjf80h7","62035","1","Hajime Morioka","Collar X Malice","2","Mon, 22 Jul 2024 11:31:16 GMT","1721647876706","7","","","","No","No","","","1","0","2","924336354811334676","924336354811334676","797920307284934697","4","F","S","S","S","A","F","D","",""
"vjft4vz","2334","6","Mitsuri Kanroji","Demon Slayer: Kimetsu no Yaiba","2","Mon, 22 Jul 2024 10:55:42 GMT","1721645742668","89","","","","No","No","kny","","1515","0","2","737980149995274240","737980149995274240","797920307284934697","48","F","S","F","F","A","F","C","",""
"vjft4v4","66495","1","Shogi Champion","Hunter x Hunter (2011)","2","Mon, 22 Jul 2024 10:55:08 GMT","1721645708619","5","","","","No","No","hxh","","1","0","2","737980149995274240","924336354811334676","797920307284934697","1","F","S","S","F","F","F","D","",""
"vjfgxb0","66550","1","Kakashi no Kabu","Howl's Moving Castle","4","Mon, 22 Jul 2024 09:58:15 GMT","1721642295820","97","","","","No","No","","","20","0","4","1167080205488226380","1167080205488226380","797920307284934697","44","F","S","F","F","C","F","D","",""
"vjflxht","66797","1","Weepinbell","Pokémon","2","Mon, 22 Jul 2024 09:50:45 GMT","1721641845838","14","","","","No","No","","","1","0","2","924336354811334676","924336354811334676","797920307284934697","8","F","S","S","S","A","F","D","",""
"vjfppq2","10111","3","Obsidian","Vermeil in Gold","2","Sun, 21 Jul 2024 23:09:10 GMT","1721603350024","24","","","","No","No","","","1","0","2","1167080205488226380","924336354811334676","797920307284934697","13","F","S","S","F","F","F","C","",""
"vjfz7f5","39897","2","Shinji Matou","Fate/stay night","2","Sun, 21 Jul 2024 22:34:44 GMT","1721601284478","30","","","","No","No","","","1","0","2","924336354811334676","924336354811334676","797920307284934697","18","F","S","S","S","B","F","D","",""
"vjf43n4","65892","1","Sidra","Dragon Ball Super","2","Sun, 21 Jul 2024 21:23:46 GMT","1721597026425","6","","","","No","No","","","1","0","2","924336354811334676","924336354811334676","797920307284934697","4","F","S","S","S","C","F","D","",""
"vjfnsnr","10711","4","James Moriarty","Fate/Grand Order","2","Sun, 21 Jul 2024 19:33:08 GMT","1721590388139","40","","","","No","No","","","1","0","2","924336354811334676","924336354811334676","797920307284934697","23","F","S","S","S","A","F","D","",""
"vjfn1cf","66920","1","Mirai","Nandaka Velonica","1","Sun, 21 Jul 2024 18:36:50 GMT","1721587010903","1","","","","No","No","","","0","0","1","924336354811334676","924336354811334676","797920307284934697","0","F","S","S","S","A","F","D","",""
"vjfjcl3","66352","1","Vernon Aldo IV","Chaika: The Coffin Princess","2","Sun, 21 Jul 2024 18:23:14 GMT","1721586194190","1","","","","No","No","","","0","0","2","1167080205488226380","924336354811334676","797920307284934697","0","F","S","S","F","F","F","D","",""
"vjf1h6m","38392","2","Black Cat","Akudama Drive","2","Sun, 21 Jul 2024 18:10:27 GMT","1721585427211","29","","","","No","No","","","5","0","2","","924336354811334676","797920307284934697","14","F","S","S","F","A","F","D","",""
"vjfjdgb","66554","1","Haiji","Tsukuyomi -Moon Phase-","3","Sun, 21 Jul 2024 17:59:14 GMT","1721584754423","8","","","","No","No","","","1","0","3","924336354811334676","924336354811334676","797920307284934697","4","F","S","S","S","B","F","D","",""
"vjfbssw","59422","1","Megumi Saito","High-Rise Invasion","0","Sun, 21 Jul 2024 17:13:05 GMT","1721581985661","3","","","","No","No","","","1","0","0","924336354811334676","924336354811334676","797920307284934697","1","F","S","S","S","A","F","D","",""
"vjf5g3r","66622","1","Wolf","Pikotarou no Lullaby Lu-llaby","4","Sun, 21 Jul 2024 15:25:30 GMT","1721575530208","17","","","","No","No","","","1","0","4","","924336354811334676","797920307284934697","6","F","S","S","F","B","F","D","",""
"vjfbm19","19694","2","Keiki Kiryu","Hensuki: Are you willing to fall in love with a pervert, as long as she's a cutie?","1","Sun, 21 Jul 2024 15:00:28 GMT","1721574028861","10","","","","No","No","","","5","0","1","924336354811334676","924336354811334676","797920307284934697","6","F","S","S","S","A","F","D","",""
"vjf53c6","66274","1","Nanami Tsubomi","Kakegurui","1","Sun, 21 Jul 2024 14:23:03 GMT","1721571783277","9","","","","No","No","","","1","0","1","924336354811334676","924336354811334676","797920307284934697","4","F","S","S","S","C","F","D","",""
"vjf54jf","16517","2","Adrianna","The Fruit of Evolution: Before I Knew It, My Life Had It Made","4","Sun, 21 Jul 2024 13:40:26 GMT","1721569226509","75","","","","No","No","","","1","0","4","924336354811334676","924336354811334676","797920307284934697","43","F","S","S","S","B","F","D","",""
"vjf5bsc","66763","1","Setsuna Sanzenkai","Island","0","Sun, 21 Jul 2024 13:04:30 GMT","1721567070593","1","","","","No","No","","","1","0","0","1167080205488226380","924336354811334676","797920307284934697","0","F","S","S","F","F","F","D","",""
"vjfw7n2","4644","4","Luminaria","She Professed Herself Pupil of the Wise Man","1","Sun, 21 Jul 2024 12:47:50 GMT","1721566070554","16","","","","No","No","","","1","1","1","924336354811334676","924336354811334676","797920307284934697","8","F","S","S","S","A","D","D","",""
"vjfk0l0","16207","3","Jeanne","Bayonetta: Bloody Fate","3","Sun, 21 Jul 2024 12:16:03 GMT","1721564163684","63","","","","No","No","","","13","0","3","1167080205488226380","924336354811334676","797920307284934697","34","F","S","S","F","B","F","D","",""
"vjfk0g8","32632","2","Heisuke Riseki","Haikyuu!! To the Top","4","Sun, 21 Jul 2024 11:46:04 GMT","1721562364338","122","","","","No","No","","","1","0","4","924336354811334676","924336354811334676","797920307284934697","68","F","S","S","S","B","F","D","",""
"vjfkn1g","49044","1","Tekkan Onizaki","Rurouni Kenshin","0","Sun, 21 Jul 2024 11:25:45 GMT","1721561145976","1","","","","No","No","","","0","0","0","","924336354811334676","797920307284934697","0","F","S","S","F","F","F","D","",""
"vjfkn13","39512","2","Kouichi Mizuki","The Titan's Bride","2","Sun, 21 Jul 2024 11:25:27 GMT","1721561127468","27","","","","No","No","","","11","0","2","","924336354811334676","797920307284934697","14","F","S","S","F","S","F","D","",""
"vjf2sd1","66967","1","Ryuunosuke Miyaji","Starry Sky","2","Sun, 21 Jul 2024 11:04:35 GMT","1721559875093","5","","","","No","No","","","0","0","2","","924336354811334676","797920307284934697","1","F","S","S","F","D","F","D","",""
"vjfwfhc","66318","1","Mayu","Mushishi","1","Sun, 21 Jul 2024 10:41:15 GMT","1721558475117","1","","","","No","No","","","0","0","1","924336354811334676","924336354811334676","797920307284934697","0","F","S","S","S","C","F","D","",""
"vj919p6","36752","1","Tea Master Liu Su","Genshin Impact","3","Sun, 21 Jul 2024 10:00:46 GMT","1721556046219","31","","","","No","No","","","1","0","3","586236949610758157","1167080205488226380","648031568756998155","15","F","S","F","F","F","F","D","",""
"vj9j0ql","66138","1","Bat","Hunter x Hunter (2011)","1","Sun, 21 Jul 2024 10:00:26 GMT","1721556026840","6","","","","No","No","","","1","0","1","1167080205488226380","1167080205488226380","797920307284934697","4","F","S","F","F","A","F","D","",""
"vjfwf6n","17734","1","Geki","Rurouni Kenshin","0","Sun, 21 Jul 2024 09:56:42 GMT","1721555802265","1","","","","No","No","","","0","0","0","","924336354811334676","797920307284934697","0","F","S","S","F","F","F","D","",""
"vjf2kfp","2725","1","Anchor","Nikke: Goddess of Victory","4","Sun, 21 Jul 2024 09:42:54 GMT","1721554974629","140","","","","No","No","","","2","0","4","924336354811334676","924336354811334676","797920307284934697","79","F","S","S","S","B","F","D","",""
"vjfh6bq","66569","1","Travis","Pokémon","1","Sun, 21 Jul 2024 08:38:32 GMT","1721551112869","3","","","","No","No","","","1","0","1","924336354811334676","924336354811334676","797920307284934697","1","F","S","S","S","C","F","D","",""
"vjfmhrw","66862","1","Grandy Jr.","Kawauso Labo","2","Sat, 20 Jul 2024 23:33:18 GMT","1721518398501","3","","","","No","No","","","3","0","2","924336354811334676","924336354811334676","797920307284934697","1","F","S","S","S","A","F","D","",""
"vj9cs0m","66581","1","Theoria","Majestic Prince","2","Sat, 20 Jul 2024 22:59:01 GMT","1721516341075","4","","","","No","No","","","0","0","2","924336354811334676","924336354811334676","797920307284934697","1","F","S","S","S","B","F","D","",""
"vj9x5f3","66638","1","Ryou's Father","Sanrio Boys","1","Sat, 20 Jul 2024 21:52:41 GMT","1721512361260","1","","","","No","No","","","1","0","1","924336354811334676","924336354811334676","797920307284934697","0","F","S","S","S","A","F","D","",""
"vj9s6h9","66674","1","Barry the Chopper","Fullmetal Alchemist","4","Sat, 20 Jul 2024 19:31:06 GMT","1721503866611","59","","","","No","No","","","5","0","4","924336354811334676","924336354811334676","797920307284934697","35","F","S","S","S","A","F","D","",""
"vj9dtlz","59448","1","Haruka","High-Rise Invasion","4","Sat, 20 Jul 2024 19:13:45 GMT","1721502825523","33","","","","No","No","","","1","0","4","688687114128588823","924336354811334676","797920307284934697","15","F","S","S","F","D","F","D","",""
"vj9sv6x","66131","1","Tanuki","Inukami!","1","Sat, 20 Jul 2024 18:33:45 GMT","1721500425585","2","","","","No","No","","","1","0","1","924336354811334676","924336354811334676","797920307284934697","1","F","S","S","S","F","F","D","",""
"vj97t0q","60450","1","Hakuba","One Piece","0","Sat, 20 Jul 2024 17:54:14 GMT","1721498054545","3","","","","No","No","","","1","0","0","924336354811334676","924336354811334676","797920307284934697","1","F","S","S","S","A","F","D","",""
"vj9d97c","24111","3","Alicia Rue","Sword Art Online","2","Sat, 20 Jul 2024 17:19:27 GMT","1721495967492","36","","","","No","No","","","3","0","2","","924336354811334676","797920307284934697","20","F","S","S","F","A","F","D","",""
"vj9dwqd","11394","1","Mikura","Heavenly Delusion","2","Sat, 20 Jul 2024 17:05:13 GMT","1721495113290","8","","","","No","No","","","0","0","2","924336354811334676","924336354811334676","797920307284934697","4","F","S","S","S","A","F","C","",""
"vj97349","2013","6","Shuichi Ooneya","D_Cide Traumerei","2","Sat, 20 Jul 2024 16:17:10 GMT","1721492230202","34","","","","No","No","","","1","0","2","924336354811334676","924336354811334676","797920307284934697","21","F","S","S","S","A","F","C","",""
"vj9t4fl","66834","1","Rockfel","Devilman","4","Sat, 20 Jul 2024 15:20:43 GMT","1721488843013","9","","","","No","No","","","1","0","4","924336354811334676","924336354811334676","797920307284934697","4","F","S","S","S","A","F","D","",""
"vj9t0ct","66847","1","Nagi Uesugi","Angel's Feather","3","Sat, 20 Jul 2024 13:58:30 GMT","1721483910093","5","","","","No","No","","","0","0","3","924336354811334676","924336354811334676","797920307284934697","1","F","S","S","S","D","F","D","",""
"vj98pls","61724","1","Mr. Puffin","Hetalia: Axis Powers","1","Sat, 20 Jul 2024 13:26:01 GMT","1721481961956","4","","","","No","No","","","1","0","1","1167080205488226380","924336354811334676","797920307284934697","1","F","S","S","F","F","F","D","",""
"vj98kks","66682","1","Roshi Yodani","Tokyo ESP","0","Sat, 20 Jul 2024 12:55:45 GMT","1721480145645","2","","","","No","No","","","1","0","0","924336354811334676","924336354811334676","797920307284934697","1","F","S","S","S","A","F","D","",""
"vj9lbjg","4715","3","Faruzan","Genshin Impact","2","Sat, 20 Jul 2024 12:20:38 GMT","1721478038672","75","","","","No","No","genshin","","35","0","2","924336354811334676","924336354811334676","797920307284934697","48","F","S","S","S","S","F","C","",""
"vj9fxbp","11001","4","Kanzo Mogi","Death Note","2","Sat, 20 Jul 2024 11:15:04 GMT","1721474104246","27","","","","No","No","","","1","0","2","1167080205488226380","1167080205488226380","797920307284934697","14","F","S","F","F","A","F","D","",""
"vj9f1t2","66527","1","Poppy","Shirobako","2","Sat, 20 Jul 2024 11:01:15 GMT","1721473275682","3","","","","No","No","","","1","0","2","924336354811334676","924336354811334676","797920307284934697","1","F","S","S","S","B","F","D","",""
"vj9zg6x","18021","2","Nakiri Ayame","Hololive: Holo no Graffiti","3","Fri, 19 Jul 2024 22:13:34 GMT","1721427214380","152","","","","No","No","","","231","0","3","924336354811334676","924336354811334676","797920307284934697","84","F","S","S","S","A","F","D","",""
"vj9jcfn","2049","3","Jinhua Ham","Food Fantasy","2","Fri, 19 Jul 2024 20:14:32 GMT","1721420072988","37","","","","No","No","","","1","0","2","","924336354811334676","797920307284934697","21","F","S","S","F","C","F","B","",""
"vj9j5dc","12641","4","Tsubame Narumi","New Game!!","2","Fri, 19 Jul 2024 19:56:25 GMT","1721418985378","28","","","","No","No","","","1","0","2","924336354811334676","924336354811334676","797920307284934697","16","F","S","S","S","A","F","D","",""
"vj9jb0d","10848","4","Song Ryang-ha","Koroshi Ai","4","Fri, 19 Jul 2024 18:36:15 GMT","1721414175427","76","","","","No","No","","","1","0","4","924336354811334676","924336354811334676","797920307284934697","43","F","S","S","S","B","F","D","",""
"vj9j0mk","66683","1","Nobuta Tanaka","Assassination Classroom","2","Fri, 19 Jul 2024 18:14:49 GMT","1721412889397","6","","","","No","No","","","1","0","2","1167080205488226380","924336354811334676","797920307284934697","4","F","S","S","F","A","F","D","",""
"vj955l8","66950","1","Smith",".hack//Quantum","2","Fri, 19 Jul 2024 16:32:29 GMT","1721406749822","2","","","","No","No","","","1","0","2","924336354811334676","924336354811334676","797920307284934697","1","F","S","S","S","S","F","D","",""
"vj9w3tn","5246","5","Masahiko Umezawa","Hajime no Ippo: The Fighting!","1","Fri, 19 Jul 2024 15:13:39 GMT","1721402019612","12","","","","No","No","","","2","0","1","924336354811334676","924336354811334676","797920307284934697","6","F","S","S","S","A","F","D","",""
"vj92dpr","66957","1","Kanae Sumida","5 Centimeters per Second","0","Fri, 19 Jul 2024 13:47:23 GMT","1721396843031","1","","","","No","No","","","2","0","0","924336354811334676","924336354811334676","797920307284934697","0","F","S","S","S","A","F","D","",""
"vj92qg1","4420","2","Ribbon","I'm the Villainess, So I'm Taming the Final Boss","2","Fri, 19 Jul 2024 11:57:09 GMT","1721390229667","25","","","","No","No","","","2","0","2","924336354811334676","924336354811334676","797920307284934697","15","F","S","S","S","A","F","C","",""
"vj9hrt7","9859","1","Reo Shinozaki","Skate-Leading Stars","2","Fri, 19 Jul 2024 11:19:26 GMT","1721387966654","11","","","","No","No","","","2","0","2","924336354811334676","924336354811334676","797920307284934697","5","F","S","S","S","F","F","D","",""
"vjwjjsh","802","1","Peppy","Honkai: Star Rail","2","Fri, 19 Jul 2024 10:21:50 GMT","1721384510039","39","","","","No","No","","","6","0","2","1167080205488226380","1167080205488226380","797920307284934697","26","F","S","F","F","A","F","A","",""
"vj40l8d","29046","1","Sin Mal","Honkai Impact 3rd","3","Fri, 19 Jul 2024 10:21:48 GMT","1721384508063","35","","","","No","No","","","1","0","3","1167080205488226380","1167080205488226380","797920307284934697","16","F","S","F","F","B","F","D","",""
"vjndwt3","55431","1","Duke of Venice","Honkai Impact 3rd","2","Fri, 19 Jul 2024 10:20:19 GMT","1721384419537","9","","","","No","No","","","1","0","2","1167080205488226380","1167080205488226380","797920307284934697","4","F","S","F","F","A","F","D","",""
"vjpl2fv","16257","2","Jinpu","Rurouni Kenshin","0","Fri, 19 Jul 2024 10:09:53 GMT","1721383793086","3","","","","No","No","","","1","0","0","1235666133340655720","1167080205488226380","648031568756998155","1","F","S","F","F","A","F","D","",""
"vj922hd","65144","1","Cure Macherie","Hugtto! Precure","2","Fri, 19 Jul 2024 10:09:48 GMT","1721383788309","8","","","","No","No","","","1","0","2","924336354811334676","924336354811334676","797920307284934697","4","F","S","S","S","B","F","D","",""
"vjpz05g","66375","1","Tani","Rurouni Kenshin","2","Fri, 19 Jul 2024 10:09:24 GMT","1721383764174","1","","","","No","No","","","0","0","2","1239708175473577994","1167080205488226380","648031568756998155","0","F","S","F","F","B","F","D","",""
"vjp321n","30950","2","Ginjo","Rurouni Kenshin","1","Fri, 19 Jul 2024 10:09:01 GMT","1721383741539","6","","","","No","No","","","0","0","1","839029130564599828","1167080205488226380","648031568756998155","4","F","S","F","F","A","F","D","",""
"vjgvzc2","48675","1","Tsubaki","Rurouni Kenshin","2","Fri, 19 Jul 2024 10:08:34 GMT","1721383714574","3","","","","No","No","","","1","0","2","1167080205488226380","1167080205488226380","648031568756998155","1","F","S","F","F","A","F","D","",""
"vjnq7kf","4684","5","Makoto Shishio","Rurouni Kenshin","1","Fri, 19 Jul 2024 10:07:49 GMT","1721383669390","21","","","","No","No","","","9","0","0","727389989888851988","727389989888851988","648031568756998155","10","F","A","F","F","S","F","D","",""
"vjb2kkd","22329","3","Suzume Oguni","Rurouni Kenshin","1","Fri, 19 Jul 2024 10:07:18 GMT","1721383638523","8","","","","No","No","","","0","0","0","924336354811334676","924336354811334676","797920307284934697","4","F","A","S","S","A","F","D","",""
"vjp70kc","23616","3","Ayame Oguni","Rurouni Kenshin","2","Fri, 19 Jul 2024 10:07:04 GMT","1721383624441","19","","","","No","No","","","1","0","2","","1167080205488226380","797920307284934697","9","F","S","F","F","D","F","D","",""
"vjp97g9","13280","4","Anji Yuukyuuzan","Rurouni Kenshin","3","Fri, 19 Jul 2024 10:06:40 GMT","1721383600604","43","","","","No","No","","","1","0","3","477426374823641100","1167080205488226380","648031568756998155","23","F","S","F","F","A","F","D","",""
"vjqp4n1","10368","4","Roberto","Monster","2","Fri, 19 Jul 2024 10:02:51 GMT","1721383371222","19","","","","No","No","","","4","0","2","737980149995274240","737980149995274240","797920307284934697","9","F","S","F","F","F","F","D","",""
"vbcn6nh","53730","1","Herbert Knaup","Monster","0","Fri, 19 Jul 2024 10:02:03 GMT","1721383323640","1","","","","No","No","","","1","0","0","737980149995274240","737980149995274240","797920307284934697","0","F","S","F","F","A","F","D","",""
"vjksd41","53907","1","Melse","Monster","2","Fri, 19 Jul 2024 10:01:34 GMT","1721383294139","2","","","","No","No","","","1","0","2","1167080205488226380","1167080205488226380","797920307284934697","1","F","S","F","F","A","F","D","",""
"vjrj596","66440","1","Kattsuo","Hunter x Hunter","2","Fri, 19 Jul 2024 09:59:36 GMT","1721383176138","9","","","","No","No","hxh","","1","0","2","438367265914748929","1167080205488226380","648031568756998155","4","F","S","F","F","A","F","D","",""
"vjzwmnt","65831","1","Razor","Hunter x Hunter OVA 3: Greed Island Final","2","Fri, 19 Jul 2024 09:58:50 GMT","1721383130021","11","","","","No","No","hxh","","5","0","2","1167080205488226380","1167080205488226380","797920307284934697","5","F","S","F","F","A","F","D","",""
"vjgsr1s","34916","2","Meleoron","Hunter x Hunter (2011)","1","Fri, 19 Jul 2024 09:57:55 GMT","1721383075048","15","","","","No","No","hxh","","1","0","1","1167080205488226380","1167080205488226380","797920307284934697","8","F","S","F","F","A","F","D","",""
"vjgs4vq","39480","2","Rei Todoroki","My Hero Academia 2","4","Fri, 19 Jul 2024 09:57:03 GMT","1721383023758","205","","","","No","No","","","6","0","4","1167080205488226380","1167080205488226380","797920307284934697","101","F","S","F","F","A","F","D","",""
"vjrbzhp","13281","1","Shizu Shinazugawa","Demon Slayer: Kimetsu no Yaiba: Swordsmith Village Arc","2","Fri, 19 Jul 2024 09:56:21 GMT","1721382981414","25","","","","No","No","","","1","0","2","1167080205488226380","1167080205488226380","648031568756998155","13","F","S","F","F","A","F","C","",""
"vj4d0cb","24753","2","Sanemi Shinazugawa","Demon Slayer: Kimetsu no Yaiba","2","Fri, 19 Jul 2024 09:55:44 GMT","1721382944304","84","","","","No","No","kny","","317","0","2","","1167080205488226380","797920307284934697","36","F","S","F","F","F","F","D","",""
"vjz2vf9","23340","3","Sabito","Demon Slayer: Kimetsu no Yaiba","3","Fri, 19 Jul 2024 09:55:17 GMT","1721382917540","161","","","","No","No","kny","","115","0","3","1167080205488226380","1167080205488226380","797920307284934697","80","F","S","F","F","A","F","D","",""
"vj9q67c","27292","1","Older Brother Spider Demon","Demon Slayer: Kimetsu no Yaiba","3","Fri, 19 Jul 2024 09:54:09 GMT","1721382849681","55","","","","No","No","kny","","2","0","3","1167080205488226380","1167080205488226380","797920307284934697","28","F","S","F","F","B","F","D","",""
"vj14mwz","12883","4","Tuxedo Mask","Sailor Moon","4","Fri, 19 Jul 2024 09:53:36 GMT","1721382816351","230","","","","No","No","","","67","1","4","1167080205488226380","1167080205488226380","797920307284934697","119","F","S","F","F","A","D","D","",""
"vj4msdr","2220","6","Ayumi Togeguchi","Akebi's Sailor Uniform","4","Fri, 19 Jul 2024 09:52:34 GMT","1721382754006","130","","","","No","No","","","1","0","4","1167080205488226380","1167080205488226380","797920307284934697","73","F","S","F","F","A","F","C","",""
"vj5v6dn","60470","1","Tamasaburo","Sailor Moon S","3","Fri, 19 Jul 2024 09:51:55 GMT","1721382715882","12","","","","No","No","","","1","0","3","1167080205488226380","1167080205488226380","797920307284934697","5","F","S","F","F","B","F","D","",""
"vj5w9xs","24093","2","Sailor Lead Crow","Sailor Moon Sailor Stars","1","Fri, 19 Jul 2024 09:51:34 GMT","1721382694653","11","","","","No","No","","","1","0","1","1167080205488226380","1167080205488226380","797920307284934697","5","F","S","F","F","A","F","D","",""
"vj9h06z","14411","3","Sailor Neptune","Sailor Moon S","1","Fri, 19 Jul 2024 09:50:25 GMT","1721382625498","26","","","","No","No","","","45","0","1","","924336354811334676","797920307284934697","14","F","S","S","F","S","F","D","",""
"vj9qhrx","9286","4","Leone","Akame ga Kill!","3","Fri, 19 Jul 2024 09:04:46 GMT","1721379886449","144","","","","No","No","","","96","0","3","924336354811334676","924336354811334676","797920307284934697","79","F","S","S","S","B","F","D","",""
"vjgsjgd","66105","1","Poi-kun","Brigadoon","0","Thu, 18 Jul 2024 22:04:24 GMT","1721340264241","1","","","","No","No","","","1","0","0","924336354811334676","924336354811334676","797920307284934697","0","F","S","S","S","A","F","D","",""
"vjg7690","37846","2","Shinsuke Takasugi","Gintama","4","Thu, 18 Jul 2024 19:23:45 GMT","1721330625113","168","","","","No","No","","","25","0","4","924336354811334676","924336354811334676","797920307284934697","91","F","S","S","S","B","F","D","",""
"vjgtnq9","871","2","Gaming","Genshin Impact","2","Thu, 18 Jul 2024 17:46:30 GMT","1721324790553","74","","","","No","No","genshin","","75","0","2","924336354811334676","924336354811334676","797920307284934697","51","F","S","S","S","A","F","A","",""
"vjgtq3z","2028","6","Ari","Vinland Saga","3","Thu, 18 Jul 2024 17:17:11 GMT","1721323031306","72","","","","No","No","","","1","0","3","1246258973821243494","924336354811334676","797920307284934697","41","F","S","S","F","A","F","C","",""
"vjg89ns","11956","2","Sara","Granblue Fantasy","1","Thu, 18 Jul 2024 16:44:48 GMT","1721321088199","13","","","","No","No","","","1","0","1","","924336354811334676","797920307284934697","5","F","S","S","F","F","F","D","",""
"vjgl6mj","2011","2","Hayate","The Alchemist Code","2","Thu, 18 Jul 2024 15:54:56 GMT","1721318096058","33","","","","No","No","","","1","0","2","924336354811334676","924336354811334676","797920307284934697","20","F","S","S","S","S","F","D","",""
"vjggn3q","66725","1","Yume Kuonji","They Are My Noble Masters","2","Thu, 18 Jul 2024 11:57:34 GMT","1721303854854","5","","","","No","No","","","0","0","2","924336354811334676","924336354811334676","797920307284934697","1","F","S","S","S","B","F","D","",""
"vjg9wwq","9486","1","Kazuki","I Got a Cheat Skill in Another World and Became Unrivaled in The Real World, Too","3","Thu, 18 Jul 2024 10:57:47 GMT","1721300267902","13","","","","No","No","","","0","0","3","924336354811334676","924336354811334676","797920307284934697","8","F","S","S","S","A","F","C","",""
"vjgggj9","5914","3","Kizaru","One Piece","3","Thu, 18 Jul 2024 09:46:59 GMT","1721296019454","116","","","","No","No","","","32","0","3","924336354811334676","924336354811334676","797920307284934697","68","F","S","S","S","A","F","C","",""
"vjgn5v3","66054","1","Tanuki","Inukami!","2","Wed, 17 Jul 2024 22:50:26 GMT","1721256626771","4","","","","No","No","","","1","0","2","","924336354811334676","797920307284934697","1","F","S","S","F","B","F","D","",""
"vjgnb8g","66305","1","Subaru","From the New World","2","Wed, 17 Jul 2024 22:26:31 GMT","1721255191088","3","","","","No","No","","","1","0","2","1167080205488226380","924336354811334676","797920307284934697","1","F","S","S","F","F","F","D","",""
"vjgbdmg","66410","1","Iru","Shugo Chara!","3","Wed, 17 Jul 2024 21:12:35 GMT","1721250755717","9","","","","No","No","","","1","0","3","","924336354811334676","797920307284934697","4","F","S","S","F","F","F","D","",""
"vjg5sqh","66742","1","Manjiro","The Morose Mononokean","1","Wed, 17 Jul 2024 20:18:53 GMT","1721247533522","2","","","","No","No","","","1","0","1","924336354811334676","924336354811334676","797920307284934697","1","F","S","S","S","S","F","D","",""
"vjgbnmm","1904","6","Rio","Seirei Gensouki: Spirit Chronicles","4","Wed, 17 Jul 2024 19:23:53 GMT","1721244233672","188","","","","No","No","","","32","0","4","924336354811334676","924336354811334676","797920307284934697","115","F","S","S","S","A","F","C","",""
"vjg5lnz","66566","1","Donald Duck","Disney Tsum Tsum","2","Wed, 17 Jul 2024 18:37:15 GMT","1721241435867","19","","","","No","No","","","12","0","2","924336354811334676","924336354811334676","797920307284934697","11","F","S","S","S","C","F","D","",""
"vjgwdlj","1996","6","Akiko Yosano","Bungou Stray Dogs","3","Wed, 17 Jul 2024 18:00:30 GMT","1721239230553","151","","","","No","No","","","73","0","3","","924336354811334676","797920307284934697","81","F","S","S","F","D","F","C","",""
"vjgwcvt","32221","1","Katarina","Genshin Impact","2","Wed, 17 Jul 2024 16:57:45 GMT","1721235465570","33","","","","No","No","genshin","","1","0","2","924336354811334676","924336354811334676","797920307284934697","19","F","S","S","S","A","F","D","",""
"vjgw00c","336","3","Dai","The Masterful Cat Is Depressed Again Today","3","Wed, 17 Jul 2024 16:23:51 GMT","1721233431081","81","","","","No","No","","","4","0","3","924336354811334676","924336354811334676","797920307284934697","53","F","S","S","S","A","F","B","",""
"vjgmwzs","2468","6","Cassandra Dimitrescu","Resident Evil Village","2","Wed, 17 Jul 2024 06:04:23 GMT","1721196263954","63","","","","No","No","","","36","0","2","924336354811334676","924336354811334676","797920307284934697","39","F","S","S","S","B","F","C","",""
"vj3dl3r","2658","4","Nefertiti","The Alchemist Code","3","Tue, 16 Jul 2024 22:44:35 GMT","1721169875868","72","","","","No","No","","","1","0","3","924336354811334676","924336354811334676","797920307284934697","40","F","S","S","S","F","F","C","",""
"vj3t4xv","7960","4","Hiroko Makunouchi","Hajime no Ippo: The Fighting!","1","Tue, 16 Jul 2024 22:14:14 GMT","1721168054753","11","","","","No","No","","","3","0","1","1246258973821243494","924336354811334676","797920307284934697","5","F","S","S","F","F","F","D","",""
"vj3t1h4","66557","1","Maria Kurenai","Vampire Knight","4","Tue, 16 Jul 2024 21:52:05 GMT","1721166725803","36","","","","No","No","","","1","0","4","924336354811334676","924336354811334676","797920307284934697","19","F","S","S","S","B","F","D","",""
"vj37nf1","66816","1","Heito Isaku","M3 the dark metal","2","Tue, 16 Jul 2024 21:18:39 GMT","1721164719633","5","","","","No","No","","","1","0","2","","737980149995274240","797920307284934697","1","F","S","F","F","F","F","D","",""
"vj37760","66460","1","Okuzaki Yael","Lupin III: Jigen's Gravestone","1","Tue, 16 Jul 2024 21:10:14 GMT","1721164214839","1","","","","No","No","","","1","0","1","924336354811334676","924336354811334676","797920307284934697","0","F","S","S","S","B","F","D","",""
"vj3l626","2077","2","Mr. Johnny","Spy Classroom","2","Tue, 16 Jul 2024 19:59:29 GMT","1721159969646","25","","","","No","No","","","1","0","2","924336354811334676","924336354811334676","797920307284934697","15","F","S","S","S","S","F","C","",""
"vj3l95p","66312","1","Grandfather","Cyborg Kuro-chan","0","Tue, 16 Jul 2024 19:29:12 GMT","1721158152373","1","","","","No","No","","","1","0","0","924336354811334676","924336354811334676","797920307284934697","0","F","S","S","S","A","F","D","",""
"vj3l2pr","66475","1","Sakamoto","Yu Yu Hakusho","4","Tue, 16 Jul 2024 18:29:31 GMT","1721154571295","10","","","","No","No","","","0","0","4","924336354811334676","924336354811334676","797920307284934697","5","F","S","S","S","A","F","D","",""
"vj3fn63","4637","5","Yako","Toilet-Bound Hanako-kun","2","Tue, 16 Jul 2024 17:32:53 GMT","1721151173585","59","","","","No","No","","","27","0","2","924336354811334676","924336354811334676","797920307284934697","36","F","S","S","S","S","F","C","",""
"vj3963l","278","3","Delilah","Stella of the End","3","Tue, 16 Jul 2024 17:17:58 GMT","1721150278238","78","","","","No","No","","","1","0","3","","924336354811334676","797920307284934697","48","F","S","S","F","F","F","A","",""
"vj3fj69","66002","1","Yui Natsukawa","Ace of the Diamond","1","Tue, 16 Jul 2024 16:52:07 GMT","1721148727406","1","","","","No","No","","","1","0","1","924336354811334676","924336354811334676","797920307284934697","0","F","S","S","S","A","F","D","",""
"vj3968n","35581","2","Enmu's First Recruit","Demon Slayer: Kimetsu no Yaiba the Movie: Mugen Train","4","Tue, 16 Jul 2024 15:42:43 GMT","1721144563133","151","","","","No","No","kny","","1","0","4","924336354811334676","924336354811334676","797920307284934697","84","F","S","S","S","A","F","D","",""
"vj33ssf","66449","1","Rabbit","Pop Team Epic","2","Tue, 16 Jul 2024 15:07:25 GMT","1721142445732","5","","","","No","No","","","1","0","2","924336354811334676","924336354811334676","797920307284934697","1","F","S","S","S","A","F","D","",""
"vj3gjvt","25312","1","Black Bolt","Marvel Future Avengers 2nd Season","0","Tue, 16 Jul 2024 14:32:46 GMT","1721140366737","2","","","","No","No","","","1","0","0","924336354811334676","924336354811334676","797920307284934697","1","F","S","S","S","B","F","D","",""
"vj3gd1p","66242","1","Onee-san","Penguin Highway","1","Tue, 16 Jul 2024 13:34:50 GMT","1721136890196","4","","","","No","No","","","1","0","1","924336354811334676","924336354811334676","797920307284934697","1","F","S","S","S","A","F","D","",""
"vj3pcdt","2564","5","Lucian","The Alchemist Code","3","Tue, 16 Jul 2024 11:13:49 GMT","1721128429066","59","","","","No","No","","","1","0","3","924336354811334676","924336354811334676","797920307284934697","39","F","S","S","S","S","F","C","",""
"vj3pgt0","62321","1","Mina","Don't Call Us A JUNK GAME!","1","Tue, 16 Jul 2024 10:11:09 GMT","1721124669134","3","","","","No","No","","","1","0","1","924336354811334676","924336354811334676","797920307284934697","1","F","S","S","S","B","F","D","",""
"vj3b248","16560","1","Tsuchigomori","Toilet-Bound Hanako-kun","2","Tue, 16 Jul 2024 00:18:04 GMT","1721089084202","57","","","","No","No","","","98","0","2","924336354811334676","924336354811334676","797920307284934697","30","F","S","S","S","A","F","D","",""
"vj3b5x1","66055","1","False Minoshiro","From the New World","2","Mon, 15 Jul 2024 23:39:04 GMT","1721086744703","3","","","","No","No","","","0","0","2","924336354811334676","924336354811334676","797920307284934697","1","F","S","S","S","F","F","D","",""
"vj3w8ws","63734","1","Hatano","My Teen Romantic Comedy SNAFU Climax!","2","Mon, 15 Jul 2024 22:10:45 GMT","1721081445286","5","","","","No","No","","","1","0","2","924336354811334676","924336354811334676","797920307284934697","1","F","S","S","S","A","F","D","",""
"vj3wpvz","11949","3","Teresa Linares","Tales of Berseria","2","Mon, 15 Jul 2024 21:34:05 GMT","1721079245856","28","","","","No","No","","","1","0","2","924336354811334676","924336354811334676","797920307284934697","16","F","S","S","S","A","F","D","",""
"vj3w136","66397","1","Master Nekosuke","Shouwa Genroku Rakugo Shinjuu OVA","1","Mon, 15 Jul 2024 20:07:58 GMT","1721074078264","1","","","","No","No","","","0","0","1","924336354811334676","924336354811334676","797920307284934697","0","F","S","S","S","A","F","D","",""
"vj3wqpw","21189","1","Satsuki Kururugi","I-CHU: Halfway Through the Idol","0","Mon, 15 Jul 2024 19:40:21 GMT","1721072421683","1","","","","No","No","","","1","0","0","737980149995274240","924336354811334676","797920307284934697","0","F","S","S","F","B","F","D","",""
"vj3wmfr","66597","1","Kougan","Ah My Buddha!! Katsu!!","4","Mon, 15 Jul 2024 18:52:15 GMT","1721069535021","3","","","","No","No","","","1","0","4","924336354811334676","924336354811334676","797920307284934697","1","F","S","S","S","A","F","D","",""
"vj32n05","5039","2","Kei Tanigawa","Akebi's Sailor Uniform","3","Mon, 15 Jul 2024 18:08:23 GMT","1721066903315","42","","","","No","No","","","1","0","3","924336354811334676","924336354811334676","797920307284934697","25","F","S","S","S","A","F","D","",""
"vj3hlvm","23296","2","Crab Long Bao","Food Fantasy","3","Mon, 15 Jul 2024 17:29:46 GMT","1721064586224","60","","","","No","No","","","2","0","3","924336354811334676","924336354811334676","797920307284934697","35","F","S","S","S","A","F","D","",""
"vj3hj8t","36074","2","Griffin","Combatants Will Be Dispatched!","2","Mon, 15 Jul 2024 16:57:28 GMT","1721062648863","15","","","","No","No","","","1","0","2","1167080205488226380","924336354811334676","797920307284934697","6","F","S","S","F","D","F","D","",""
"vj3q520","13665","1","Jabbathe's Subordinate","Vinland Saga","1","Mon, 15 Jul 2024 16:39:06 GMT","1721061546952","4","","","","No","No","","","0","0","1","737980149995274240","737980149995274240","797920307284934697","1","F","S","F","F","D","F","C","",""
"vj3hq1x","56639","1","Amanohara Suiko","Muv-Luv","2","Mon, 15 Jul 2024 16:31:30 GMT","1721061090640","4","","","","No","No","","","0","0","2","688687114128588823","924336354811334676","797920307284934697","1","F","S","S","F","A","F","D","",""
"vj3qq23","66345","1","Ishiham","Hamtaro Movie 2: Ham Ham Ham~Jya! Maboroshi no Princess","2","Mon, 15 Jul 2024 15:54:34 GMT","1721058874374","4","","","","No","No","","","1","0","2","737980149995274240","924336354811334676","797920307284934697","1","F","S","S","F","B","F","D","",""
"vj30rvt","1884","6","Mao","Tales of Rebirth","1","Mon, 15 Jul 2024 14:01:29 GMT","1721052089730","18","","","","No","No","","","1","0","1","924336354811334676","924336354811334676","797920307284934697","14","F","S","S","S","A","F","C","",""
"vj3ml9z","66305","1","Yukinari Mori","Haikyuu!!","1","Mon, 15 Jul 2024 12:48:31 GMT","1721047711492","4","","","","No","No","","","1","0","1","924336354811334676","924336354811334676","797920307284934697","1","F","S","S","S","B","F","D","",""
"vj3mtll","17387","3","Medea (Lily)","Fate/Grand Order","3","Mon, 15 Jul 2024 11:37:32 GMT","1721043452055","82","","","","No","No","","","3","0","3","924336354811334676","924336354811334676","797920307284934697","46","F","S","S","S","A","F","D","",""
"vj3m0fp","55538","1","Baizhu","Genshin Impact","4","Mon, 15 Jul 2024 10:58:37 GMT","1721041117165","231","","","","No","No","genshin","","142","0","4","688687114128588823","688687114128588823","797920307284934697","109","F","S","F","F","A","F","D","",""
"vjrczc0","3704","2","Damian Desmond","Spy x Family","4","Mon, 15 Jul 2024 10:03:27 GMT","1721037807687","272","","","","No","No","","","50","0","4","","924336354811334676","797920307284934697","136","F","S","S","F","D","F","D","",""
"vj3mqz9","66148","1","Lin Koshi","Hunter x Hunter (2011)","3","Mon, 15 Jul 2024 09:46:34 GMT","1721036794785","14","","","","No","No","hxh","","1","0","3","737980149995274240","737980149995274240","797920307284934697","8","F","S","F","F","A","F","D","",""
"vj3mr55","66772","1","John","Silver Fang","3","Mon, 15 Jul 2024 09:42:12 GMT","1721036532936","8","","","","No","No","","","3","0","3","924336354811334676","924336354811334676","797920307284934697","4","F","S","S","S","A","F","D","",""
"vjr665p","65963","1","Irekaekodama","Dog Days'","2","Mon, 15 Jul 2024 09:06:34 GMT","1721034394775","4","","","","No","No","","","1","0","2","924336354811334676","924336354811334676","797920307284934697","1","F","S","S","S","A","F","D","",""
"vjrct6j","23466","3","Ghandagoza","Granblue Fantasy","3","Mon, 15 Jul 2024 08:26:19 GMT","1721031979396","38","","","","No","No","","","1","0","3","924336354811334676","924336354811334676","797920307284934697","24","F","S","S","S","A","F","D","",""
"vjr8l8t","66231","1","Keiji Mogami","Mob Psycho 100 II","2","Sun, 14 Jul 2024 23:43:37 GMT","1721000617969","6","","","","No","No","","","1","0","2","1246258973821243494","924336354811334676","797920307284934697","4","F","S","S","F","F","F","D","",""
"vjr8834","15355","1","Kobold","Campfire Cooking in Another World with My Absurd Skill","3","Sun, 14 Jul 2024 23:32:27 GMT","1720999947234","10","","","","No","No","","","1","0","3","","924336354811334676","797920307284934697","5","F","S","S","F","C","F","C","",""
"vjrtrd3","7164","2","Yna Ku","The Alchemist Code","0","Sun, 14 Jul 2024 23:13:30 GMT","1720998810101","5","","","","No","No","","","1","0","0","924336354811334676","924336354811334676","797920307284934697","1","F","S","S","S","S","F","C","",""
"vjrl6rp","54739","1","Carbuncle","Final Fantasy VII Remake","2","Sun, 14 Jul 2024 22:10:09 GMT","1720995009352","10","","","","No","No","","","1","0","2","924336354811334676","924336354811334676","797920307284934697","6","F","S","S","S","A","F","D","",""
"vjrlfcc","4569","4","Gagumber","Sakugan","3","Sun, 14 Jul 2024 21:29:49 GMT","1720992589079","38","","","","No","No","","","1","0","3","924336354811334676","924336354811334676","797920307284934697","24","F","S","S","S","A","F","D","",""
"vjrfqs7","1147","1","Chii-chan","Our Dating Story: The Experienced You and The Inexperienced Me","1","Sun, 14 Jul 2024 19:36:00 GMT","1720985760178","8","","","","No","No","","","1","0","1","","737980149995274240","797920307284934697","4","F","S","F","F","F","F","C","",""
"vjrlwc5","66315","1","Sigma","Mahou Shoujo Tai Arusu","1","Sun, 14 Jul 2024 19:29:38 GMT","1720985378334","2","","","","No","No","jesus","","7","0","1","","924336354811334676","797920307284934697","1","F","S","S","F","B","F","D","",""
"vjrfr31","13578","4","Sora","The Dungeon of Black Company","4","Sun, 14 Jul 2024 19:08:33 GMT","1720984113178","130","","","","No","No","","","1","0","4","","737980149995274240","797920307284934697","60","F","S","F","F","F","F","D","",""
"vjrqrrt","3107","1","Yukong","Honkai: Star Rail","3","Sun, 14 Jul 2024 19:08:18 GMT","1720984098133","122","","","","No","No","","","37","0","3","737980149995274240","737980149995274240","797920307284934697","63","F","S","F","F","A","F","D","",""
"vjrf9kw","50534","1","Shura","Granblue Fantasy","3","Sun, 14 Jul 2024 19:04:25 GMT","1720983865457","29","","","","No","No","","","1","0","3","924336354811334676","924336354811334676","797920307284934697","15","F","S","S","S","A","F","D","",""
"vjrgfj6","61488","1","Baacharu","Virtual-san Looking","2","Sun, 14 Jul 2024 17:42:27 GMT","1720978947096","8","","","","No","No","","","1","0","2","","924336354811334676","797920307284934697","4","F","S","S","F","D","F","D","",""
"vjrgwcx","2224","1","Dale","Sugar Apple Fairy Tale","2","Sun, 14 Jul 2024 16:52:35 GMT","1720975955744","6","","","","No","No","","","0","0","2","924336354811334676","924336354811334676","797920307284934697","5","F","S","S","S","C","F","B","",""
"vjr3c17","66185","1","Dancing Cat","Mahoujin Guru Guru (2017)","2","Sun, 14 Jul 2024 15:57:52 GMT","1720972672573","7","","","","No","No","","","1","0","2","924336354811334676","924336354811334676","797920307284934697","4","F","S","S","S","A","F","D","",""
"vjrr6n7","63333","1","Keiko Anderson","Detective Conan: Sunflowers of Inferno","2","Sun, 14 Jul 2024 15:25:12 GMT","1720970712677","2","","","","No","No","","","2","0","2","924336354811334676","924336354811334676","797920307284934697","1","F","S","S","S","A","F","D","",""
"vjrpfrc","9414","4","Rentaro Satomi","Black Bullet","2","Sun, 14 Jul 2024 12:39:21 GMT","1720960761655","42","","","","No","No","","","10","0","2","","924336354811334676","797920307284934697","24","F","S","S","F","A","F","D","",""
"vjrr1rq","14676","3","Airi Sakura","Classroom of the Elite","0","Sun, 14 Jul 2024 12:24:16 GMT","1720959856196","15","","","","No","No","","","60","0","0","924336354811334676","688687114128588823","797920307284934697","6","F","S","F","S","F","F","D","",""
"vjrr1rm","3578","2","Gamma 1","Dragon Ball Super: Super Hero","2","Sun, 14 Jul 2024 12:21:48 GMT","1720959708245","36","","","","No","No","","","14","0","2","924336354811334676","924336354811334676","797920307284934697","20","F","S","S","S","A","F","D","",""
"vjrpkw4","13646","4","Renny Epstain","D.Gray-man","0","Sun, 14 Jul 2024 11:47:52 GMT","1720957672963","6","","","","No","No","","","1","0","0","924336354811334676","924336354811334676","797920307284934697","4","F","S","S","S","B","F","D","",""
"vjr4ztm","28747","1","Daryl Yan","Guilty Crown","3","Sun, 14 Jul 2024 11:17:38 GMT","1720955858809","14","","","","No","No","","","1","0","3","924336354811334676","924336354811334676","797920307284934697","8","F","S","S","S","S","F","D","",""
"vjrpmnm","63","2","Felm","The Wrong Way to Use Healing Magic","2","Sun, 14 Jul 2024 09:48:56 GMT","1720950536032","49","","","","No","No","","","13","0","2","924336354811334676","924336354811334676","797920307284934697","31","F","S","S","S","B","F","A","",""
"vjrbz58","19163","1","Saki Yamashita","Classroom of the Elite","2","Sun, 14 Jul 2024 00:05:17 GMT","1720915517067","13","","","","No","No","","","1","0","2","924336354811334676","924336354811334676","797920307284934697","6","F","S","S","S","A","F","C","",""
"vjrbx17","66243","1","Jumbo Panther","Cutie Honey Universe","2","Sat, 13 Jul 2024 23:44:24 GMT","1720914264190","2","","","","No","No","","","0","0","2","1167080205488226380","924336354811334676","797920307284934697","1","F","S","S","F","F","F","D","",""
"vjrbjp7","20068","1","Dot","Wonder Egg Priority","2","Sat, 13 Jul 2024 23:16:50 GMT","1720912610400","10","","","","No","No","","","1","0","2","924336354811334676","924336354811334676","797920307284934697","6","F","S","S","S","A","F","D","",""
"vjr5gx0","473","1","Manticore's Child","Dragon Goes House-Hunting","2","Sat, 13 Jul 2024 22:47:24 GMT","1720910844484","6","","","","No","No","","","0","0","2","","924336354811334676","797920307284934697","5","F","S","S","F","B","F","A","",""
"vjrqp35","54401","1","Franz Kiefer","Monster","2","Sat, 13 Jul 2024 22:39:43 GMT","1720910383284","1","","","","No","No","monster","","1","0","2","373482686649597954","1167080205488226380","648031568756998155","0","F","S","F","F","F","F","D","",""
"vjr55fs","63178","1","Maiko Shimazaki","Tokyo Mirage Sessions FE","2","Sat, 13 Jul 2024 22:11:45 GMT","1720908705781","8","","","","No","No","","","1","0","2","688687114128588823","924336354811334676","797920307284934697","4","F","S","S","F","A","F","D","",""
"vjr5596","1363","3","Keigo Saikawa","School Babysitters","3","Sat, 13 Jul 2024 21:58:29 GMT","1720907909179","50","","","","No","No","","","1","0","3","924336354811334676","924336354811334676","797920307284934697","33","F","S","S","S","A","F","B","",""
"vjr59hh","15084","3","Ayano Tateyama","Mekakucity Actors","2","Sat, 13 Jul 2024 21:21:21 GMT","1720905681904","40","","","","No","No","","","27","0","2","924336354811334676","924336354811334676","797920307284934697","21","F","S","S","S","B","F","D","",""
"vjrwghp","13846","1","Yukichi","Josee, the Tiger and the Fish","2","Sat, 13 Jul 2024 20:32:42 GMT","1720902762321","13","","","","No","No","","","2","0","2","924336354811334676","924336354811334676","797920307284934697","5","F","S","S","S","F","F","D","",""
"vjrkk1f","66417","1","Mei's Mother","Arashi no Yoru ni","1","Sat, 13 Jul 2024 20:11:45 GMT","1720901505173","1","","","","No","No","","","0","0","1","688687114128588823","924336354811334676","797920307284934697","0","F","S","S","F","F","F","D","",""
"vjr2xl6","2351","6","Agnès Chevalier de Milan","The Familiar of Zero: Knight of the Twin Moons","3","Sat, 13 Jul 2024 19:51:19 GMT","1720900279099","72","","","","No","No","","","1","0","3","","924336354811334676","797920307284934697","41","F","S","S","F","A","F","C","",""
"vjrw4sv","66044","1","Ricky","Freedom","2","Sat, 13 Jul 2024 19:13:09 GMT","1720897989312","1","","","","No","No","","","1","0","2","924336354811334676","924336354811334676","797920307284934697","0","F","S","S","S","B","F","D","",""
"vjr2w5q","7415","1","Okada Izou","Fate/KOHA-ACE","2","Sat, 13 Jul 2024 18:17:57 GMT","1720894677640","20","","","","No","No","","","11","0","2","924336354811334676","924336354811334676","797920307284934697","13","F","S","S","S","A","F","D","",""
"vjrhtpv","37423","2","Mr. Karate","Art of Fighting","2","Sat, 13 Jul 2024 17:43:45 GMT","1720892625067","17","","","","No","No","","","1","0","2","688687114128588823","924336354811334676","797920307284934697","6","F","S","S","F","D","F","D","",""
"vjrhcm3","4770","1","Yna Ku","The Alchemist Code","2","Sat, 13 Jul 2024 16:44:16 GMT","1720889056484","15","","","","No","No","","","1","0","2","688687114128588823","924336354811334676","797920307284934697","8","F","S","S","F","D","F","C","",""
"vjrh6x3","66220","1","Chirithy","Kingdom Hearts x Back Cover","1","Sat, 13 Jul 2024 16:06:27 GMT","1720886787576","4","","","","No","No","","","6","0","1","924336354811334676","924336354811334676","797920307284934697","1","F","S","S","S","A","F","D","",""
"vjrv12z","66446","1","Widow","Sailor Moon","2","Sat, 13 Jul 2024 13:19:27 GMT","1720876767731","5","","","","No","No","","","0","0","2","924336354811334676","924336354811334676","797920307284934697","1","F","S","S","S","A","F","D","",""
"vjr00ng","65925","1","Teru's Mother","Death Note","4","Sat, 13 Jul 2024 12:26:09 GMT","1720873569812","42","","","","No","No","","","1","0","4","924336354811334676","924336354811334676","797920307284934697","25","F","S","S","S","A","F","D","",""
"vjrmxm3","36052","2","Jil","Those Snow White Notes","3","Sat, 13 Jul 2024 10:55:54 GMT","1720868154135","25","","","","No","No","","","1","0","3","924336354811334676","924336354811334676","797920307284934697","14","F","S","S","S","A","F","D","",""
"vjrm0h4","13861","3","Kratos Aurion","Tales of Symphonia","2","Sat, 13 Jul 2024 10:23:15 GMT","1720866195181","28","","","","No","No","","","8","0","2","924336354811334676","924336354811334676","797920307284934697","15","F","S","S","S","A","F","D","",""
"vjpd3gk","38102","2","Gigas Terano","Murenase! Seton Gakuen","2","Fri, 12 Jul 2024 23:47:06 GMT","1720828026351","13","","","","No","No","","","1","0","2","924336354811334676","924336354811334676","797920307284934697","5","F","S","S","S","F","F","D","",""
"vjp78bh","141","4","Kouzuki Mio","ONE.","2","Fri, 12 Jul 2024 22:03:18 GMT","1720821798614","39","","","","No","No","","","1","1","2","924336354811334676","924336354811334676","797920307284934697","30","F","S","S","S","S","D","A","",""
"vjp8nrm","22934","3","Denjiro","One Piece","3","Fri, 12 Jul 2024 21:15:10 GMT","1720818910331","77","","","","No","No","","","5","0","3","924336354811334676","924336354811334676","797920307284934697","44","F","S","S","S","S","F","D","",""
"vjp8394","39597","2","Misa Anehara","Modern Magic Made Simple","2","Fri, 12 Jul 2024 20:45:11 GMT","1720817111617","22","","","","No","No","","","1","0","2","924336354811334676","924336354811334676","797920307284934697","14","F","S","S","S","A","F","D","",""
"vjpld4w","2419","6","Gin","Bungou Stray Dogs","2","Fri, 12 Jul 2024 20:08:07 GMT","1720814887173","62","","","","No","No","","","20","0","2","924336354811334676","924336354811334676","797920307284934697","41","F","S","S","S","A","F","C","",""
"vjp87cf","64542","1","Claire Bennett","Tales of Rebirth","4","Fri, 12 Jul 2024 19:23:39 GMT","1720812219136","20","","","","No","No","","","1","0","4","924336354811334676","924336354811334676","797920307284934697","13","F","S","S","S","B","F","D","",""
"vjplfcn","5316","5","Paprika","Paprika","1","Fri, 12 Jul 2024 18:41:43 GMT","1720809703463","19","","","","No","No","","","24","0","1","924336354811334676","924336354811334676","797920307284934697","14","F","S","S","S","B","F","D","",""
"vjpl05d","39534","2","Bellamy","One Piece","2","Fri, 12 Jul 2024 17:57:45 GMT","1720807065140","35","","","","No","No","","","3","0","2","924336354811334676","924336354811334676","797920307284934697","20","F","S","S","S","A","F","D","",""
"vjpfjc1","66028","1","Madoka","Junji Ito Collection","0","Fri, 12 Jul 2024 17:30:02 GMT","1720805402094","1","","","","No","No","","","0","0","0","1246258973821243494","924336354811334676","797920307284934697","0","F","S","S","F","F","F","D","",""
"vjplw2n","65930","1","Kid","Gintama'","2","Fri, 12 Jul 2024 17:20:00 GMT","1720804800214","3","","","","No","No","","","1","0","2","924336354811334676","924336354811334676","797920307284934697","1","F","S","S","S","B","F","D","",""
"vjp99pk","66294","1","Pichu","Pokémon: Diamond & Pearl","2","Fri, 12 Jul 2024 16:28:30 GMT","1720801710874","31","","","","No","No","","","11","0","2","1167080205488226380","1167080205488226380","797920307284934697","15","F","S","F","F","A","F","D","",""
"vjpfzsw","65848","1","Takuya's Father","Yamishibai: Japanese Ghost Stories 6th Season","1","Fri, 12 Jul 2024 16:24:43 GMT","1720801483922","1","","","","No","No","","","0","0","1","688687114128588823","924336354811334676","797920307284934697","0","F","S","S","F","A","F","D","",""
"vjpfk9z","21125","1","Ash's Gengar","Pokémon Journeys: The Series","4","Fri, 12 Jul 2024 16:04:13 GMT","1720800253714","128","","","","No","No","","","10","0","4","924336354811334676","924336354811334676","797920307284934697","71","F","S","S","S","A","F","D","",""
"vjp9jb9","3401","3","Haley","The Reason Why Raeliana Ended Up at the Duke's Mansion","0","Fri, 12 Jul 2024 15:23:46 GMT","1720797826250","6","","","","No","No","","","1","0","0","924336354811334676","924336354811334676","797920307284934697","5","F","S","S","S","S","F","B","",""
"vjp9gh1","66067","1","Haru","My Roommate Is a Cat","1","Fri, 12 Jul 2024 14:40:33 GMT","1720795233507","8","","","","No","No","","","13","0","1","924336354811334676","924336354811334676","797920307284934697","4","F","S","S","S","A","F","D","",""
"vjpg727","10597","4","Sakura Yamauchi","I Want to Eat Your Pancreas","4","Fri, 12 Jul 2024 14:10:02 GMT","1720793402429","293","","","","No","No","","","143","0","4","924336354811334676","924336354811334676","797920307284934697","164","F","S","S","S","S","F","D","",""
"vjpgv3d","66532","1","Mofurun","Mahou Tsukai Precure!","1","Fri, 12 Jul 2024 13:31:55 GMT","1720791115756","2","","","","No","No","","","1","0","1","688687114128588823","924336354811334676","797920307284934697","1","F","S","S","F","F","F","D","",""
"vjp3vqx","21885","2","Legeiel","Kamen Rider Saber: Short Story Activity Manga Collection","2","Fri, 12 Jul 2024 13:01:54 GMT","1720789314024","12","","","","No","No","","","1","0","2","924336354811334676","924336354811334676","797920307284934697","6","F","S","S","S","S","F","D","",""
"vjp3wjg","3628","2","Hajime Sadamaki","Miss Kuroitsu from the Monster Development Department","2","Fri, 12 Jul 2024 12:29:30 GMT","1720787370700","17","","","","No","No","","","1","0","2","924336354811334676","924336354811334676","797920307284934697","8","F","S","S","S","B","F","D","",""
"vjp3btj","66299","1","Exhibitionist","Comical Psychosomatic Medicine","0","Fri, 12 Jul 2024 11:13:28 GMT","1720782808323","1","","","","No","No","","","1","0","0","924336354811334676","924336354811334676","797920307284934697","0","F","S","S","S","A","F","D","",""
"vjp3qz8","17124","3","Suzushiro","Rail Romanesque","3","Fri, 12 Jul 2024 10:25:22 GMT","1720779922924","53","","","","No","No","","","2","0","3","","924336354811334676","797920307284934697","28","F","S","S","F","B","F","D","",""
"vjpr3x8","1802","4","Franklin","Hunter x Hunter","3","Fri, 12 Jul 2024 10:06:38 GMT","1720778798800","109","","","","No","No","hxh","","10","2","3","1035524989132222496","1167080205488226380","648031568756998155","61","F","S","F","F","S","C","C","",""
"vjpznzj","17929","2","George Sairas","Death Note","4","Fri, 12 Jul 2024 09:53:22 GMT","1720778002421","79","","","","No","No","","","1","0","4","1028312750813892658","1167080205488226380","648031568756998155","36","F","S","F","F","F","F","D","",""
"vjp4n28","13598","3","San","Princess Mononoke","2","Fri, 12 Jul 2024 09:52:52 GMT","1720777972253","53","","","","No","No","","","127","4","2","276185706659971072","1167080205488226380","648031568756998155","29","F","S","F","F","A","A","D","",""
"vjppcxf","17542","3","Honey","Nanbaka","2","Fri, 12 Jul 2024 09:30:28 GMT","1720776628536","29","","","","No","No","","","3","0","2","924336354811334676","924336354811334676","797920307284934697","15","F","S","S","S","S","F","D","",""
"vjppqjh","65721","1","Naganuma","D-Frag!","2","Fri, 12 Jul 2024 09:18:57 GMT","1720775937432","2","","","","No","No","","","0","0","2","688687114128588823","924336354811334676","797920307284934697","1","F","S","S","F","S","F","D","",""
"vjppc13","10387","4","Nezuko Kamado","Demon Slayer: Kimetsu no Yaiba","2","Fri, 12 Jul 2024 09:00:12 GMT","1720774812225","90","","","","No","No","kny","","5840","0","2","","924336354811334676","797920307284934697","43","F","S","S","F","F","F","D","",""
"vjpr0v5","1129","3","Zabaione","Food Fantasy","2","Fri, 12 Jul 2024 08:58:39 GMT","1720774719446","35","","","","No","No","","","2","0","2","924336354811334676","924336354811334676","797920307284934697","23","F","S","S","S","A","F","A","",""
"vjp1h2v","39990","2","Nono","Gunbuster 2: Science Lessons","1","Fri, 12 Jul 2024 00:55:58 GMT","1720745758829","7","","","","No","No","","","2","0","1","924336354811334676","924336354811334676","797920307284934697","4","F","S","S","S","A","F","D","",""
"vjpntdd","1924","6","Yomi","The Alchemist Code","3","Fri, 12 Jul 2024 00:02:39 GMT","1720742559192","94","","","","No","No","","","1","0","3","924336354811334676","924336354811334676","797920307284934697","59","F","S","S","S","S","F","C","",""
"vjpjn02","4990","3","Ryou Hattori","Shikizakura","2","Thu, 11 Jul 2024 23:32:31 GMT","1720740751678","21","","","","No","No","","","1","0","2","924336354811334676","924336354811334676","797920307284934697","13","F","S","S","S","S","F","D","",""
"vjp57n6","11380","2","Lucia Konohana","Rewrite","3","Thu, 11 Jul 2024 22:40:23 GMT","1720737623139","51","","","","No","No","","","3","0","3","","924336354811334676","797920307284934697","26","F","S","S","F","B","F","D","",""
"vjpb0j0","1884","6","Mikan Tsumiki","Danganronpa 2: Goodbye Despair","2","Thu, 11 Jul 2024 22:18:17 GMT","1720736297506","78","","","","No","No","","","112","0","2","","924336354811334676","797920307284934697","48","F","S","S","F","S","F","C","",""
"vjpb27r","65949","1","Kemi","Outlaw Star","0","Thu, 11 Jul 2024 22:02:18 GMT","1720735338096","2","","","","No","No","","","1","0","0","","924336354811334676","797920307284934697","1","F","S","S","F","A","F","D","",""
"vjpbpcj","5514","5","Setsu Sawamura","Those Snow White Notes","2","Thu, 11 Jul 2024 21:47:11 GMT","1720734431711","35","","","","No","No","","","7","0","2","1167080205488226380","924336354811334676","797920307284934697","18","F","S","S","F","F","F","D","",""
"vjpb8cl","1928","6","Kenzo Tenma","Monster","3","Thu, 11 Jul 2024 21:42:50 GMT","1720734170462","122","","","","No","No","monster","","123","0","3","1167080205488226380","1167080205488226380","797920307284934697","69","F","S","F","F","A","F","C","",""
"vjpkq5h","66129","1","Tama","Nyan Koi!","4","Thu, 11 Jul 2024 20:02:05 GMT","1720728125800","36","","","","No","No","","","1","0","4","","924336354811334676","797920307284934697","16","F","S","S","F","F","F","D","",""
"vjpk0fz","9961","4","Reita Toritsuka","The Disastrous Life of Saiki K.","2","Thu, 11 Jul 2024 19:56:04 GMT","1720727764669","41","","","","No","No","","","4","0","2","688687114128588823","688687114128588823","797920307284934697","21","F","S","F","F","A","F","D","",""
"vjpkfcr","66093","1","Boku","Bannou Yasai Ninninman","2","Thu, 11 Jul 2024 19:41:25 GMT","1720726885511","7","","","","No","No","","","0","0","2","924336354811334676","924336354811334676","797920307284934697","4","F","S","S","S","A","F","D","",""
"vjpk946","10166","4","Hayu Nukui","Dropout Idol Fruit Tart","1","Thu, 11 Jul 2024 19:04:10 GMT","1720724650056","15","","","","No","No","","","1","0","1","924336354811334676","924336354811334676","797920307284934697","8","F","S","S","S","A","F","D","",""
"vjpwbg4","15345","3","Monshiro","Psychedelica of the Black Butterfly","2","Thu, 11 Jul 2024 17:21:45 GMT","1720718505018","24","","","","No","No","","","3","0","2","1167080205488226380","924336354811334676","797920307284934697","11","F","S","S","F","D","F","D","",""
"vjp2tcx","66548","1","Piman","Bannou Yasai Ninninman","3","Thu, 11 Jul 2024 16:19:22 GMT","1720714762594","3","","","","No","No","","","0","0","3","924336354811334676","924336354811334676","797920307284934697","1","F","S","S","S","A","F","D","",""
"vjphkpl","5168","5","Tamaki Amajiki","My Hero Academia 3","3","Thu, 11 Jul 2024 15:05:12 GMT","1720710312654","156","","","","No","No","","","156","0","3","924336354811334676","924336354811334676","797920307284934697","93","F","S","S","S","S","F","D","",""
"vjph180","38803","2","Caro Ru Lushe","Magical Girl Lyrical Nanoha StrikerS","1","Thu, 11 Jul 2024 14:20:51 GMT","1720707651831","7","","","","No","No","","","1","1","1","924336354811334676","924336354811334676","797920307284934697","4","F","S","S","S","A","D","D","",""
"vjpqbww","66227","1","Shou Tucker","Fullmetal Alchemist","1","Thu, 11 Jul 2024 12:28:52 GMT","1720700932555","6","","","","No","No","","","5","0","1","1167080205488226380","924336354811334676","797920307284934697","4","F","S","S","F","F","F","D","",""
"vjpvdrn","39551","2","Ryoko","Hitorijime My Hero","4","Thu, 11 Jul 2024 11:58:09 GMT","1720699089355","65","","","","No","No","","","1","0","4","1167080205488226380","924336354811334676","797920307284934697","31","F","S","S","F","F","F","D","",""
"vjpvk8l","36445","2","Retz","Hunter x Hunter: Phantom Rouge","2","Thu, 11 Jul 2024 11:36:17 GMT","1720697777407","28","","","","No","No","","","1","0","2","1167080205488226380","1167080205488226380","797920307284934697","13","F","S","F","F","A","F","D","",""
"vjp0d39","66271","1","Djel Sannes","Attack on Titan 3rd Season","4","Thu, 11 Jul 2024 10:23:39 GMT","1720693419039","48","","","","No","No","","","1","0","4","924336354811334676","924336354811334676","797920307284934697","26","F","S","S","S","A","F","D","",""
"vjp0k5l","11465","2","Sagawa Tsukasa","Yakuza 0","1","Thu, 11 Jul 2024 09:49:19 GMT","1720691359370","8","","","","No","No","","","1","0","1","924336354811334676","924336354811334676","797920307284934697","4","F","S","S","S","S","F","D","",""
"vj4d177","66451","1","Den-tan","Hagane Orchestra","1","Wed, 10 Jul 2024 23:18:44 GMT","1720653524729","1","","","","No","No","","","1","0","1","924336354811334676","924336354811334676","797920307284934697","0","F","S","S","S","F","F","D","",""
"vj47ntc","66411","1","Ameri","Mono no Kami-sama Cocotama","0","Wed, 10 Jul 2024 22:32:39 GMT","1720650759262","1","","","","No","No","","","1","0","0","1246258973821243494","924336354811334676","797920307284934697","0","F","S","S","F","F","F","D","",""
"vj4tc1r","13680","4","Yoosung Kim","Mystic Messenger","2","Wed, 10 Jul 2024 22:09:14 GMT","1720649354069","56","","","","No","No","","","54","0","2","924336354811334676","924336354811334676","797920307284934697","31","F","S","S","S","S","F","D","",""
"vj47wj2","59440","1","Nagi","Fire Emblem: Shadow Dragon","3","Wed, 10 Jul 2024 21:32:59 GMT","1720647179791","27","","","","No","No","","","1","0","3","924336354811334676","924336354811334676","797920307284934697","15","F","S","S","S","C","F","D","",""
"vj4ts3m","2044","3","Yuri","Farming Life in Another World","2","Wed, 10 Jul 2024 20:55:30 GMT","1720644930784","33","","","","No","No","","","1","0","2","924336354811334676","924336354811334676","797920307284934697","19","F","S","S","S","A","F","C","",""
"vj48f8f","9713","4","Ken Kaneki","Tokyo Ghoul","1","Wed, 10 Jul 2024 20:19:19 GMT","1720642759528","43","","","","No","No","","","1926","1","1","924336354811334676","924336354811334676","797920307284934697","26","F","S","S","S","A","D","D","",""
"vj484mk","66247","1","Black Market Door Attendant","The Ancient Magus' Bride","2","Wed, 10 Jul 2024 19:40:24 GMT","1720640424298","2","","","","No","No","","","1","0","2","924336354811334676","924336354811334676","797920307284934697","1","F","S","S","S","B","F","D","",""
"vj487ph","66733","1","Aya Tozawa","Mushishi","3","Wed, 10 Jul 2024 19:09:42 GMT","1720638582831","3","","","","No","No","","","0","0","3","924336354811334676","924336354811334676","797920307284934697","1","F","S","S","S","A","F","D","",""
"vj48b7q","16661","1","Shinichi Okazaki","Nana","2","Wed, 10 Jul 2024 18:20:44 GMT","1720635644048","11","","","","No","No","","","50","0","2","924336354811334676","924336354811334676","797920307284934697","5","F","S","S","S","A","F","D","",""
"vj4l2j4","66088","1","Shigeshige Tokugawa","Gintama","1","Wed, 10 Jul 2024 17:48:49 GMT","1720633729023","1","","","","No","No","","","4","0","1","924336354811334676","924336354811334676","797920307284934697","0","F","S","S","S","A","F","D","",""
"vj4f0wk","66243","1","Chris Evergreen","Yumekui Merry","2","Wed, 10 Jul 2024 17:18:49 GMT","1720631929864","6","","","","No","No","","","1","0","2","924336354811334676","924336354811334676","797920307284934697","4","F","S","S","S","C","F","D","",""
"vj4fm7h","12334","2","Ferry","Granblue Fantasy the Animation Season 2","2","Wed, 10 Jul 2024 16:59:09 GMT","1720630749273","31","","","","No","No","","","15","0","2","1167080205488226380","924336354811334676","797920307284934697","15","F","S","S","F","F","F","D","",""
"vj4fs8q","7543","2","Ritsuka Takesaka","Baku Ane 2: Otouto Ippai Shibocchau zo!","2","Wed, 10 Jul 2024 16:47:52 GMT","1720630072112","71","","","","No","No","","","254","0","2","1167080205488226380","1167080205488226380","797920307284934697","35","F","S","F","F","B","F","D","",""
"vj4gw49","17370","3","Yaeko Nishimiya","A Silent Voice","1","Wed, 10 Jul 2024 16:45:46 GMT","1720629946783","20","","","","No","No","","","5","0","1","1167080205488226380","1167080205488226380","797920307284934697","10","F","S","F","F","A","F","D","",""
"vj4fdjc","38977","2","Mitsuhiro Hayakawa","Kuroko's Basketball","1","Wed, 10 Jul 2024 16:45:07 GMT","1720629907603","11","","","","No","No","","","1","0","1","","1167080205488226380","797920307284934697","5","F","S","F","F","F","F","D","",""
"vj4b1w2","14717","3","Minako Aino","Sailor Moon","2","Wed, 10 Jul 2024 16:44:15 GMT","1720629855679","48","","","","No","No","","","23","0","2","1167080205488226380","1167080205488226380","797920307284934697","23","F","S","F","F","A","F","D","",""
"vj49t5q","6133","5","Police Chief","Rurouni Kenshin","4","Wed, 10 Jul 2024 16:32:11 GMT","1720629131900","72","","","","No","No","","","1","0","4","924336354811334676","924336354811334676","797920307284934697","43","F","S","S","S","A","F","C","",""
"vj4f5c9","1204","2","Schupfnudeln","Food Fantasy","3","Wed, 10 Jul 2024 15:45:36 GMT","1720626336820","72","","","","No","No","","","2","0","3","924336354811334676","924336354811334676","797920307284934697","46","F","S","S","S","A","F","B","",""
"vj4gbq0","66155","1","Father","Chainsaw Maid","0","Wed, 10 Jul 2024 13:31:59 GMT","1720618319533","1","","","","No","No","","","1","0","0","924336354811334676","924336354811334676","797920307284934697","0","F","S","S","S","B","F","D","",""
"vj43v0f","22751","3","Kenta Connery","Magic Kaito 1412","2","Wed, 10 Jul 2024 12:55:55 GMT","1720616155372","16","","","","No","No","","","2","0","2","924336354811334676","924336354811334676","797920307284934697","8","F","S","S","S","A","F","D","",""
"vj4g5rk","65738","1","Confused Detective","Mitchiri Neko","0","Wed, 10 Jul 2024 12:22:41 GMT","1720614161849","2","","","","No","No","","","1","0","0","924336354811334676","924336354811334676","797920307284934697","1","F","S","S","S","S","F","D","",""
"vj43sms","12774","2","Mayu Nozaki","Monthly Girls' Nozaki-kun","2","Wed, 10 Jul 2024 10:59:18 GMT","1720609158864","28","","","","No","No","","","2","0","2","924336354811334676","924336354811334676","797920307284934697","16","F","S","S","S","A","F","C","",""
"vj4rcnv","65944","1","Little Red Riding Hood","Pikotarou no Lullaby Lu-llaby","3","Wed, 10 Jul 2024 09:16:58 GMT","1720603018093","3","","","","No","No","","","1","0","3","924336354811334676","924336354811334676","797920307284934697","1","F","S","S","S","D","F","D","",""
"vj4rj8v","66451","1","Ice","Kiratto Pri-chan 2nd Season","1","Wed, 10 Jul 2024 08:19:39 GMT","1720599579215","1","","","","No","No","","","1","0","1","924336354811334676","924336354811334676","797920307284934697","0","F","S","S","S","A","F","D","",""
"vj4b3xs","66794","1","Sasha Hammer","Iron Man: Rise of Technovore","2","Tue, 09 Jul 2024 23:00:27 GMT","1720566027022","3","","","","No","No","","","1","0","2","","924336354811334676","797920307284934697","1","F","S","S","F","F","F","D","",""
"vj4jlsn","10110","4","Rui Minazuki","Tsukiuta. The Animation","1","Tue, 09 Jul 2024 22:49:30 GMT","1720565370876","13","","","","No","No","","","1","0","1","688687114128588823","688687114128588823","797920307284934697","5","F","S","F","F","F","F","D","",""
"vj4b3xm","66190","1","Blue Fire","One-Punch Man","4","Tue, 09 Jul 2024 22:46:17 GMT","1720565177542","48","","","","No","No","","","1","0","4","","924336354811334676","797920307284934697","25","F","S","S","F","A","F","D","",""
"vj45x35","65492","1","Nekogami","We Rent Tsukumogami","3","Tue, 09 Jul 2024 22:16:06 GMT","1720563366179","14","","","","No","No","","","0","0","3","1167080205488226380","924336354811334676","797920307284934697","6","F","S","S","F","F","F","D","",""
"vj45srv","66510","1","Wolf","Pussycat","1","Tue, 09 Jul 2024 21:34:03 GMT","1720560843656","2","","","","No","No","","","1","0","1","924336354811334676","924336354811334676","797920307284934697","1","F","S","S","S","S","F","D","",""
"vj45bzg","35202","2","Queen","Heaven's Design Team","2","Tue, 09 Jul 2024 19:25:16 GMT","1720553116413","15","","","","No","No","","","1","0","2","924336354811334676","924336354811334676","797920307284934697","8","F","S","S","S","A","F","D","",""
"vj4kshm","5220","5","Inverse Tohka","Date a Live","0","Tue, 09 Jul 2024 18:52:31 GMT","1720551151065","16","","","","No","No","","","56","0","0","924336354811334676","924336354811334676","797920307284934697","9","F","S","S","S","S","F","C","",""
"vj4w9mg","23920","3","Etemon","Digimon Adventure","2","Tue, 09 Jul 2024 18:20:51 GMT","1720549251381","18","","","","No","No","","","3","0","2","924336354811334676","924336354811334676","797920307284934697","13","F","S","S","S","S","F","D","",""
"vj4kjvr","66128","1","Kapp'n","Animal Crossing","2","Tue, 09 Jul 2024 17:47:31 GMT","1720547251637","12","","","","No","No","","","6","0","2","924336354811334676","924336354811334676","797920307284934697","6","F","S","S","S","A","F","D","",""
"vj4w2r8","4201","3","Taliktan","Log Horizon 2","1","Tue, 09 Jul 2024 17:00:23 GMT","1720544423123","7","","","","No","No","","","0","0","1","924336354811334676","924336354811334676","797920307284934697","4","F","S","S","S","A","F","C","",""
"vj421vz","66259","1","Nagisa","Shounen Ashibe: Go! Go! Goma-chan (2017)","2","Tue, 09 Jul 2024 16:23:12 GMT","1720542192594","6","","","","No","No","","","1","0","2","1167080205488226380","924336354811334676","797920307284934697","4","F","S","S","F","A","F","D","",""
"vj4hdxr","35883","1","Dorugamon","Digimon X-Evolution","1","Tue, 09 Jul 2024 14:36:39 GMT","1720535799413","3","","","","No","No","","","1","0","1","924336354811334676","924336354811334676","797920307284934697","1","F","S","S","S","A","F","D","",""
"vj409b3","14623","3","Will Sprout","HELIOS Rising Heroes","2","Tue, 09 Jul 2024 12:23:16 GMT","1720527796047","23","","","","No","No","","","4","0","2","688687114128588823","688687114128588823","797920307284934697","11","F","S","F","F","A","F","D","",""
"vj40r71","55102","1","Fuso","Naruto Shippuden","3","Tue, 09 Jul 2024 12:21:38 GMT","1720527698168","24","","","","No","No","","","1","0","3","924336354811334676","924336354811334676","797920307284934697","14","F","S","S","S","A","F","D","",""
"vj4q150","5819","5","Lin Zhen","Link Click","0","Tue, 09 Jul 2024 11:31:41 GMT","1720524701157","6","","","","No","No","","","1","0","0","924336354811334676","924336354811334676","797920307284934697","4","F","S","S","S","S","F","C","",""
"vj40st4","9927","4","Eleanor Hume","Tales of Berseria","3","Tue, 09 Jul 2024 10:58:27 GMT","1720522707982","65","","","","No","No","","","5","0","3","924336354811334676","924336354811334676","797920307284934697","38","F","S","S","S","A","F","D","",""
"vj4v6xh","66558","1","Fay","Attack on Titan 3rd Season Part 2","1","Tue, 09 Jul 2024 10:16:51 GMT","1720520211367","5","","","","No","No","","","1","0","1","924336354811334676","688687114128588823","797920307284934697","1","F","S","F","S","F","F","D","",""
"vj4v6xq","58","6","Lupusregina Beta","Overlord","4","Tue, 09 Jul 2024 10:16:06 GMT","1720520166912","289","","","","No","No","","","79","0","4","924336354811334676","924336354811334676","797920307284934697","200","F","S","S","S","S","F","A","",""
"vj404kt","23471","3","Rize Kamishiro","Tokyo Ghoul","3","Tue, 09 Jul 2024 09:10:42 GMT","1720516242202","142","","","","No","No","","","97","0","3","924336354811334676","924336354811334676","797920307284934697","83","F","S","S","S","S","F","D","",""
"vjzsw59","5195","5","Uruka Takemoto","We Never Learn","2","Mon, 08 Jul 2024 22:44:51 GMT","1720478691041","46","","","","No","No","","","10","0","2","924336354811334676","924336354811334676","797920307284934697","26","F","S","S","S","S","F","D","",""
"vjzdnhq","26998","1","Mermaid Servant","Toilet-Bound Hanako-kun","0","Mon, 08 Jul 2024 22:27:51 GMT","1720477671069","3","","","","No","No","","","1","0","0","1167080205488226380","924336354811334676","797920307284934697","1","F","S","S","F","D","F","D","",""
"vjztl00","10514","2","Eunha","Closers","2","Mon, 08 Jul 2024 21:02:06 GMT","1720472526579","32","","","","No","No","","","3","0","2","924336354811334676","924336354811334676","797920307284934697","19","F","S","S","S","S","F","D","",""
"vj1jvcd","313","4","Wriothesley","Genshin Impact","2","Mon, 08 Jul 2024 19:14:50 GMT","1720466090947","84","","","","No","No","","","699","0","2","","688687114128588823","797920307284934697","46","F","S","F","F","C","F","A","",""
"vjz8wc0","23996","3","Ragar Kertia","Noblesse","1","Mon, 08 Jul 2024 18:23:22 GMT","1720463002116","10","","","","No","No","","","1","0","1","924336354811334676","924336354811334676","797920307284934697","6","F","S","S","S","A","F","D","",""
"vjzlntj","65710","1","Yukimaru","Fortune Arterial: Akai Yakusoku","2","Mon, 08 Jul 2024 17:52:19 GMT","1720461139838","5","","","","No","No","","","1","0","2","924336354811334676","924336354811334676","797920307284934697","1","F","S","S","S","B","F","D","",""
"vjzft3m","21497","2","Mitsuo","Yakuza 3","4","Mon, 08 Jul 2024 17:20:29 GMT","1720459229056","56","","","","No","No","","","1","0","4","924336354811334676","924336354811334676","797920307284934697","31","F","S","S","S","S","F","D","",""
"vjzlqq0","66110","1","Mother Rumphob","Ronja, the Robber's Daughter","3","Mon, 08 Jul 2024 16:13:49 GMT","1720455229610","3","","","","No","No","","","1","0","3","924336354811334676","924336354811334676","797920307284934697","1","F","S","S","S","A","F","D","",""
"vjz932s","65956","1","Alessandra Susu","t7s Longing for summer Again And Again: Harukaze","4","Mon, 08 Jul 2024 12:45:15 GMT","1720442715897","26","","","","No","No","","","1","0","4","924336354811334676","924336354811334676","797920307284934697","15","F","S","S","S","A","F","D","",""
"vjzgn92","27514","1","Kotaro's Classmate E","Kotaro Lives Alone","3","Mon, 08 Jul 2024 11:02:31 GMT","1720436551216","9","","","","No","No","","","1","0","3","924336354811334676","924336354811334676","797920307284934697","4","F","S","S","S","A","F","D","",""
"vjz3hq0","66008","1","Ichika Omori","My Girlfriend is Shobitch","1","Mon, 08 Jul 2024 10:20:00 GMT","1720434000143","2","","","","No","No","","","1","0","1","924336354811334676","924336354811334676","797920307284934697","1","F","S","S","S","A","F","D","",""
"vjznq2m","66235","1","Sweets Study Group Girl A","Hyouka","4","Sun, 07 Jul 2024 23:16:54 GMT","1720394214034","32","","","","No","No","","","1","0","4","924336354811334676","924336354811334676","797920307284934697","19","F","S","S","S","S","F","D","",""
"vjzjwh4","66273","1","Mei Narumiya","Ace of the Diamond","0","Sun, 07 Jul 2024 22:31:56 GMT","1720391516739","1","","","","No","No","","","3","0","0","924336354811334676","924336354811334676","797920307284934697","0","F","S","S","S","A","F","D","",""
"vjzjd1w","66062","1","Kenjiro Kurume","Smash Hit","1","Sun, 07 Jul 2024 21:43:47 GMT","1720388627112","1","","","","No","No","","","1","0","1","924336354811334676","924336354811334676","797920307284934697","0","F","S","S","S","A","F","D","",""
"vjzb003","10756","4","Deoxys","Pokémon Movie 7: Destiny Deoxys","3","Sun, 07 Jul 2024 19:19:02 GMT","1720379942249","89","","","","No","No","","","11","0","3","924336354811334676","924336354811334676","797920307284934697","50","F","S","S","S","A","F","D","",""
"vjz57vh","7287","2","Eizan","The Alchemist Code","1","Sun, 07 Jul 2024 18:30:50 GMT","1720377050138","9","","","","No","No","","","1","0","1","924336354811334676","924336354811334676","797920307284934697","4","F","S","S","S","S","F","C","",""
"vjzknnj","65869","1","Rinnosuke Mitobe","Kuroko's Basketball","4","Sun, 07 Jul 2024 16:36:03 GMT","1720370163651","48","","","","No","No","","","2","0","4","924336354811334676","924336354811334676","797920307284934697","26","F","S","S","S","S","F","D","",""
"vjzwz0d","1827","6","Kuro Kiryu","Ensemble Stars!","3","Sun, 07 Jul 2024 16:01:51 GMT","1720368111290","102","","","","No","No","","","18","1","3","924336354811334676","924336354811334676","797920307284934697","66","F","S","S","S","A","D","C","",""
"vjz21vj","1370","4","Taki Minase","Bible Black","3","Sun, 07 Jul 2024 15:11:43 GMT","1720365103229","62","","","","No","No","","","2","0","3","924336354811334676","924336354811334676","797920307284934697","41","F","S","S","S","A","F","C","",""
"vjz0xxl","12702","2","Mass Production Evangelion","Neon Genesis Evangelion","2","Sun, 07 Jul 2024 11:03:10 GMT","1720350190806","34","","","","No","No","","","3","0","2","688687114128588823","688687114128588823","797920307284934697","19","F","S","F","F","A","F","C","",""
"vjzh54h","18894","2","Uhna","Skeleton Knight in Another World","4","Sun, 07 Jul 2024 10:59:54 GMT","1720349994236","103","","","","No","No","","","1","0","4","924336354811334676","924336354811334676","797920307284934697","61","F","S","S","S","A","F","D","",""
"vjzv2rx","119","6","Elliot Collins","Sugar Apple Fairy Tale","1","Sun, 07 Jul 2024 08:34:28 GMT","1720341268014","18","","","","No","No","","","1","0","1","924336354811334676","924336354811334676","797920307284934697","15","F","S","S","S","S","F","A","",""
"vj1x2k3","66395","1","Tabananya","Bananya","3","Sat, 06 Jul 2024 23:00:18 GMT","1720306818588","43","","","","No","No","","","10","0","3","924336354811334676","924336354811334676","797920307284934697","25","F","S","S","S","A","F","D","",""
"vj1s59n","24239","2","Keith Gandor","Baccano!","1","Sat, 06 Jul 2024 22:16:29 GMT","1720304189816","5","","","","No","No","","","0","0","1","924336354811334676","924336354811334676","797920307284934697","1","F","S","S","S","A","F","D","",""
"vj1sj5s","65771","1","Byro Cracy","Fairy Tail","2","Sat, 06 Jul 2024 21:26:52 GMT","1720301212281","6","","","","No","No","","","1","0","2","924336354811334676","924336354811334676","797920307284934697","4","F","S","S","S","C","F","D","",""
"vj173wr","39979","2","Takashi Morinozuka","Ouran High School Host Club","2","Sat, 06 Jul 2024 20:23:15 GMT","1720297395346","40","","","","No","No","","","60","0","2","","924336354811334676","797920307284934697","23","F","S","S","F","A","F","D","",""
"vj17r9c","6696","3","Ageha","Senran Kagura: New Wave","1","Sat, 06 Jul 2024 19:55:04 GMT","1720295704662","31","","","","No","No","","","146","0","1","1167080205488226380","924336354811334676","797920307284934697","15","F","S","S","F","F","F","D","",""
"vj1tg5z","26417","1","Vicious","Cowboy Bebop","1","Sat, 06 Jul 2024 18:34:32 GMT","1720290872673","7","","","","No","No","","","16","0","1","924336354811334676","924336354811334676","797920307284934697","4","F","S","S","S","A","F","D","",""
"vj18l83","4849","5","Akiko Yosano","Bungou Stray Dogs","0","Sat, 06 Jul 2024 18:07:25 GMT","1720289245433","16","","","","No","No","","","73","0","0","1167080205488226380","924336354811334676","797920307284934697","6","F","S","S","F","F","F","D","",""
"vj1tc2n","66267","1","Akkun","Sakura Quest","3","Sat, 06 Jul 2024 18:04:33 GMT","1720289073136","3","","","","No","No","","","1","0","3","924336354811334676","924336354811334676","797920307284934697","1","F","S","S","S","A","F","D","",""
"vj1t9d9","37365","1","School Girl Apparition","Mieruko-chan","3","Sat, 06 Jul 2024 17:34:08 GMT","1720287248112","16","","","","No","No","","","1","0","3","924336354811334676","924336354811334676","797920307284934697","8","F","S","S","S","B","F","D","",""
"vj1t1tt","66026","1","Ryoko","My Neighbor Totoro","2","Sat, 06 Jul 2024 17:13:19 GMT","1720285999372","10","","","","No","No","","","1","0","2","","924336354811334676","797920307284934697","5","F","S","S","F","D","F","D","",""
"vj18mjz","65847","1","Shiratama","Yuuna and the Haunted Hot Springs","2","Sat, 06 Jul 2024 17:00:32 GMT","1720285232097","7","","","","No","No","","","1","0","2","1167080205488226380","924336354811334676","797920307284934697","4","F","S","S","F","C","F","D","",""
"vj1tw6n","66128","1","Shogo Tenkawa","Try Knights","1","Sat, 06 Jul 2024 16:38:16 GMT","1720283896150","1","","","","No","No","","","0","0","1","688687114128588823","924336354811334676","797920307284934697","0","F","S","S","F","B","F","D","",""
"vj1twx4","187","2","Eliza","Classroom for Heroes","3","Sat, 06 Jul 2024 16:27:04 GMT","1720283224203","60","","","","No","No","","","1","0","3","924336354811334676","924336354811334676","797920307284934697","41","F","S","S","S","S","F","A","",""
"vj18jn2","66865","1","Coliseum Opponent 3","Kino's Journey -the Beautiful World- the Animated Series","1","Sat, 06 Jul 2024 16:10:20 GMT","1720282220041","1","","","","No","No","","","0","0","1","","924336354811334676","797920307284934697","0","F","S","S","F","C","F","D","",""
"vj1lcfs","1020","3","Souvlaki","Food Fantasy","3","Sat, 06 Jul 2024 15:50:07 GMT","1720281007211","69","","","","No","No","","","1","0","3","924336354811334676","924336354811334676","797920307284934697","46","F","S","S","S","S","F","A","",""
"vj1l1v1","11754","1","Oshio","Skip and Loafer","4","Sat, 06 Jul 2024 15:12:36 GMT","1720278756439","55","","","","No","No","","","1","0","4","","924336354811334676","797920307284934697","33","F","S","S","F","A","F","C","",""
"vj1lqh2","39271","2","Father Spider Demon","Demon Slayer: Kimetsu no Yaiba","2","Sat, 06 Jul 2024 14:21:46 GMT","1720275706097","41","","","","No","No","","","1","0","2","924336354811334676","924336354811334676","797920307284934697","24","F","S","S","S","A","F","D","",""
"vj1fcvv","66245","1","Toshiki Uryuu","Get Backers","1","Sat, 06 Jul 2024 13:32:53 GMT","1720272773941","1","","","","No","No","","","0","0","1","1167080205488226380","924336354811334676","797920307284934697","0","F","S","S","F","A","F","D","",""
"vj19sld","27016","1","Potclean","Hunter x Hunter (2011)","3","Sat, 06 Jul 2024 12:54:57 GMT","1720270497527","37","","","","No","No","hxh","","2","0","3","924336354811334676","924336354811334676","797920307284934697","20","F","S","S","S","A","F","D","",""
"vj1fl74","4321","2","Inohachi","Revenger","1","Sat, 06 Jul 2024 12:31:33 GMT","1720269093897","8","","","","No","No","","","0","0","1","1167080205488226380","924336354811334676","797920307284934697","4","F","S","S","F","B","F","C","",""
"vj1nxj7","55749","1","Old Gobbo","Honkai Impact 3rd","1","Sat, 06 Jul 2024 12:09:30 GMT","1720267770195","7","","","","No","No","","","1","0","1","1167080205488226380","1167080205488226380","797920307284934697","4","F","S","F","F","B","F","D","",""
"vjn6mj9","36477","1","Lan","Genshin Impact","3","Sat, 06 Jul 2024 12:08:04 GMT","1720267684095","43","","","","No","No","","","1","0","3","1167080205488226380","688687114128588823","797920307284934697","21","F","S","F","F","C","F","D","",""
"vj19260","2396","6","Johan Liebert","Monster","2","Sat, 06 Jul 2024 12:00:16 GMT","1720267216289","69","","","","No","No","monster","","303","0","2","924336354811334676","924336354811334676","797920307284934697","43","F","S","S","S","S","F","C","",""
"vj1gs30","34582","2","Fortress Type Noise","Symphogear","2","Sat, 06 Jul 2024 11:19:45 GMT","1720264785070","11","","","","No","No","","","1","0","2","924336354811334676","924336354811334676","797920307284934697","6","F","S","S","S","A","F","D","",""
"vj1g3fb","66314","1","Keiichi Kagami","6 Lovers","2","Sat, 06 Jul 2024 10:54:28 GMT","1720263268900","7","","","","No","No","","","1","0","2","1167080205488226380","924336354811334676","797920307284934697","4","F","S","S","F","F","F","D","",""
"vj1gkxf","65804","1","Ten","Cobra the Animation","1","Sat, 06 Jul 2024 10:32:43 GMT","1720261963308","1","","","","No","No","","","0","0","1","924336354811334676","924336354811334676","797920307284934697","0","F","S","S","S","A","F","D","",""
"vj132jg","2515","2","Takezo Kamota","My Love Story with Yamada-kun at Lv999","1","Sat, 06 Jul 2024 06:41:58 GMT","1720248118599","11","","","","No","No","","","4","0","1","924336354811334676","924336354811334676","797920307284934697","8","F","S","S","S","A","F","C","",""
"vj1z8jv","3377","4","Rein Shroud","Beast Tamer","3","Sat, 06 Jul 2024 01:14:23 GMT","1720228463130","81","","","","No","No","","","10","1","3","924336354811334676","924336354811334676","797920307284934697","49","F","S","S","S","A","D","C","",""
"vj11fsl","11473","2","Tadayuki Shimazu","Orient","3","Sat, 06 Jul 2024 00:41:46 GMT","1720226506446","24","","","","No","No","","","0","0","3","924336354811334676","924336354811334676","797920307284934697","15","F","S","S","S","A","F","C","",""
"vj11gvd","65988","1","Chie","Beast Fighter: The Apocalypse","3","Fri, 05 Jul 2024 23:47:09 GMT","1720223229018","3","","","","No","No","","","0","0","3","1246258973821243494","924336354811334676","797920307284934697","1","F","S","S","F","A","F","D","",""
"vj11413","5700","5","Yuya Sakaki","Yu-Gi-Oh! Arc-V","2","Fri, 05 Jul 2024 23:06:45 GMT","1720220805349","41","","","","No","No","","","19","0","2","924336354811334676","924336354811334676","797920307284934697","24","F","S","S","S","S","F","C","",""
"vj1nzq9","26245","2","Tetsuji Suwa","The aquatope on white sand","2","Fri, 05 Jul 2024 22:34:11 GMT","1720218851806","11","","","","No","No","","","0","0","2","924336354811334676","924336354811334676","797920307284934697","5","F","S","S","S","A","F","D","",""
"vj1jshb","66182","1","Kijitora","Nyanbo!","3","Fri, 05 Jul 2024 21:40:33 GMT","1720215633296","13","","","","No","No","","","1","0","3","924336354811334676","924336354811334676","797920307284934697","6","F","S","S","S","S","F","D","",""
"vj1nhmp","2073","6","Hoshimachi Suisei","Hololive: Holo no Graffiti","1","Fri, 05 Jul 2024 20:58:44 GMT","1720213124339","41","","","","No","No","","","575","0","1","","924336354811334676","797920307284934697","21","F","S","S","F","F","F","C","",""
"vj1nk0n","31127","2","Isami Kondou","Rurouni Kenshin: Tsuiokuhen","3","Fri, 05 Jul 2024 20:48:42 GMT","1720212522917","22","","","","No","No","","","1","0","3","924336354811334676","924336354811334676","797920307284934697","14","F","S","S","S","S","F","D","",""
"vj1jwh4","65886","1","Akachi","Arata the Legend","3","Fri, 05 Jul 2024 20:07:35 GMT","1720210055540","9","","","","No","No","","","1","0","3","688687114128588823","924336354811334676","797920307284934697","4","F","S","S","F","S","F","D","",""
"vj1j5lq","65727","1","Sakura","Onigiri","3","Fri, 05 Jul 2024 19:31:19 GMT","1720207879385","15","","","","No","No","","","1","1","3","924336354811334676","924336354811334676","797920307284934697","8","F","S","S","S","B","D","D","",""
"vj1j2zg","65961","1","Assailant","Another","0","Fri, 05 Jul 2024 18:34:12 GMT","1720204452892","1","","","","No","No","","","0","0","0","","924336354811334676","797920307284934697","0","F","S","S","F","A","F","D","",""
"vj1jbn5","1786","6","Balder Hringhorni","Kamigami no Asobi","3","Fri, 05 Jul 2024 18:15:18 GMT","1720203318253","69","","","","No","No","","","2","1","3","688687114128588823","688687114128588823","797920307284934697","40","F","S","F","F","A","D","B","",""
"vj1bkz9","66169","1","Roy","Attack on Titan 3rd Season","2","Fri, 05 Jul 2024 17:34:34 GMT","1720200874888","7","","","","No","No","","","1","0","2","924336354811334676","924336354811334676","797920307284934697","4","F","S","S","S","A","F","D","",""
"vj1bn7z","23950","2","Shinku Nilvaren","No Game No Life: Zero","1","Fri, 05 Jul 2024 17:02:35 GMT","1720198955550","19","","","","No","No","","","2","0","1","924336354811334676","924336354811334676","797920307284934697","13","F","S","S","S","S","F","D","",""
"vj1kk8l","34087","2","Yuri Drewes","The Saint's Magic Power is Omnipotent","2","Fri, 05 Jul 2024 16:30:07 GMT","1720197007274","20","","","","No","No","","","1","0","2","924336354811334676","924336354811334676","797920307284934697","13","F","S","S","S","S","F","D","",""
"vj1w384","65849","1","Akiba-chan","Akiba-chan","2","Fri, 05 Jul 2024 14:56:32 GMT","1720191392432","5","","","","No","No","","","1","0","2","924336354811334676","924336354811334676","797920307284934697","1","F","S","S","S","A","F","D","",""
"vj1wd7n","65715","1","Cezar","Castlevania Season 2","2","Fri, 05 Jul 2024 13:36:00 GMT","1720186560616","7","","","","No","No","","","2","0","2","1167080205488226380","924336354811334676","797920307284934697","4","F","S","S","F","F","F","D","",""
"vj1hft3","1769","6","Sinon","Sword Art Online II","2","Fri, 05 Jul 2024 11:15:15 GMT","1720178115817","83","","","","No","No","","","496","0","2","","924336354811334676","797920307284934697","48","F","S","S","F","B","F","C","",""
"vj128vb","66165","1","Miyo's Cat","Tokyo Ravens","4","Fri, 05 Jul 2024 11:04:38 GMT","1720177478286","51","","","","No","No","","","1","0","4","924336354811334676","924336354811334676","797920307284934697","30","F","S","S","S","S","F","D","",""
"vj1h8m1","66097","1","Zakk Irius","Death Note","1","Fri, 05 Jul 2024 10:22:58 GMT","1720174978104","4","","","","No","No","death","","1","0","1","924336354811334676","924336354811334676","797920307284934697","1","F","S","S","S","A","F","D","",""
"vjnc525","38875","2","Mitsuhiro Hayakawa","Kuroko's Basketball","2","Fri, 05 Jul 2024 01:53:47 GMT","1720144427940","23","","","","No","No","","","1","0","2","924336354811334676","924336354811334676","797920307284934697","14","F","S","S","S","A","F","D","",""
"vj1mzp4","23493","3","Mozuku","New Game!","3","Fri, 05 Jul 2024 01:34:24 GMT","1720143264943","53","","","","No","No","","","1","0","3","1167080205488226380","924336354811334676","797920307284934697","25","F","S","S","F","F","F","D","",""
"vjnc57w","1537","3","Nora","Technoroid: Overmind","3","Fri, 05 Jul 2024 00:14:43 GMT","1720138483706","53","","","","No","No","","","1","0","3","924336354811334676","924336354811334676","797920307284934697","34","F","S","S","S","A","F","B","",""
"vjnxtjn","65840","1","Milosh Havel","Noir","0","Thu, 04 Jul 2024 23:38:39 GMT","1720136319508","1","","","","No","No","","","0","0","0","924336354811334676","924336354811334676","797920307284934697","0","F","S","S","S","A","F","D","",""
"vjn6bg1","37548","2","Misaki","Princess Connect! Re: Dive","2","Thu, 04 Jul 2024 22:59:19 GMT","1720133959931","27","","","","No","No","","","1","0","2","","924336354811334676","797920307284934697","13","F","S","S","F","D","F","D","",""
"vjnxfvg","66184","1","Mandrill","Polar Bear Cafe","0","Thu, 04 Jul 2024 22:39:51 GMT","1720132791766","1","","","","No","No","","","2","0","0","924336354811334676","924336354811334676","797920307284934697","0","F","S","S","S","A","F","D","",""
"vjnxt45","7038","2","Segawa","Skip and Loafer","2","Thu, 04 Jul 2024 21:49:23 GMT","1720129763868","18","","","","No","No","","","0","0","2","","924336354811334676","797920307284934697","11","F","S","S","F","F","F","C","",""
"vjnspjw","62213","1","Baby Plump Bunny","Don't Call Us A JUNK GAME!","1","Thu, 04 Jul 2024 19:59:18 GMT","1720123158901","3","","","","No","No","","","1","0","1","924336354811334676","924336354811334676","797920307284934697","1","F","S","S","S","S","F","D","",""
"vjns4jr","1992","6","Lan Wangji","Mo Dao Zu Shi","2","Thu, 04 Jul 2024 19:22:31 GMT","1720120951344","75","","","","No","No","","","313","0","2","924336354811334676","924336354811334676","797920307284934697","48","F","S","S","S","A","F","C","",""
"vjns0jq","65905","1","Waterbird","Mizutori","2","Thu, 04 Jul 2024 18:57:15 GMT","1720119435370","5","","","","No","No","","","0","0","2","","924336354811334676","797920307284934697","1","F","S","S","F","B","F","D","",""
"vjntd3j","11523","3","Jinrai","Frame Arms Girl","4","Thu, 04 Jul 2024 18:21:25 GMT","1720117285020","77","","","","No","No","","","1","0","4","924336354811334676","924336354811334676","797920307284934697","43","F","S","S","S","A","F","D","",""
"vjn70mb","65722","1","Miwako Mizukoshi","Hen Zemi TV","4","Thu, 04 Jul 2024 16:56:40 GMT","1720112200116","7","","","","No","No","","","1","0","4","924336354811334676","924336354811334676","797920307284934697","4","F","S","S","S","B","F","D","",""
"vjnlc3q","22504","3","Yayoi Takatsuki","The iDOLM@STER: Xenoglossia","1","Thu, 04 Jul 2024 15:11:43 GMT","1720105903525","13","","","","No","No","","","2","0","1","924336354811334676","924336354811334676","797920307284934697","5","F","S","S","S","A","F","D","",""
"vjn80m1","66116","1","Akiyama","Junji Ito Collection","2","Thu, 04 Jul 2024 13:54:26 GMT","1720101266936","1","","","","No","No","","","0","0","2","","924336354811334676","797920307284934697","0","F","S","S","F","F","F","D","",""
"vjn8wt5","66004","1","IA","Jin: Nihonbashi Koukashita R Keikaku","3","Thu, 04 Jul 2024 13:06:00 GMT","1720098360760","35","","","","No","No","","","8","0","3","924336354811334676","924336354811334676","797920307284934697","19","F","S","S","S","B","F","D","",""
"vjnfv9r","34027","2","Eri Ochiai","Perfect Blue","4","Thu, 04 Jul 2024 10:47:47 GMT","1720090067779","61","","","","No","No","","","1","0","4","737980149995274240","924336354811334676","797920307284934697","29","F","S","S","F","F","F","D","",""
"vjnp7zg","65720","1","Fue Gum-senpai","Dagashi Kashi","2","Thu, 04 Jul 2024 00:57:36 GMT","1720054656496","5","","","","No","No","","","1","0","2","924336354811334676","924336354811334676","797920307284934697","1","F","S","S","S","A","F","D","",""
"vjn40cf","4078","3","Miranda","Nikke: Goddess of Victory","0","Thu, 04 Jul 2024 00:26:13 GMT","1720052773514","11","","","","No","No","","","4","0","0","924336354811334676","924336354811334676","797920307284934697","5","F","S","S","S","B","F","D","",""
"vjn4kkk","2015","6","Tatara Totsuka","K-Project","4","Wed, 03 Jul 2024 23:13:34 GMT","1720048414361","147","","","","No","No","","","2","0","4","924336354811334676","924336354811334676","797920307284934697","91","F","S","S","S","A","F","C","",""
"vjn1f1v","55726","1","Isabella's Pocket Watch","The Promised Neverland","2","Wed, 03 Jul 2024 22:27:03 GMT","1720045623028","15","","","","No","No","","","1","0","2","737980149995274240","924336354811334676","797920307284934697","8","F","S","S","F","A","F","D","",""
"vjn1k00","25852","2","Singed","Arcane","4","Wed, 03 Jul 2024 21:53:31 GMT","1720043611837","170","","","","No","No","","","25","0","4","924336354811334676","924336354811334676","797920307284934697","98","F","S","S","S","S","F","D","",""
"vjnz1bm","66394","1","Luca","IGPX: Immortal Grand Prix","4","Wed, 03 Jul 2024 20:44:35 GMT","1720039475355","31","","","","No","No","","","0","0","4","924336354811334676","924336354811334676","797920307284934697","18","F","S","S","S","A","F","D","",""
"vjnn340","23027","2","Izuna Hatsuse","No Game No Life","0","Wed, 03 Jul 2024 19:43:22 GMT","1720035802905","13","","","","No","No","","","36","0","0","924336354811334676","924336354811334676","797920307284934697","5","F","S","S","S","B","F","D","",""
"vjnnctb","5261","5","Herrscher of Thunder","Honkai Impact 3rd","3","Wed, 03 Jul 2024 19:05:33 GMT","1720033533171","158","","","","No","No","","","224","0","3","","924336354811334676","797920307284934697","85","F","S","S","F","A","F","D","",""
"vjnj0wk","66126","1","Gedoumaru","Gintama","0","Wed, 03 Jul 2024 17:43:32 GMT","1720028612064","2","","","","No","No","","","1","0","0","924336354811334676","924336354811334676","797920307284934697","1","F","S","S","S","A","F","D","",""
"vjn59x7","12676","4","Ignia","Elsword","0","Wed, 03 Jul 2024 16:43:35 GMT","1720025015069","7","","","","No","No","","","4","0","0","924336354811334676","924336354811334676","797920307284934697","4","F","S","S","S","S","F","D","",""
"vjnbx4v","3579","3","Shou","I Got a Cheat Skill in Another World and Became Unrivaled in The Real World, Too","3","Wed, 03 Jul 2024 15:48:53 GMT","1720021733176","46","","","","No","No","","","1","0","3","1246258973821243494","924336354811334676","797920307284934697","28","F","S","S","F","A","F","B","",""
"vjnkw7l","60548","1","Karl Fritz","Attack on Titan: The Final Season","0","Wed, 03 Jul 2024 14:20:33 GMT","1720016433978","4","","","","No","No","","","1","0","0","1167080205488226380","924336354811334676","797920307284934697","1","F","S","S","F","C","F","D","",""
"vj2ndlp","65572","1","Hina","Hunter x Hunter (2011)","1","Wed, 03 Jul 2024 10:29:09 GMT","1720002549772","9","","","","No","No","","","1","0","1","688687114128588823","688687114128588823","797920307284934697","4","F","S","F","F","A","F","D","",""
"vjkrxs4","65683","1","Worm","Hunter x Hunter (2011)","2","Wed, 03 Jul 2024 10:29:05 GMT","1720002545250","9","","","","No","No","","","2","0","2","688687114128588823","688687114128588823","797920307284934697","4","F","S","F","F","A","F","D","",""
"vb70m57","65273","1","Ortho Sister","Hunter x Hunter (2011)","1","Wed, 03 Jul 2024 10:28:59 GMT","1720002539334","4","","","","No","No","","","1","0","1","688687114128588823","688687114128588823","797920307284934697","1","F","S","F","F","A","F","D","",""
"vjnw4sq","1954","6","Tokoyami Towa","Hololive: Holo no Graffiti","3","Wed, 03 Jul 2024 10:06:21 GMT","1720001181345","157","","","","No","No","","","155","0","3","","924336354811334676","797920307284934697","83","F","S","S","F","F","F","C","",""
"vjjxwcg","1694","2","Junko Mochida","Bible Black Origins","2","Wed, 03 Jul 2024 00:00:34 GMT","1719964834516","29","","","","No","No","","","2","0","2","1167080205488226380","1167080205488226380","797920307284934697","14","F","S","F","F","A","F","C","",""
"vjj628g","66276","1","Nishihara","How Clumsy you are, Miss Ueno","2","Tue, 02 Jul 2024 23:59:37 GMT","1719964777637","6","","","","No","No","","","1","0","2","1167080205488226380","924336354811334676","797920307284934697","4","F","S","S","F","B","F","D","",""
"vjj60rj","22396","3","Yamato Sarukui","Haikyuu!! Second Season","2","Tue, 02 Jul 2024 22:58:00 GMT","1719961080780","31","","","","No","No","","","1","0","2","","924336354811334676","797920307284934697","16","F","S","S","F","F","F","D","",""
"vjj60r2","39468","2","Kyosuke Takakura","Nana","1","Tue, 02 Jul 2024 22:57:52 GMT","1719961072483","8","","","","No","No","","","2","0","1","","688687114128588823","797920307284934697","4","F","S","F","F","F","F","D","",""
"vjjxxcp","2423","6","Nagisa Shiota","Assassination Classroom","2","Tue, 02 Jul 2024 22:29:41 GMT","1719959381138","84","","","","No","No","","","292","0","2","688687114128588823","1167080205488226380","797920307284934697","44","F","S","F","F","A","F","C","",""
"vjjx537","22917","3","David","Fate/Grand Order","4","Tue, 02 Jul 2024 22:04:28 GMT","1719957868299","118","","","","No","No","","","2","0","4","924336354811334676","924336354811334676","797920307284934697","66","F","S","S","S","B","F","D","",""
"vjjstvt","20329","1","Ararycan","Genshin Impact","3","Tue, 02 Jul 2024 21:26:52 GMT","1719955612084","53","","","","No","No","genshin","","5","1","3","1167080205488226380","1167080205488226380","797920307284934697","29","F","S","F","F","A","D","C","",""
"vjj6h00","12894","4","Martin Reest","Monster","2","Tue, 02 Jul 2024 21:26:23 GMT","1719955583437","18","","","","No","No","monster","","1","0","2","924336354811334676","924336354811334676","797920307284934697","11","F","S","S","S","F","F","D","",""
"vjjxmz4","39581","2","Kinana","Fairy Tail","3","Tue, 02 Jul 2024 20:53:08 GMT","1719953588694","58","","","","No","No","","","3","0","3","924336354811334676","924336354811334676","797920307284934697","34","F","S","S","S","B","F","D","",""
"vjjsx5s","66060","1","Akutsu Naoko","Seitokaichou ni Chuukoku","1","Tue, 02 Jul 2024 20:22:49 GMT","1719951769679","1","","","","No","No","","","1","0","1","924336354811334676","924336354811334676","797920307284934697","0","F","S","S","S","B","F","D","",""
"vjjsw4z","8614","4","Reinhardt","Fire Emblem: Thracia 776","1","Tue, 02 Jul 2024 19:43:59 GMT","1719949439520","14","","","","No","No","","","3","0","1","1167080205488226380","924336354811334676","797920307284934697","6","F","S","S","F","F","F","D","",""
"vjjdzbd","33208","2","Bernard Châtelet","The Rose of Versailles","3","Tue, 02 Jul 2024 18:35:16 GMT","1719945316924","27","","","","No","No","","","1","0","3","924336354811334676","924336354811334676","797920307284934697","15","F","S","S","S","B","F","D","",""
"vjjddh9","65924","1","Noboru Saruta","Another","3","Tue, 02 Jul 2024 18:01:46 GMT","1719943306336","6","","","","No","No","","","0","0","3","1167080205488226380","924336354811334676","797920307284934697","4","F","S","S","F","D","F","D","",""
"vjj7tls","65706","1","Keisuke","Togainu no Chi","1","Tue, 02 Jul 2024 17:24:14 GMT","1719941054022","1","","","","No","No","","","1","0","1","924336354811334676","924336354811334676","797920307284934697","0","F","S","S","S","A","F","D","",""
"vjj7d1z","7529","2","Walter Evans","Spy x Family","2","Tue, 02 Jul 2024 17:01:32 GMT","1719939692813","26","","","","No","No","","","1","0","2","1167080205488226380","1167080205488226380","797920307284934697","14","F","S","F","F","A","F","D","",""
"vjj7kbl","23574","2","Ritsu","Fire Force Season 2","2","Tue, 02 Jul 2024 16:52:55 GMT","1719939175451","36","","","","No","No","","","1","0","2","924336354811334676","924336354811334676","797920307284934697","20","F","S","S","S","A","F","D","",""
"vjjtg8v","23129","2","Bondrewd","Made in Abyss","0","Tue, 02 Jul 2024 16:22:05 GMT","1719937325378","9","","","","No","No","","","77","0","0","924336354811334676","924336354811334676","797920307284934697","4","F","S","S","S","B","F","D","",""
"vjjtmck","65862","1","Shigeki Yonemura","Another","2","Tue, 02 Jul 2024 15:39:58 GMT","1719934798202","3","","","","No","No","","","1","0","2","924336354811334676","924336354811334676","797920307284934697","1","F","S","S","S","B","F","D","",""
"vjj8bf8","66728","1","Scarecrow","Tokyo Ghoul:re","2","Tue, 02 Jul 2024 14:53:32 GMT","1719932012019","7","","","","No","No","","","1","0","2","924336354811334676","924336354811334676","797920307284934697","4","F","S","S","S","A","F","D","",""
"vjj8s5w","17128","3","Pussy","The Disastrous Life of Saiki K.","3","Tue, 02 Jul 2024 13:54:08 GMT","1719928448553","118","","","","No","No","","","64","0","3","924336354811334676","924336354811334676","797920307284934697","69","F","S","S","S","S","F","D","",""
"vjjlv4m","65759","1","Tenjo-Name","GeGeGe no Kitarou (2018)","3","Tue, 02 Jul 2024 12:45:03 GMT","1719924303154","3","","","","No","No","","","0","0","3","924336354811334676","924336354811334676","797920307284934697","1","F","S","S","S","A","F","D","",""
"vjjfs7v","254","3","Minamitsu Murasa","Touhou Project","4","Tue, 02 Jul 2024 11:02:58 GMT","1719918178863","201","","","","No","No","","","5","0","4","924336354811334676","924336354811334676","797920307284934697","131","F","S","S","S","B","F","A","",""
"vjjgxp6","65901","1","Sasami","Walkure Romanze","2","Tue, 02 Jul 2024 09:41:38 GMT","1719913298665","7","","","","No","No","","","1","0","2","924336354811334676","924336354811334676","797920307284934697","4","F","S","S","S","A","F","D","",""
"vjj47kl","66028","1","Beana Hatchling","The Ancient Magus' Bride","4","Tue, 02 Jul 2024 00:59:55 GMT","1719881995964","17","","","","No","No","","","1","0","4","924336354811334676","924336354811334676","797920307284934697","6","F","S","S","S","B","F","D","",""
"vjj4sb0","66110","1","Salmon-chan","Salmon-chan","2","Mon, 01 Jul 2024 23:55:59 GMT","1719878159202","15","","","","No","No","","","8","0","2","924336354811334676","924336354811334676","797920307284934697","8","F","S","S","S","A","F","D","",""
"vjjz9cs","18016","1","Veight","Granblue Fantasy","3","Mon, 01 Jul 2024 22:55:38 GMT","1719874538691","23","","","","No","No","","","1","0","3","924336354811334676","924336354811334676","797920307284934697","14","F","S","S","S","A","F","D","",""
"vjj1qvx","13413","2","Maria Euphoria","How a Realist Hero Rebuilt the Kingdom","0","Mon, 01 Jul 2024 21:52:08 GMT","1719870728110","7","","","","No","No","","","1","1","0","924336354811334676","924336354811334676","797920307284934697","4","F","S","S","S","A","D","D","",""
"vjjn3pb","661","4","Mine","Pluto","2","Mon, 01 Jul 2024 21:03:50 GMT","1719867830377","19","","","","No","No","","","0","0","2","924336354811334676","924336354811334676","797920307284934697","15","F","S","S","S","A","F","A","",""
"vjj1vx5","37036","2","Tae Seragaki","DRAMAtical Murder","1","Mon, 01 Jul 2024 20:14:09 GMT","1719864849684","6","","","","No","No","","","1","0","1","924336354811334676","924336354811334676","797920307284934697","4","F","S","S","S","B","F","D","",""
"vjjbt3v","48285","1","Gook","Death Note","3","Mon, 01 Jul 2024 17:55:15 GMT","1719856515185","30","","","","No","No","death","","1","0","3","924336354811334676","924336354811334676","797920307284934697","18","F","S","S","S","A","F","D","",""
"vjj5k4s","65888","1","Pochi","Mahou Shoujo Nante Mouiidesukara.","2","Mon, 01 Jul 2024 16:38:40 GMT","1719851920629","7","","","","No","No","","","1","0","2","924336354811334676","924336354811334676","797920307284934697","4","F","S","S","S","S","F","D","",""
"vjjwltd","65857","1","Jango","Cutey Honey","1","Mon, 01 Jul 2024 14:56:46 GMT","1719845806051","1","","","","No","No","","","0","0","1","924336354811334676","924336354811334676","797920307284934697","0","F","S","S","S","A","F","D","",""
"vjjkvtx","7809","2","The Elder","Star Wars: Visions","2","Mon, 01 Jul 2024 13:53:11 GMT","1719841991178","19","","","","No","No","","","1","0","2","","924336354811334676","797920307284934697","11","F","S","S","F","A","F","D","",""
"vjjwc7x","65631","1","Yoichi Karasuma","Samurai Harem: Asu no Yoichi","2","Mon, 01 Jul 2024 12:32:11 GMT","1719837131954","2","","","","No","No","","","1","0","2","924336354811334676","924336354811334676","797920307284934697","1","F","S","S","S","S","F","D","",""
"vjjw5h6","9920","1","Yi Yon Su","Hajime no Ippo: New Challenger","0","Mon, 01 Jul 2024 12:00:51 GMT","1719835251536","1","","","","No","No","","","1","0","0","1167080205488226380","924336354811334676","797920307284934697","0","F","S","S","F","F","F","D","",""
"vjjhm3j","65686","1","Leonard Testarossa","Full Metal Panic! The Second Raid","1","Mon, 01 Jul 2024 07:15:25 GMT","1719818125541","2","","","","No","No","","","1","0","1","924336354811334676","924336354811334676","797920307284934697","1","F","S","S","S","C","F","D","",""
"vjjmf0k","59584","1","Inugami","Food Fantasy","1","Mon, 01 Jul 2024 00:55:56 GMT","1719795356625","10","","","","No","No","","","1","0","1","924336354811334676","924336354811334676","797920307284934697","5","F","S","S","S","B","F","D","",""
"vjb61pt","14464","2","Mayuko Asano","Great Teacher Onizuka","2","Sun, 30 Jun 2024 21:49:02 GMT","1719784142667","13","","","","No","No","","","0","0","2","","1167080205488226380","797920307284934697","5","F","S","F","F","B","F","D","",""
"vjbxxp7","66166","1","Tempesta","Fairy Tail 2","4","Sun, 30 Jun 2024 21:36:19 GMT","1719783379829","24","","","","No","No","","","1","0","4","924336354811334676","924336354811334676","797920307284934697","14","F","S","S","S","A","F","D","",""
"vjbsljg","65545","1","Wolf","Aesop's Fables","1","Sun, 30 Jun 2024 21:24:22 GMT","1719782662229","1","","","","No","No","","","1","0","1","","924336354811334676","797920307284934697","0","F","S","S","F","F","F","D","",""
"vjb6vdp","54320","1","Feli","Puyo Puyo Fever 2","2","Sun, 30 Jun 2024 20:59:09 GMT","1719781149945","9","","","","No","No","","","5","0","2","924336354811334676","924336354811334676","797920307284934697","4","F","S","S","S","B","F","D","",""
"vjbdcss","66321","1","Pochi","Teekyuu 4","1","Sun, 30 Jun 2024 19:30:42 GMT","1719775842557","3","","","","No","No","","","1","0","1","1246258973821243494","924336354811334676","797920307284934697","1","F","S","S","F","F","F","D","",""
"vjbsvc7","36382","1","Marjorie","Genshin Impact","1","Sun, 30 Jun 2024 19:08:38 GMT","1719774518271","11","","","","No","No","","","1","0","1","924336354811334676","924336354811334676","797920307284934697","5","F","S","S","S","B","F","D","",""
"vjbswbp","32559","2","Genta Kojima","Detective Conan","1","Sun, 30 Jun 2024 18:34:44 GMT","1719772484232","7","","","","No","No","","","1","0","1","1246258973821243494","924336354811334676","797920307284934697","4","F","S","S","F","B","F","D","",""
"vjbsv7l","50452","1","Uriel","Granblue Fantasy","4","Sun, 30 Jun 2024 18:00:57 GMT","1719770457000","33","","","","No","No","","","1","0","4","924336354811334676","924336354811334676","797920307284934697","19","F","S","S","S","A","F","D","",""
"vjbtl13","65551","1","Blue Demon","The Seven Deadly Sins: Revival of the Commandments","4","Sun, 30 Jun 2024 16:14:57 GMT","1719764097902","27","","","","No","No","","","1","0","4","924336354811334676","924336354811334676","797920307284934697","15","F","S","S","S","A","F","D","",""
"vjb8tq5","5006","5","Chongyun","Genshin Impact","1","Sun, 30 Jun 2024 15:48:11 GMT","1719762491209","41","","","","No","No","genshin","","187","0","1","","924336354811334676","797920307284934697","21","F","S","S","F","B","F","D","",""
"vjb849x","66076","1","Shuuji Kuga","Omiai Aite wa Oshiego, Tsuyoki na, Mondaiji.","2","Sun, 30 Jun 2024 15:29:52 GMT","1719761392319","4","","","","No","No","","","1","0","2","924336354811334676","924336354811334676","797920307284934697","1","F","S","S","S","A","F","D","",""
"vjbtm42","17576","3","Sae Chabashira","Classroom of the Elite","3","Sun, 30 Jun 2024 14:59:39 GMT","1719759579278","87","","","","No","No","","","12","0","3","924336354811334676","924336354811334676","797920307284934697","49","F","S","S","S","A","F","D","",""
"vjb84z3","65638","1","Manager Domyoji","MM!","0","Sun, 30 Jun 2024 14:15:28 GMT","1719756928196","1","","","","No","No","","","1","0","0","924336354811334676","924336354811334676","797920307284934697","0","F","S","S","S","A","F","D","",""
"vjblgdn","65891","1","Shirley","Sword Art Online Alternative: Gun Gale Online","2","Sun, 30 Jun 2024 13:40:15 GMT","1719754815881","9","","","","No","No","","","2","0","2","924336354811334676","924336354811334676","797920307284934697","4","F","S","S","S","S","F","D","",""
"vjblq5c","66354","1","Mio Yukiko","Junji Ito ""Collection"": Tomie","2","Sun, 30 Jun 2024 13:01:54 GMT","1719752514101","2","","","","No","No","","","1","0","2","924336354811334676","924336354811334676","797920307284934697","1","F","S","S","S","S","F","D","",""
"vjb8jk6","65820","1","Myusha","Project Blue Earth SOS","0","Sun, 30 Jun 2024 12:17:08 GMT","1719749828632","1","","","","No","No","","","1","0","0","924336354811334676","924336354811334676","797920307284934697","0","F","S","S","S","A","F","D","",""
"vjbp3bj","5547","5","Diluc","Genshin Impact","0","Sun, 30 Jun 2024 11:16:36 GMT","1719746196177","21","","","","No","No","","","566","0","0","688687114128588823","688687114128588823","797920307284934697","11","F","S","F","F","A","F","D","",""
"vjbfvks","66302","1","Chuck","Larva: Island","2","Sun, 30 Jun 2024 10:35:34 GMT","1719743734908","4","","","","No","No","","","3","0","2","924336354811334676","924336354811334676","797920307284934697","1","F","S","S","S","A","F","D","",""
"vjb9lxs","65900","1","Towako","Ushio and Tora TV","3","Sun, 30 Jun 2024 09:51:38 GMT","1719741098690","9","","","","No","No","","","1","0","3","924336354811334676","924336354811334676","797920307284934697","4","F","S","S","S","A","F","D","",""
"vjb3kzz","3059","4","Atli","Vinland Saga","2","Sun, 30 Jun 2024 03:27:17 GMT","1719718037437","33","","","","No","No","","","1","0","2","924336354811334676","924336354811334676","797920307284934697","19","F","S","S","S","A","F","C","",""
"vjbrsbf","53916","1","The Baby's Bodyguard","Monster","1","Sun, 30 Jun 2024 02:47:39 GMT","1719715659709","1","","","","No","No","","","1","0","1","924336354811334676","924336354811334676","797920307284934697","0","F","S","S","S","B","F","D","",""
"vjbpl7p","66211","1","Sakurazensen Younger Sister","Konohana Kitan","3","Sun, 30 Jun 2024 01:41:04 GMT","1719711664079","12","","","","No","No","","","1","0","3","924336354811334676","924336354811334676","797920307284934697","5","F","S","S","S","A","F","D","",""
"vjb4sc3","66045","1","Atlas's Friend","Metropolis","0","Sun, 30 Jun 2024 01:02:57 GMT","1719709377245","1","","","","No","No","","","0","0","0","1167080205488226380","924336354811334676","797920307284934697","0","F","S","S","F","C","F","D","",""
"vjbp1j1","36679","1","Aki","Epic Seven","2","Sun, 30 Jun 2024 00:33:54 GMT","1719707634342","12","","","","No","No","","","1","0","2","924336354811334676","924336354811334676","797920307284934697","5","F","S","S","S","B","F","D","",""
"vjb46g3","65821","1","Yuusuke Tabata","Daily Lives of High School Boys","2","Sun, 30 Jun 2024 00:00:55 GMT","1719705655533","3","","","","No","No","","","1","0","2","924336354811334676","924336354811334676","797920307284934697","1","F","S","S","S","A","F","D","",""
"vjbzplt","66135","1","Hand Demon","Demon Slayer: Kimetsu no Yaiba","1","Sat, 29 Jun 2024 23:15:11 GMT","1719702911881","11","","","","No","No","","","2","0","1","924336354811334676","924336354811334676","797920307284934697","6","F","S","S","S","A","F","D","",""
"vjbzcll","65574","1","Torri Aschenbach","Psycho-Pass 3","2","Sat, 29 Jun 2024 22:17:23 GMT","1719699443734","3","","","","No","No","","","1","0","2","924336354811334676","924336354811334676","797920307284934697","1","F","S","S","S","A","F","D","",""
"vb9phq5","34889","1","Sara","Genshin Impact","2","Sat, 29 Jun 2024 21:44:34 GMT","1719697474121","24","","","","No","No","","","1","0","2","688687114128588823","688687114128588823","797920307284934697","13","F","S","F","F","B","F","D","",""
"v0n63qv","22026","1","Ruin Guard","Genshin Impact","1","Sat, 29 Jun 2024 21:44:32 GMT","1719697472115","12","","","","No","No","","","2","0","1","688687114128588823","688687114128588823","1062805182028726413","6","F","S","F","F","A","F","C","",""
"vj5kjg8","36210","1","Master Lu","Genshin Impact","3","Sat, 29 Jun 2024 21:44:12 GMT","1719697452316","26","","","","No","No","","","1","0","3","688687114128588823","688687114128588823","797920307284934697","14","F","S","F","F","B","F","D","",""
"vjbz4qb","14387","3","Marion Blythe","HELIOS Rising Heroes","2","Sat, 29 Jun 2024 21:22:14 GMT","1719696134967","19","","","","No","No","","","1","0","2","924336354811334676","924336354811334676","797920307284934697","13","F","S","S","S","B","F","D","",""
"vjb1hrj","22915","2","Laslow","Fire Emblem Fates","2","Sat, 29 Jun 2024 19:12:11 GMT","1719688331394","22","","","","No","No","","","3","1","2","","924336354811334676","797920307284934697","14","F","S","S","F","B","D","D","",""
"vjb12jd","65462","1","Seeme","Betterman","1","Sat, 29 Jun 2024 18:47:12 GMT","1719686832907","1","","","","No","No","","","0","0","1","924336354811334676","924336354811334676","797920307284934697","0","F","S","S","S","F","F","D","",""
"vjbnj6v","18032","1","Saya","Namco × Capcom","3","Sat, 29 Jun 2024 18:01:10 GMT","1719684070293","21","","","","No","No","","","1","0","3","1167080205488226380","924336354811334676","797920307284934697","10","F","S","S","F","F","F","D","",""
"vjbj4vh","21693","1","Kappa of Mabechigawa","The House of the Lost on the Cape","1","Sat, 29 Jun 2024 17:50:00 GMT","1719683400713","1","","","","No","No","","","0","0","1","924336354811334676","924336354811334676","797920307284934697","0","F","S","S","S","A","F","C","",""
"vjbjp21","15072","3","Goku Black","Dragon Ball Super","3","Sat, 29 Jun 2024 16:42:41 GMT","1719679361353","163","","","","No","No","","","528","1","3","924336354811334676","924336354811334676","797920307284934697","91","F","S","S","S","A","D","D","",""
"vjb53v7","4903","5","Albedo","Genshin Impact","3","Sat, 29 Jun 2024 14:17:44 GMT","1719670664666","168","","","","No","No","genshin","","348","0","3","924336354811334676","924336354811334676","797920307284934697","98","F","S","S","S","S","F","D","",""
"vjbkcb3","2243","6","Touta Matsuda","Death Note","4","Sat, 29 Jun 2024 13:50:32 GMT","1719669032658","226","","","","No","No","death","","31","0","4","1167080205488226380","1167080205488226380","797920307284934697","124","F","S","F","F","A","F","C","",""
"vjbkjbn","21502","2","Nina Rantz","86 EIGHTY-SIX","2","Sat, 29 Jun 2024 13:46:55 GMT","1719668815117","24","","","","No","No","","","1","0","2","924336354811334676","924336354811334676","797920307284934697","15","F","S","S","S","A","F","D","",""
"vjbktv4","38703","2","Mutsuki Kururugi","I-CHU: Halfway Through the Idol","3","Sat, 29 Jun 2024 13:10:58 GMT","1719666658928","41","","","","No","No","","","1","0","3","","1167080205488226380","797920307284934697","19","F","S","F","F","F","F","D","",""
"vjb5mqm","65898","1","Pasuyo","100% Pascal-sensei (2017)","3","Sat, 29 Jun 2024 13:10:02 GMT","1719666602076","4","","","","No","No","","","1","0","3","688687114128588823","924336354811334676","797920307284934697","1","F","S","S","F","F","F","D","",""
"vjbkmv8","66058","1","Headless Rider","Ghost Stories","1","Sat, 29 Jun 2024 12:49:28 GMT","1719665368877","1","","","","No","No","","","1","0","1","924336354811334676","924336354811334676","797920307284934697","0","F","S","S","S","C","F","D","",""
"vjbw9m3","5608","3","Babylon","How NOT to Summon a Demon Lord Omega","2","Sat, 29 Jun 2024 12:15:16 GMT","1719663316854","29","","","","No","No","","","1","0","2","924336354811334676","924336354811334676","797920307284934697","16","F","S","S","S","A","F","C","",""
"vjbwxl1","65944","1","Giant Cat with Chicken Legs","Hozuki's Coolheadedness OVA","1","Sat, 29 Jun 2024 11:35:28 GMT","1719660928228","4","","","","No","No","","","16","0","1","924336354811334676","924336354811334676","797920307284934697","1","F","S","S","S","A","F","D","",""
"vjbkqnn","63140","1","Kousuke Sawaki","Taimanin Asagi 3","4","Sat, 29 Jun 2024 11:00:12 GMT","1719658812616","13","","","","No","No","","","1","0","4","924336354811334676","924336354811334676","797920307284934697","5","F","S","S","S","A","F","D","",""
"vjbwjb7","66136","1","Akito Tenkawa","Martian Successor Nadesico","4","Sat, 29 Jun 2024 09:39:40 GMT","1719653980836","6","","","","No","No","","","1","0","4","924336354811334676","924336354811334676","797920307284934697","4","F","S","S","S","C","F","D","",""
"vjbh4tf","1963","6","Spider-Man","Marvel Disk Wars: The Avengers","0","Sat, 29 Jun 2024 06:00:54 GMT","1719640854991","19","","","","No","No","","","140","0","0","924336354811334676","924336354811334676","797920307284934697","14","F","S","S","S","S","F","B","",""
"vj5c98l","48056","1","Matt","Death Note","3","Sat, 29 Jun 2024 00:20:47 GMT","1719620447228","40","","","","No","No","death","","27","0","3","924336354811334676","924336354811334676","797920307284934697","23","F","S","S","S","A","F","D","",""
"vj5cn8t","2112","6","Shaddiq Zenelli","Mobile Suit Gundam: The Witch from Mercury","2","Fri, 28 Jun 2024 23:50:39 GMT","1719618639403","37","","","","No","No","","","1","0","2","924336354811334676","924336354811334676","797920307284934697","21","F","S","S","S","B","F","C","",""
"vj5c7fd","23114","2","Handsomely Masked Sweet Mask","One-Punch Man","2","Fri, 28 Jun 2024 22:07:32 GMT","1719612452390","36","","","","No","No","","","2","0","2","924336354811334676","924336354811334676","797920307284934697","20","F","S","S","S","S","F","D","",""
"vj56mfp","66052","1","Ryuichi Hado","Himouto! Umaru-chan","2","Fri, 28 Jun 2024 20:35:27 GMT","1719606927469","2","","","","No","No","","","0","0","2","","924336354811334676","797920307284934697","1","F","S","S","F","F","F","D","",""
"vj5st68","62141","1","Arles","Is It Wrong to Try to Pick Up Girls in a Dungeon? III","3","Fri, 28 Jun 2024 19:44:49 GMT","1719603889036","12","","","","No","No","","","1","0","3","924336354811334676","924336354811334676","797920307284934697","6","F","S","S","S","A","F","D","",""
"vj5d71c","39559","2","Tiger Mask","Tiger Mask W","2","Fri, 28 Jun 2024 17:24:25 GMT","1719595465822","18","","","","No","No","","","4","0","2","924336354811334676","924336354811334676","797920307284934697","13","F","S","S","S","S","F","D","",""
"vj5dk3t","4488","5","Player Robot 1","Extreme Hearts","3","Fri, 28 Jun 2024 16:32:52 GMT","1719592372981","53","","","","No","No","","","1","0","3","924336354811334676","924336354811334676","797920307284934697","30","F","S","S","S","A","F","C","",""
"vj57gdp","15024","3","Arthur Boyle","Fire Force","2","Fri, 28 Jun 2024 15:22:09 GMT","1719588129915","73","","","","No","No","","","144","0","2","688687114128588823","924336354811334676","797920307284934697","38","F","S","S","F","A","F","D","",""
"vj5tppn","10263","4","Ayako Yamada","Opera Girl!","0","Fri, 28 Jun 2024 13:18:24 GMT","1719580704309","6","","","","No","No","","","1","0","0","924336354811334676","924336354811334676","797920307284934697","4","F","S","S","S","S","F","D","",""
"vj58d6d","66082","1","Zaied","Full Metal Panic!","3","Fri, 28 Jun 2024 12:28:55 GMT","1719577735558","3","","","","No","No","","","1","0","3","924336354811334676","924336354811334676","797920307284934697","1","F","S","S","S","B","F","D","",""
"vj58h39","66245","1","Miyuki Takara","Lucky Star","1","Fri, 28 Jun 2024 11:22:00 GMT","1719573720686","7","","","","No","No","","","17","0","1","924336354811334676","924336354811334676","797920307284934697","4","F","S","S","S","A","F","D","",""
"vj5l0wq","65809","1","Perorich","Hello Kitty, ""Dai te Yaru"" to Sasowareru? Hello Kitty x Toyama Shiritsu Tantei Perorich Collaboration","3","Fri, 28 Jun 2024 08:54:58 GMT","1719564898466","9","","","","No","No","","","1","0","3","924336354811334676","924336354811334676","797920307284934697","4","F","S","S","S","A","F","D","",""
"vj5l5bq","13832","3","Akihiko Kaji","Given","3","Fri, 28 Jun 2024 08:11:34 GMT","1719562294849","88","","","","No","No","","","47","0","3","924336354811334676","924336354811334676","797920307284934697","49","F","S","S","S","A","F","D","",""
"vj59fq6","4710","5","Sanae Ebato","Scum's Wish","1","Fri, 28 Jun 2024 06:47:28 GMT","1719557248237","18","","","","No","No","","","9","0","1","924336354811334676","924336354811334676","797920307284934697","14","F","S","S","S","A","F","C","",""
"vj5rn75","12630","4","Dark Magician","Yu-Gi-Oh! Duel Monsters","2","Fri, 28 Jun 2024 01:29:52 GMT","1719538192446","52","","","","No","No","","","61","0","2","924336354811334676","924336354811334676","797920307284934697","30","F","S","S","S","S","F","D","",""
"vj5rvwf","66014","1","Gyoffrey","One-Punch Man 2","2","Fri, 28 Jun 2024 00:59:50 GMT","1719536390079","7","","","","No","No","","","1","0","2","1246258973821243494","924336354811334676","797920307284934697","4","F","S","S","F","F","F","D","",""
"vj5rrpz","53930","1","Philippine Tarsier","Heaven's Design Team","2","Fri, 28 Jun 2024 00:32:22 GMT","1719534742799","7","","","","No","No","","","1","0","2","924336354811334676","924336354811334676","797920307284934697","4","F","S","S","S","B","F","D","",""
"vj5ph6t","65793","1","Ryousuke's Father","Yamishibai: Japanese Ghost Stories 6th Season","4","Thu, 27 Jun 2024 23:30:13 GMT","1719531013266","5","","","","No","No","","","0","0","4","924336354811334676","924336354811334676","797920307284934697","1","F","S","S","S","B","F","D","",""
"vj542ls","4898","4","Tsuruko","Haiyore! Nyaruko-san W","3","Thu, 27 Jun 2024 22:29:28 GMT","1719527368628","57","","","","No","No","","","1","0","3","924336354811334676","924336354811334676","797920307284934697","30","F","S","S","S","B","F","D","",""
"vj54f6d","59456","1","Khnum","Suddenly, Egyptian Gods","3","Thu, 27 Jun 2024 21:42:11 GMT","1719524531975","8","","","","No","No","","","1","0","3","924336354811334676","924336354811334676","797920307284934697","4","F","S","S","S","A","F","D","",""
"vj54qgl","65986","1","Frisbee","Redline","2","Thu, 27 Jun 2024 20:20:54 GMT","1719519654886","2","","","","No","No","","","1","0","2","924336354811334676","924336354811334676","797920307284934697","1","F","S","S","S","A","F","D","",""
"vj5nbsd","65638","1","Pakase","MonHun Nikki Girigiri Airu Mura G","1","Thu, 27 Jun 2024 18:16:07 GMT","1719512167807","1","","","","No","No","","","1","0","1","","924336354811334676","797920307284934697","0","F","S","S","F","B","F","D","",""
"vj5j30w","65635","1","Rokkaku's Mother","Fumoon","2","Thu, 27 Jun 2024 16:18:26 GMT","1719505106240","1","","","","No","No","","","0","0","2","924336354811334676","924336354811334676","797920307284934697","0","F","S","S","S","F","F","D","",""
"vj5b3xp","65902","1","White Snake","Shaman King","3","Thu, 27 Jun 2024 15:34:34 GMT","1719502474840","12","","","","No","No","","","1","0","3","924336354811334676","924336354811334676","797920307284934697","5","F","S","S","S","A","F","D","",""
"vj5j1x7","66068","1","Lensi","Aquarion","4","Thu, 27 Jun 2024 14:56:54 GMT","1719500214588","9","","","","No","No","","","0","0","4","924336354811334676","924336354811334676","797920307284934697","4","F","S","S","S","F","F","D","",""
"vj559bc","11542","1","Hazuki","The Alchemist Code","0","Thu, 27 Jun 2024 13:47:11 GMT","1719496031934","4","","","","No","No","","","0","0","0","924336354811334676","924336354811334676","797920307284934697","1","F","S","S","S","A","F","C","",""
"vj5k96v","65850","1","Suran","Voice of Fox","0","Thu, 27 Jun 2024 11:22:28 GMT","1719487348899","1","","","","No","No","","","1","0","0","924336354811334676","924336354811334676","797920307284934697","0","F","S","S","S","A","F","D","",""
"vj5wtnb","3859","2","D'Artagnan","The Alchemist Code","3","Thu, 27 Jun 2024 10:45:04 GMT","1719485104342","57","","","","No","No","","","1","0","3","924336354811334676","924336354811334676","797920307284934697","33","F","S","S","S","A","F","C","",""
"vj52s0t","29869","1","Shouken Shinryuu","Spiritpact: Bond of the Underworld","2","Thu, 27 Jun 2024 06:57:01 GMT","1719471421476","6","","","","No","No","","","1","0","2","924336354811334676","924336354811334676","797920307284934697","4","F","S","S","S","A","F","D","",""
"vjk67ng","53455","1","G-OLM","Zero Escape","0","Wed, 26 Jun 2024 21:23:36 GMT","1719437016999","1","","","","No","No","","","1","0","0","924336354811334676","924336354811334676","797920307284934697","0","F","S","S","S","A","F","D","",""
"vjk61v2","66405","1","Ladder","Ahiru no Pekkle no Ahiru no Drakestail","1","Wed, 26 Jun 2024 18:48:09 GMT","1719427689679","2","","","","No","No","","","2","0","1","924336354811334676","924336354811334676","797920307284934697","1","F","S","S","S","B","F","D","",""
"vjks3b1","48198","1","Takashi Utsui","Haikyuu!!","1","Wed, 26 Jun 2024 18:18:05 GMT","1719425885868","3","","","","No","No","","","1","0","1","924336354811334676","924336354811334676","797920307284934697","1","F","S","S","S","A","F","D","",""
"vjks5tp","66237","1","Kawauso","GeGeGe no Kitarou: Nippon Bakuretsu!!","1","Wed, 26 Jun 2024 17:45:11 GMT","1719423911292","1","","","","No","No","","","0","0","1","924336354811334676","924336354811334676","797920307284934697","0","F","S","S","S","B","F","D","",""
"vjkdgnk","802","3","Yuuri Amagake","Battle Game in 5 Seconds","0","Wed, 26 Jun 2024 17:11:31 GMT","1719421891102","11","","","","No","No","","","17","0","0","924336354811334676","924336354811334676","797920307284934697","8","F","S","S","S","S","F","B","",""
"vjksvjc","55713","1","Bachirou","Mushoku Tensei: Jobless Reincarnation","3","Wed, 26 Jun 2024 15:42:17 GMT","1719416537746","7","","","","No","No","","","1","0","3","1167080205488226380","924336354811334676","797920307284934697","4","F","S","S","F","F","F","D","",""
"vjkdpn2","14226","3","Li Qian","Shi Yi Chang An: Ming Yue Ji Shi You","2","Wed, 26 Jun 2024 15:02:06 GMT","1719414126701","20","","","","No","No","","","1","0","2","","924336354811334676","797920307284934697","11","F","S","S","F","A","F","D","",""
"vjk72f4","5519","5","Omaru Polka","Hololive: Holo no Graffiti","4","Wed, 26 Jun 2024 14:51:39 GMT","1719413499599","269","","","","No","No","","","52","0","4","924336354811334676","924336354811334676","797920307284934697","154","F","S","S","S","A","F","D","",""
"vjk7d49","65830","1","Hideo","Teekyuu 9","2","Wed, 26 Jun 2024 14:04:50 GMT","1719410690124","3","","","","No","No","","","1","0","2","924336354811334676","924336354811334676","797920307284934697","1","F","S","S","S","B","F","D","",""
"vjktwtr","65951","1","Animaru","Mahou Shoujo? Naria Girls","2","Wed, 26 Jun 2024 12:36:33 GMT","1719405393133","4","","","","No","No","","","0","0","2","924336354811334676","924336354811334676","797920307284934697","1","F","S","S","S","A","F","D","",""
"vjkt1zm","65923","1","Kuri","Elegant Youkai Apartment Life","0","Wed, 26 Jun 2024 11:55:08 GMT","1719402908945","1","","","","No","No","","","0","0","0","924336354811334676","924336354811334676","797920307284934697","0","F","S","S","S","B","F","D","",""
"vjk822g","29311","2","Kaya Miyoshi","Bakuman. 2","1","Wed, 26 Jun 2024 11:21:36 GMT","1719400896617","6","","","","No","No","","","1","0","1","924336354811334676","924336354811334676","797920307284934697","4","F","S","S","S","A","F","D","",""
"vjktmb9","65840","1","Puu","Flint the Time Detective","1","Wed, 26 Jun 2024 10:24:13 GMT","1719397453745","1","","","","No","No","","","0","0","1","924336354811334676","924336354811334676","797920307284934697","0","F","S","S","S","A","F","D","",""
"vjk98lf","9856","4","Sayaka Miki","Puella Magi Madoka Magica","0","Wed, 26 Jun 2024 05:27:11 GMT","1719379631914","15","","","","No","No","","","109","0","0","924336354811334676","924336354811334676","797920307284934697","8","F","S","S","S","A","F","D","",""
"vjk99z0","14397","2","Tanaka","Cyberpunk: Edgerunners","1","Wed, 26 Jun 2024 03:53:26 GMT","1719374006807","14","","","","No","No","","","1","0","1","924336354811334676","924336354811334676","797920307284934697","9","F","S","S","S","A","F","C","",""
"vjk4n5l","14102","3","Lemon Man","Love is Like a Cocktail","3","Tue, 25 Jun 2024 21:08:39 GMT","1719349719404","46","","","","No","No","","","4","0","3","688687114128588823","924336354811334676","797920307284934697","24","F","S","S","F","C","F","D","",""
"vjk46vb","65746","1","Nero","Last Period: the journey to the end of the despair","3","Tue, 25 Jun 2024 20:47:08 GMT","1719348428480","10","","","","No","No","","","1","0","3","924336354811334676","924336354811334676","797920307284934697","5","F","S","S","S","B","F","D","",""
"vjk1rns","63828","1","Sara Scorpion","Space Pirate Sara","2","Tue, 25 Jun 2024 19:49:50 GMT","1719344990613","9","","","","No","No","","","3","0","2","1142935430342385724","924336354811334676","797920307284934697","4","F","S","S","F","D","F","D","",""
"vjkz2d2","65666","1","Kunyan","Ippatsu Kikimusume","0","Tue, 25 Jun 2024 19:34:55 GMT","1719344095742","1","","","","No","No","","","1","0","0","924336354811334676","924336354811334676","797920307284934697","0","F","S","S","S","A","F","D","",""
"vjknbct","65865","1","Gelus","Death Note","4","Tue, 25 Jun 2024 18:06:55 GMT","1719338815562","50","","","","No","No","death","","1","0","4","737980149995274240","1142935430342385724","797920307284934697","24","F","S","F","F","F","F","D","",""
"vjk1b4d","12396","4","John Steinbeck","Bungou Stray Dogs 2nd Season","1","Tue, 25 Jun 2024 18:03:12 GMT","1719338592960","16","","","","No","No","","","1","0","1","","924336354811334676","797920307284934697","6","F","S","S","F","D","F","D","",""
"vjkjx6j","65587","1","Selene","The Qwaser of Stigmata","3","Tue, 25 Jun 2024 17:24:09 GMT","1719336249762","8","","","","No","No","","","2","0","3","924336354811334676","924336354811334676","797920307284934697","4","F","S","S","S","A","F","D","",""
"vjkjzf5","852","3","Alaskan Ice Cream","Food Fantasy","2","Tue, 25 Jun 2024 16:53:56 GMT","1719334436559","40","","","","No","No","","","3","0","2","924336354811334676","924336354811334676","797920307284934697","28","F","S","S","S","A","F","A","",""
"vjkn3wz","65815","1","Hong Long","Mobile Suit Gundam 00","2","Tue, 25 Jun 2024 16:03:13 GMT","1719331393115","2","","","","No","No","","","0","0","2","924336354811334676","924336354811334676","797920307284934697","1","F","S","S","S","B","F","D","",""
"vjkb5ff","15387","3","Hanasaki Miyabi","Holostars","2","Tue, 25 Jun 2024 15:10:03 GMT","1719328203260","41","","","","No","No","","","10","0","2","924336354811334676","924336354811334676","797920307284934697","21","F","S","S","S","B","F","D","",""
"vjkbf37","18033","2","Shoko Makinohara","Rascal Does Not Dream of Bunny Girl Senpai","0","Tue, 25 Jun 2024 14:51:47 GMT","1719327107840","16","","","","No","No","","","60","0","0","1142935430342385724","1142935430342385724","797920307284934697","8","F","S","F","F","B","F","D","",""
"vjkm4qf","53761","1","Dr. Schumann","Monster","3","Tue, 25 Jun 2024 14:42:42 GMT","1719326562104","3","","","","No","No","monster","","1","0","3","688687114128588823","1142935430342385724","797920307284934697","1","F","S","F","F","F","F","D","",""
"vjkjwss","14076","2","Nobbo","Mobile Suit Gundam 08th MS Team","4","Tue, 25 Jun 2024 14:23:47 GMT","1719325427342","45","","","","No","No","","","0","0","4","924336354811334676","924336354811334676","797920307284934697","25","F","S","S","S","A","F","C","",""
"vjk2fpq","1158","2","Kakigori","Food Fantasy","1","Tue, 25 Jun 2024 06:52:08 GMT","1719298328600","20","","","","No","No","","","1","0","1","924336354811334676","924336354811334676","797920307284934697","15","F","S","S","S","S","F","B","",""
"vjkh7mc","65840","1","Black General","Precarious Woman Executive Miss Black General","2","Tue, 25 Jun 2024 04:09:40 GMT","1719288580380","7","","","","No","No","","","1","0","2","924336354811334676","924336354811334676","797920307284934697","4","F","S","S","S","A","F","D","",""
"vjwcld5","65629","1","Yeti","Shounen Ashibe: Go! Go! Goma-chan","2","Mon, 24 Jun 2024 21:36:07 GMT","1719264967089","4","","","","No","No","","","1","0","2","924336354811334676","924336354811334676","797920307284934697","1","F","S","S","S","C","F","D","",""
"vjw6fm4","65819","1","Gastly","Pokémon","2","Mon, 24 Jun 2024 20:17:10 GMT","1719260230789","21","","","","No","No","","","3","0","2","924336354811334676","924336354811334676","797920307284934697","13","F","S","S","S","A","F","D","",""
"vjwcm6n","38989","2","Kagami Sumika","Muv-Luv","2","Mon, 24 Jun 2024 19:22:15 GMT","1719256935862","23","","","","No","No","","","13","0","2","","924336354811334676","797920307284934697","11","F","S","S","F","F","F","D","",""
"vjw1gm7","66168","1","Catnip","Hello Kitty's Furry Tale Theater","2","Mon, 24 Jun 2024 19:13:45 GMT","1719256425324","4","","","","No","No","","","2","0","2","","1142935430342385724","797920307284934697","1","F","S","F","F","F","F","D","",""
"vjw4mhs","66120","1","Stick Dinner","Hunter x Hunter (2011)","1","Mon, 24 Jun 2024 19:13:22 GMT","1719256402924","3","","","","No","No","","","1","0","1","1142935430342385724","1142935430342385724","797920307284934697","1","F","S","F","F","A","F","D","",""
"vjwtw7q","54830","1","Dwarf Woodcutter C","Hello Kitty's Animation Theater","2","Mon, 24 Jun 2024 19:12:58 GMT","1719256378158","3","","","","No","No","","","1","0","2","","1142935430342385724","797920307284934697","1","F","S","F","F","F","F","D","",""
"vjw6n99","31696","2","Sakura's Stalker","Don't Toy with Me, Miss Nagatoro","4","Mon, 24 Jun 2024 19:12:36 GMT","1719256356386","56","","","","No","No","","","1","0","4","1142935430342385724","1142935430342385724","797920307284934697","28","F","S","F","F","A","F","D","",""
"vjw662z","23396","3","Shinku Nilvaren","No Game No Life: Zero","2","Mon, 24 Jun 2024 19:11:50 GMT","1719256310122","42","","","","No","No","","","2","0","2","","688687114128588823","797920307284934697","20","F","S","F","F","F","F","D","",""
"vjwxwjr","20637","2","Roland Inca","Honkai Impact 3rd","2","Mon, 24 Jun 2024 18:47:47 GMT","1719254867077","37","","","","No","No","","","1","0","2","924336354811334676","924336354811334676","797920307284934697","20","F","S","S","S","A","F","D","",""
"vjw69wm","66007","1","Kayo Yushima","Night Head Genesis","4","Mon, 24 Jun 2024 18:04:05 GMT","1719252245158","9","","","","No","No","","","0","0","4","924336354811334676","924336354811334676","797920307284934697","4","F","S","S","S","B","F","D","",""
"vjws8ff","65719","1","Dr. Manelger","Monster Hunter Stories: RIDE ON","3","Mon, 24 Jun 2024 17:21:02 GMT","1719249662734","5","","","","No","No","","","0","0","3","924336354811334676","924336354811334676","797920307284934697","1","F","S","S","S","B","F","D","",""
"vjwxq77","5567","5","Canti","FLCL","2","Mon, 24 Jun 2024 15:14:38 GMT","1719242078809","35","","","","No","No","","","39","0","2","924336354811334676","924336354811334676","797920307284934697","21","F","S","S","S","A","F","C","",""
"vjwfn7b","65527","1","Sano","Karakuri Circus","2","Mon, 24 Jun 2024 05:53:59 GMT","1719208439989","1","","","","No","No","","","1","0","2","924336354811334676","924336354811334676","797920307284934697","0","F","S","S","S","B","F","D","",""
"vjwg4m5","24227","2","Roozid","Epic Seven","3","Mon, 24 Jun 2024 04:03:10 GMT","1719201790291","36","","","","No","No","","","1","0","3","924336354811334676","924336354811334676","797920307284934697","20","F","S","S","S","A","F","D","",""
"vjwzb0v","66003","1","Ipana","Dragon Ball: Episode of Bardock","4","Sun, 23 Jun 2024 20:46:04 GMT","1719175564766","20","","","","No","No","","","1","0","4","924336354811334676","924336354811334676","797920307284934697","13","F","S","S","S","B","F","D","",""
"vjwzf84","17600","2","Reiji Namikawa","Death Note","3","Sun, 23 Jun 2024 19:36:31 GMT","1719171391792","57","","","","No","No","death","","2","0","3","924336354811334676","924336354811334676","797920307284934697","33","F","S","S","S","A","F","D","",""
"vjwzqn7","65557","1","Hitomi","Dokidoki! Precure","3","Sun, 23 Jun 2024 18:49:42 GMT","1719168582421","1","","","","No","No","","","0","0","3","924336354811334676","924336354811334676","797920307284934697","0","F","S","S","S","B","F","D","",""
"vjw1p9s","66000","1","Mike","Kiratto Pri-chan","3","Sun, 23 Jun 2024 18:12:37 GMT","1719166357674","20","","","","No","No","","","1","0","3","924336354811334676","924336354811334676","797920307284934697","13","F","S","S","S","A","F","D","",""
"vjw1vq0","7930","1","Sagawa Tsukasa","Yakuza 0","2","Sun, 23 Jun 2024 17:59:08 GMT","1719165548061","6","","","","No","No","","","1","0","2","","924336354811334676","797920307284934697","4","F","S","S","F","D","F","D","",""
"vjwnzjr","24787","1","Kuroe","Magia Record: Puella Magi Madoka Magica Side Story","2","Sun, 23 Jun 2024 17:33:57 GMT","1719164037609","11","","","","No","No","","","1","0","2","924336354811334676","924336354811334676","797920307284934697","5","F","S","S","S","B","F","D","",""
"vjwnrfs","66326","1","Mana Oshimizu","Hanasaku Iroha","1","Sun, 23 Jun 2024 16:15:46 GMT","1719159346850","1","","","","No","No","","","0","0","1","924336354811334676","924336354811334676","797920307284934697","0","F","S","S","S","B","F","D","",""
"vjwb0ns","1698","1","Gin","Food Fantasy","0","Sun, 23 Jun 2024 15:09:22 GMT","1719155362307","7","","","","No","No","","","3","0","0","924336354811334676","924336354811334676","797920307284934697","5","F","S","S","S","S","F","B","",""
"vjwb945","65751","1","Lenny","D.Gray-man","2","Sun, 23 Jun 2024 14:04:39 GMT","1719151479704","1","","","","No","No","","","1","0","2","924336354811334676","924336354811334676","797920307284934697","0","F","S","S","S","A","F","D","",""
"vjwk3cs","65547","1","Kaito Kiriya","Shining Tears X Wind","2","Sun, 23 Jun 2024 12:50:25 GMT","1719147025755","3","","","","No","No","","","0","0","2","924336354811334676","924336354811334676","797920307284934697","1","F","S","S","S","B","F","D","",""
"vjwkd1n","38650","2","Ryouta Suzui","Kakegurui","3","Sun, 23 Jun 2024 12:09:12 GMT","1719144552074","97","","","","No","No","","","8","0","3","924336354811334676","924336354811334676","797920307284934697","50","F","S","S","S","B","F","D","",""
"vjwkqvh","34795","1","Muscle Mice","Demon Slayer: Kimetsu no Yaiba: Entertainment District Arc","3","Sun, 23 Jun 2024 11:23:32 GMT","1719141812197","80","","","","No","No","","","39","0","3","924336354811334676","688687114128588823","797920307284934697","40","F","S","F","S","C","F","D","",""
"vjwklj4","14677","2","Vice","Boiling is the Best! Revice Anime: Steam Paradise A GO! GO!","4","Sun, 23 Jun 2024 11:20:41 GMT","1719141641322","54","","","","No","No","","","1","0","4","924336354811334676","924336354811334676","797920307284934697","31","F","S","S","S","B","F","C","",""
"vjmmhcs","2462","1","Karaku","Demon Slayer: Kimetsu no Yaiba: Swordsmith Village Arc","3","Sun, 23 Jun 2024 11:18:25 GMT","1719141505962","103","","","","No","No","","","14","0","3","","1167080205488226380","797920307284934697","49","F","S","F","F","D","F","D","",""
"vjwk2d7","61497","1","Haruki Hosokawa","Aoharu × Machinegun","2","Sun, 23 Jun 2024 10:45:38 GMT","1719139538937","4","","","","No","No","","","1","0","2","924336354811334676","924336354811334676","797920307284934697","1","F","S","S","S","A","F","D","",""
"vjwwbtq","60711","1","Itsuki Kurogane","Chivalry of a Failed Knight","2","Sun, 23 Jun 2024 09:54:48 GMT","1719136488471","3","","","","No","No","","","0","0","2","924336354811334676","924336354811334676","797920307284934697","1","F","S","S","S","C","F","D","",""
"vjwkqvq","38663","2","Sharon","Game of Dice","2","Sun, 23 Jun 2024 09:24:29 GMT","1719134669317","16","","","","No","No","","","1","0","2","924336354811334676","924336354811334676","797920307284934697","8","F","S","S","S","A","F","D","",""
"vjwq9cw","65375","1","Haruma Kagutsuchi","Monster Strike","2","Sun, 23 Jun 2024 03:40:50 GMT","1719114050232","3","","","","No","No","","","0","0","2","1167080205488226380","924336354811334676","797920307284934697","1","F","S","S","F","A","F","D","",""
"vjwqqxj","65507","1","Yuya Kanzaki","A.I.C.O. Incarnation","2","Sun, 23 Jun 2024 02:19:45 GMT","1719109185326","4","","","","No","No","","","1","0","2","924336354811334676","924336354811334676","797920307284934697","1","F","S","S","S","A","F","D","",""
"vjw03pn","65859","1","Fujima","Kamisama Dolls","1","Sun, 23 Jun 2024 01:24:11 GMT","1719105851496","1","","","","No","No","","","0","0","1","924336354811334676","924336354811334676","797920307284934697","0","F","S","S","S","D","F","D","",""
"vjwvs2s","17495","1","Tiger II","Girls und Panzer","1","Sun, 23 Jun 2024 00:33:25 GMT","1719102805797","5","","","","No","No","","","14","0","1","688687114128588823","924336354811334676","797920307284934697","1","F","S","S","F","A","F","D","",""
"vjwvsq1","63642","1","Mirei Suzuki","Sound! Euphonium Movie 3: Our Promise - A Brand New Day","0","Sun, 23 Jun 2024 00:04:04 GMT","1719101044287","1","","","","No","No","","","1","0","0","1167080205488226380","924336354811334676","797920307284934697","0","F","S","S","F","C","F","D","",""
"vjwvnx8","65781","1","Shino","Yowamushi Pedal: Glory Line","1","Sat, 22 Jun 2024 23:48:33 GMT","1719100113488","1","","","","No","No","","","1","0","1","924336354811334676","924336354811334676","797920307284934697","0","F","S","S","S","A","F","D","",""
"vjwmjq2","2221","6","Yui Michimiya","Haikyuu!!","4","Sat, 22 Jun 2024 23:07:33 GMT","1719097653161","210","","","","No","No","","","1","0","4","924336354811334676","924336354811334676","797920307284934697","131","F","S","S","S","S","F","C","",""
"vj26ctl","12480","4","Amelia Ruth","The Case Study of Vanitas","4","Sat, 22 Jun 2024 22:01:06 GMT","1719093666843","149","","","","No","No","","","6","0","4","924336354811334676","924336354811334676","797920307284934697","81","F","S","S","S","C","F","D","",""
"vj2cvx3","2189","6","Tooru Hanagata","Slam Dunk","2","Sat, 22 Jun 2024 21:26:28 GMT","1719091588168","30","","","","No","No","","","1","0","2","924336354811334676","924336354811334676","797920307284934697","20","F","S","S","S","A","F","C","",""
"vj268mn","16833","3","Yoshitaka","Tanaka-kun is Always Listless","3","Sat, 22 Jun 2024 20:14:02 GMT","1719087242963","46","","","","No","No","","","1","0","3","924336354811334676","924336354811334676","797920307284934697","24","F","S","S","S","D","F","D","",""
"vj2xxrs","2355","6","Yukina Himeragi","Strike the Blood","2","Sat, 22 Jun 2024 19:08:11 GMT","1719083291138","71","","","","No","No","","","92","0","2","924336354811334676","924336354811334676","797920307284934697","44","F","S","S","S","B","F","C","",""
"vj2xkp4","38672","2","Mokuren","Please Save My Earth","2","Sat, 22 Jun 2024 17:46:02 GMT","1719078362843","12","","","","No","No","","","1","0","2","","924336354811334676","797920307284934697","6","F","S","S","F","A","F","D","",""
"vj2dt8m","65573","1","Slayn","Record of Lodoss War OVA","1","Sat, 22 Jun 2024 17:16:38 GMT","1719076598159","1","","","","No","No","","","0","0","1","924336354811334676","924336354811334676","797920307284934697","0","F","S","S","S","F","F","D","",""
"vj27vkx","65520","1","Daisy","One Piece","2","Sat, 22 Jun 2024 14:33:38 GMT","1719066818188","9","","","","No","No","","","1","0","2","924336354811334676","924336354811334676","797920307284934697","4","F","S","S","S","B","F","D","",""
"vj2trpq","2148","6","Enta Jinnai","Sarazanmai","4","Sat, 22 Jun 2024 12:42:03 GMT","1719060123848","118","","","","No","No","","","1","0","4","924336354811334676","924336354811334676","797920307284934697","74","F","S","S","S","A","F","C","",""
"vbb2n73","37790","2","Kokiri","Kiki's Delivery Service","2","Sat, 22 Jun 2024 12:25:39 GMT","1719059139199","22","","","","No","No","","","2","0","2","1142935430342385724","1142935430342385724","797920307284934697","11","F","S","F","F","A","F","D","",""
"vb4gz32","7915","1","WISE Chief's Assistant","Spy x Family","1","Sat, 22 Jun 2024 12:24:58 GMT","1719059098374","6","","","","No","No","","","1","0","1","1142935430342385724","1142935430342385724","797920307284934697","4","F","S","F","F","B","F","C","",""
"vb3f933","64608","1","Nicolas","Hunter x Hunter","2","Sat, 22 Jun 2024 12:24:07 GMT","1719059047469","10","","","","No","No","","","1","0","2","1142935430342385724","1142935430342385724","797920307284934697","5","F","S","F","F","A","F","D","",""
"vbfc7f7","19555","1","Carl Gustav","Honkai Impact 3rd","2","Sat, 22 Jun 2024 12:22:29 GMT","1719058949911","10","","","","No","No","","","1","0","2","688687114128588823","1142935430342385724","797920307284934697","5","F","S","F","F","F","F","D","",""
"vblv4p3","64800","1","Papa","DARLING in the FRANXX","1","Sat, 22 Jun 2024 12:22:06 GMT","1719058926638","5","","","","No","No","","","2","0","1","1142935430342385724","1142935430342385724","797920307284934697","1","F","S","F","F","B","F","D","",""
"vblfk13","64740","1","Code 001","DARLING in the FRANXX","1","Sat, 22 Jun 2024 12:21:11 GMT","1719058871365","14","","","","No","No","","","15","0","1","1142935430342385724","1142935430342385724","797920307284934697","6","F","S","F","F","B","F","D","",""
"vb7rsqg","34547","2","Enmu's Third Recruit","Demon Slayer: Kimetsu no Yaiba the Movie: Mugen Train","0","Sat, 22 Jun 2024 12:20:06 GMT","1719058806517","8","","","","No","No","","","1","0","0","1142935430342385724","1142935430342385724","797920307284934697","4","F","S","F","F","A","F","D","",""
"vbsjwp9","65111","1","Kuchel Ackermann","Attack on Titan 3rd Season","0","Sat, 22 Jun 2024 12:19:33 GMT","1719058773813","5","","","","No","No","","","1","0","0","1142935430342385724","1142935430342385724","797920307284934697","1","F","S","F","F","A","F","D","",""
"vbxbx6j","54130","1","Train Conductor B","Demon Slayer: Kimetsu no Yaiba the Movie: Mugen Train","2","Sat, 22 Jun 2024 12:17:46 GMT","1719058666090","13","","","","No","No","","","1","0","2","1142935430342385724","1142935430342385724","797920307284934697","5","F","S","F","F","D","F","D","",""
"vbc7dt2","16809","1","Yaeko Nishimiya","A Silent Voice","2","Sat, 22 Jun 2024 12:16:21 GMT","1719058581557","25","","","","No","No","","","5","0","2","688687114128588823","1142935430342385724","797920307284934697","10","F","S","F","F","F","F","D","",""
"vb21294","6959","1","Charlotte","Genshin Impact","2","Sat, 22 Jun 2024 12:15:34 GMT","1719058534380","57","","","","No","No","genshin","","20","0","2","1167080205488226380","1167080205488226380","797920307284934697","28","F","S","F","F","B","F","D","",""
"vjqv3jj","38945","2","Murata","Demon Slayer: Kimetsu no Yaiba","1","Sat, 22 Jun 2024 12:14:41 GMT","1719058481852","23","","","","No","No","","","7","0","1","1142935430342385724","1142935430342385724","797920307284934697","11","F","S","F","F","A","F","D","",""
"vj2bp1b","65804","1","Garcia","Hunter x Hunter: The Last Mission","2","Sat, 22 Jun 2024 12:13:32 GMT","1719058412841","5","","","","No","No","","","1","0","2","1142935430342385724","1142935430342385724","797920307284934697","1","F","S","F","F","B","F","D","",""
"vj2p231","19747","1","Ruka Rengoku","Demon Slayer: Kimetsu no Yaiba the Movie: Mugen Train","2","Sat, 22 Jun 2024 12:12:45 GMT","1719058365579","44","","","","No","No","","","8","1","2","1142935430342385724","1142935430342385724","797920307284934697","23","F","S","F","F","C","D","D","",""
"vj2tp43","3314","4","Shikanoin Heizou","Genshin Impact","2","Sat, 22 Jun 2024 11:35:32 GMT","1719056132018","82","","","","No","No","","","169","0","2","924336354811334676","924336354811334676","797920307284934697","51","F","S","S","S","S","F","C","",""
"vj28ptp","65730","1","Wanze","One Piece","1","Sat, 22 Jun 2024 10:23:25 GMT","1719051805421","4","","","","No","No","","","1","0","1","924336354811334676","924336354811334676","797920307284934697","1","F","S","S","S","A","F","D","",""
"vj2l3v3","4731","5","Raven","Tales of Vesperia ~The First Strike~","3","Sat, 22 Jun 2024 09:21:26 GMT","1719048086950","54","","","","No","No","","","5","0","3","924336354811334676","924336354811334676","797920307284934697","33","F","S","S","S","A","F","D","",""
"vj2lfdt","59768","1","Minato Kai","Project Scard: Praeter no Kizu","4","Sat, 22 Jun 2024 08:30:43 GMT","1719045043628","13","","","","No","No","","","1","0","4","924336354811334676","924336354811334676","797920307284934697","5","F","S","S","S","A","F","D","",""
"vj238bp","66096","1","Nanasuke Ichino","Inazuma Eleven GO","2","Sat, 22 Jun 2024 01:51:31 GMT","1719021091197","3","","","","No","No","","","1","0","2","1142935430342385724","924336354811334676","797920307284934697","1","F","S","S","F","B","F","D","",""
"vj23p27","3935","2","Mamoru Takamura","Hajime no Ippo: The Fighting!","1","Sat, 22 Jun 2024 01:16:29 GMT","1719018989311","17","","","","No","No","","","99","0","1","924336354811334676","924336354811334676","797920307284934697","8","F","S","S","S","A","F","D","",""
"vj2rb5z","65679","1","Johji Minami","Infini-T Force","1","Sat, 22 Jun 2024 00:18:31 GMT","1719015511925","1","","","","No","No","","","1","0","1","924336354811334676","924336354811334676","797920307284934697","0","F","S","S","S","B","F","D","",""
"vj2rw05","65576","1","Stuka","Tristia of the Deep Blue Sea","2","Fri, 21 Jun 2024 23:30:17 GMT","1719012617105","3","","","","No","No","","","1","0","2","924336354811334676","924336354811334676","797920307284934697","1","F","S","S","S","A","F","D","",""
"vj2pjm0","22861","2","Bear","Love Stage!!","3","Fri, 21 Jun 2024 22:57:03 GMT","1719010623460","37","","","","No","No","","","1","0","3","737980149995274240","924336354811334676","797920307284934697","19","F","S","S","F","A","F","D","",""
"vj2p52w","6451","4","Renner Theiere Chardelon Ryle Vaiself","Overlord II","4","Fri, 21 Jun 2024 22:43:11 GMT","1719009791566","206","","","","No","No","","","22","0","4","924336354811334676","924336354811334676","797920307284934697","116","F","S","S","S","A","F","D","",""
"vj2p247","65594","1","Pushin","Cobra the Animation: The Psychogun","4","Fri, 21 Jun 2024 22:08:25 GMT","1719007705177","9","","","","No","No","","","0","0","4","924336354811334676","924336354811334676","797920307284934697","4","F","S","S","S","A","F","D","",""
"vj24g0w","60394","1","Cyber Phoenix","Yu-Gi-Oh! GX","2","Fri, 21 Jun 2024 21:02:22 GMT","1719003742547","6","","","","No","No","","","0","0","2","924336354811334676","924336354811334676","797920307284934697","4","F","S","S","S","B","F","D","",""
"vj24vf0","65663","1","Mirorin","Hana Kappa","0","Fri, 21 Jun 2024 20:28:55 GMT","1719001735772","1","","","","No","No","","","1","0","0","924336354811334676","924336354811334676","797920307284934697","0","F","S","S","S","A","F","D","",""
"vj21c5t","21643","1","Tristan Faze","Black Summoner","3","Fri, 21 Jun 2024 19:28:30 GMT","1718998110607","12","","","","No","No","","","0","0","3","924336354811334676","924336354811334676","797920307284934697","5","F","S","S","S","B","F","C","",""
"vj2z1zl","39274","2","Shuka","Snow White with the Red Hair","1","Fri, 21 Jun 2024 18:56:59 GMT","1718996219576","8","","","","No","No","","","1","0","1","688687114128588823","924336354811334676","797920307284934697","4","F","S","S","F","F","F","D","",""
"vj21pdk","1164","2","Braised Dongpo Pork","Food Fantasy","2","Fri, 21 Jun 2024 18:06:52 GMT","1718993212743","36","","","","No","No","","","1","0","2","924336354811334676","924336354811334676","797920307284934697","24","F","S","S","S","S","F","B","",""
"vj2ng5w","36108","1","Six-Fingered José","Genshin Impact","3","Fri, 21 Jun 2024 16:23:55 GMT","1718987035649","37","","","","No","No","","","2","0","3","924336354811334676","924336354811334676","797920307284934697","20","F","S","S","S","B","F","D","",""
"vj2jpsx","17442","3","Ryou Misaki","Angelic Layer","1","Fri, 21 Jun 2024 15:41:05 GMT","1718984465250","6","","","","No","No","","","0","0","1","","924336354811334676","797920307284934697","4","F","S","S","F","B","F","D","",""
"vj2nh7z","5155","5","Reine Murasame","Date a Live","2","Fri, 21 Jun 2024 15:20:10 GMT","1718983210769","66","","","","No","No","","","35","0","2","","924336354811334676","797920307284934697","34","F","S","S","F","F","F","D","",""
"vj2jq47","66073","1","Shima","Devidol!","3","Fri, 21 Jun 2024 14:50:29 GMT","1718981429387","13","","","","No","No","","","1","0","3","924336354811334676","924336354811334676","797920307284934697","5","F","S","S","S","B","F","D","",""
"vj2jj73","5378","5","Elnowar Seylan","Endro~!","3","Fri, 21 Jun 2024 14:05:50 GMT","1718978750036","76","","","","No","No","","","2","0","3","924336354811334676","924336354811334676","797920307284934697","44","F","S","S","S","B","F","D","",""
"vj2b45t","65743","1","Otome-chan","Akiba-chan","2","Fri, 21 Jun 2024 13:30:56 GMT","1718976656532","3","","","","No","No","","","1","0","2","1142935430342385724","924336354811334676","797920307284934697","1","F","S","S","F","F","F","D","",""
"vj2bb5n","25851","1","Ryoko Tachibana","Tokyo Revengers","1","Fri, 21 Jun 2024 12:26:04 GMT","1718972764603","8","","","","No","No","","","1","0","1","","924336354811334676","797920307284934697","4","F","S","S","F","A","F","D","",""
"vj2bp1j","12662","1","Min Suha","Nijisanji KR","3","Fri, 21 Jun 2024 11:59:55 GMT","1718971195293","31","","","","No","No","","","3","0","3","1142935430342385724","924336354811334676","797920307284934697","16","F","S","S","F","D","F","D","",""
"vj2bnj7","6280","2","Pippo","Doraemon: Shin Nobita to Tetsujin Heidan - Habatake Tenshi-tachi","0","Fri, 21 Jun 2024 11:17:57 GMT","1718968677173","5","","","","No","No","","","5","0","0","924336354811334676","924336354811334676","797920307284934697","1","F","S","S","S","A","F","D","",""
"vj25cdb","66008","1","Female Sage","Goblin Slayer","2","Fri, 21 Jun 2024 10:46:07 GMT","1718966767763","11","","","","No","No","","","1","0","2","924336354811334676","924336354811334676","797920307284934697","5","F","S","S","S","A","F","D","",""
"vj2wwnz","4802","4","Maiden","Nikke: Goddess of Victory","1","Fri, 21 Jun 2024 05:54:20 GMT","1718949260789","30","","","","No","No","","","74","0","1","924336354811334676","924336354811334676","797920307284934697","20","F","S","S","S","S","F","D","",""
"vj2qxtr","39948","1","Flirty Guy at the Beach","Ane wa Yanmama Junyuu-chuu","0","Fri, 21 Jun 2024 04:01:17 GMT","1718942477315","1","","","","No","No","","","1","0","0","924336354811334676","924336354811334676","797920307284934697","0","F","S","S","S","B","F","D","",""
"vjhccx8","23818","2","Shinku Nilvaren","No Game No Life: Zero","3","Thu, 20 Jun 2024 21:21:01 GMT","1718918461360","78","","","","No","No","","","2","0","3","","924336354811334676","797920307284934697","43","F","S","S","F","A","F","D","",""
"vj2v5k4","34019","1","Oceanid","Genshin Impact","2","Thu, 20 Jun 2024 21:06:12 GMT","1718917572543","26","","","","No","No","","","2","0","2","","688687114128588823","797920307284934697","13","F","S","F","F","F","F","D","",""
"vj2v5kz","95","6","Shizuku Hasei","Undead Girl Murder Farce","2","Thu, 20 Jun 2024 21:05:06 GMT","1718917506341","46","","","","No","No","","","8","0","2","","924336354811334676","797920307284934697","30","F","S","S","F","C","F","A","",""
"vjhcjz7","18300","1","Twin-Headed Bear","Reincarnated as a Sword","2","Thu, 20 Jun 2024 20:46:26 GMT","1718916386125","4","","","","No","No","","","0","0","2","924336354811334676","924336354811334676","797920307284934697","1","F","S","S","S","F","F","C","",""
"vjh63b8","65931","1","Hako Kuroi","Boruto: Naruto Next Generations","2","Thu, 20 Jun 2024 19:39:35 GMT","1718912375768","9","","","","No","No","","","1","0","2","924336354811334676","924336354811334676","797920307284934697","4","F","S","S","S","S","F","D","",""
"vjh61nn","65688","1","Zakk Irius","Death Note","2","Thu, 20 Jun 2024 19:06:39 GMT","1718910399592","8","","","","No","No","death","","1","0","2","1142935430342385724","1142935430342385724","797920307284934697","4","F","S","F","F","B","F","D","",""
"vjh61n1","65385","1","Hideki Ide","Death Note","4","Thu, 20 Jun 2024 19:06:06 GMT","1718910366547","29","","","","No","No","death","","1","0","4","1142935430342385724","924336354811334676","797920307284934697","13","F","S","S","F","F","F","D","",""
"vjhx62s","58297","1","Grocery Store Worker Mask","High-Rise Invasion","0","Thu, 20 Jun 2024 18:50:08 GMT","1718909408420","2","","","","No","No","","","1","0","0","","924336354811334676","797920307284934697","1","F","S","S","F","F","F","D","",""
"vjhx8sn","65722","1","Angela","Kurogane Communication","3","Thu, 20 Jun 2024 18:29:29 GMT","1718908169030","4","","","","No","No","","","0","0","3","924336354811334676","924336354811334676","797920307284934697","1","F","S","S","S","A","F","D","",""
"vjh6fgv","38744","2","Kinako","A Whisker Away","1","Thu, 20 Jun 2024 18:09:36 GMT","1718906976724","13","","","","No","No","","","4","0","1","688687114128588823","924336354811334676","797920307284934697","5","F","S","S","F","D","F","D","",""
"vjh6pwz","65304","1","Sia","Planetes","0","Thu, 20 Jun 2024 17:39:50 GMT","1718905190425","1","","","","No","No","","","0","0","0","924336354811334676","924336354811334676","797920307284934697","0","F","S","S","S","F","F","D","",""
"v23q19d","8009","4","Anya Forger","Spy x Family","2","Thu, 20 Jun 2024 17:00:39 GMT","1718902839544","88","","","","No","No","","","1668","0","2","303227397594152960","303227397594152960","706284652356436039","41","F","S","F","F","F","F","C","",""
"vw6p2q2","3948","5","Zhongli","Genshin Impact","4","Thu, 20 Jun 2024 16:38:35 GMT","1718901515615","350","","","","Yes","No","","","1095","0","3","834230678223716382","834230678223716382","1134209029728632894","181","F","A","F","F","A","F","C","",""
"v5mx9vd","4623","5","Childe","Genshin Impact","4","Thu, 20 Jun 2024 16:29:12 GMT","1718900952029","341","","","","Yes","No","genshin","","718","14","4","873668076460179456","873668076460179456","648031568756998155","205","F","S","F","F","A","S","C","",""
"vjhs11v","65894","1","Aisha Schubert","Youjo Senki: Saga of Tanya the Evil","1","Thu, 20 Jun 2024 16:29:03 GMT","1718900943607","2","","","","No","No","","","1","0","1","","924336354811334676","797920307284934697","1","F","S","S","F","B","F","D","",""
"vwp7jkf","8640","4","Johan Liebert","Monster","4","Thu, 20 Jun 2024 16:20:33 GMT","1718900433585","249","","","","Yes","No","monster","","303","0","4","","714819238183043113","738443806189289483","125","F","S","F","F","A","F","D","",""
"v5bsgk5","1507","6","Johan Liebert","Monster","0","Thu, 20 Jun 2024 16:06:04 GMT","1718899564369","17","","","","No","No","monster","","303","0","0","339767964926607361","339767964926607361","1078137471226871828","9","F","S","F","F","A","F","B","",""
"vjh7v6h","5051","5","Tamaki Amajiki","My Hero Academia 3","2","Thu, 20 Jun 2024 15:16:24 GMT","1718896584884","78","","","","No","No","","","156","0","2","1142935430342385724","1142935430342385724","797920307284934697","41","F","S","F","F","A","F","C","",""
"vjhl9xr","2052","6","Kaedehara Kazuha","Genshin Impact","1","Thu, 20 Jun 2024 15:15:54 GMT","1718896554518","43","","","","No","No","","","1371","0","1","1142935430342385724","1142935430342385724","797920307284934697","25","F","S","F","F","A","F","C","",""
"vjhf6xn","65748","1","Atsushi Toushirou","Touken Ranbu: Hanamaru","2","Thu, 20 Jun 2024 06:31:38 GMT","1718865098657","3","","","","No","No","","","1","0","2","924336354811334676","924336354811334676","797920307284934697","1","F","S","S","S","S","F","D","",""
"vjhfgmz","19888","3","Ziggy","Edens Zero","3","Thu, 20 Jun 2024 04:41:42 GMT","1718858502990","45","","","","No","No","","","1","0","3","924336354811334676","924336354811334676","797920307284934697","25","F","S","S","S","A","F","D","",""
"vjhrq5x","65637","1","Kappa","Inukami!","0","Wed, 19 Jun 2024 21:20:10 GMT","1718832010605","1","","","","No","No","","","1","0","0","","924336354811334676","797920307284934697","0","F","S","S","F","F","F","D","",""
"vjhp8ls","65062","1","Moss","Silver Fang","2","Wed, 19 Jun 2024 21:06:06 GMT","1718831166360","3","","","","No","No","","","1","0","2","924336354811334676","924336354811334676","797920307284934697","1","F","S","S","S","A","F","D","",""
"vjh4cwc","20845","2","Horinouchi Juro","Yakuza: Like a Dragon","3","Wed, 19 Jun 2024 20:53:01 GMT","1718830381075","31","","","","No","No","","","1","0","3","","924336354811334676","797920307284934697","18","F","S","S","F","B","F","D","",""
"vjhr2nn","53985","1","Blind Old Man","Monster","2","Wed, 19 Jun 2024 20:30:22 GMT","1718829022966","2","","","","No","No","monster","","1","1","2","","1142935430342385724","797920307284934697","1","F","S","F","F","B","D","D","",""
"vjh4sc7","38570","2","Chloe Aubert","That Time I Got Reincarnated as a Slime","0","Wed, 19 Jun 2024 20:27:46 GMT","1718828866713","8","","","","No","No","","","7","0","0","924336354811334676","924336354811334676","797920307284934697","4","F","S","S","S","B","F","D","",""
"vjh4jq9","20481","1","Elisabeth Blanctorche","The King of Fighters XI","0","Wed, 19 Jun 2024 19:38:04 GMT","1718825884856","2","","","","No","No","","","1","0","0","924336354811334676","924336354811334676","797920307284934697","1","F","S","S","S","B","F","D","",""
"vjhzl4s","65425","1","Muneyoshi Kugayama","Hyouka","1","Wed, 19 Jun 2024 19:07:57 GMT","1718824077437","3","","","","No","No","","","1","0","1","924336354811334676","924336354811334676","797920307284934697","1","F","S","S","S","S","F","D","",""
"vjh4bvw","65749","1","Akemi Kishimoto","Killing Bites","1","Wed, 19 Jun 2024 18:35:53 GMT","1718822153442","1","","","","No","No","","","0","0","1","924336354811334676","924336354811334676","797920307284934697","0","F","S","S","S","S","F","D","",""
"vjh424h","66023","1","Kanta's Mother","My Neighbor Totoro","4","Wed, 19 Jun 2024 18:13:44 GMT","1718820824303","24","","","","No","No","","","1","0","4","","1142935430342385724","797920307284934697","11","F","S","F","F","B","F","D","",""
"vb6rp6b","65091","1","Ryu","Hunter x Hunter (2011)","2","Wed, 19 Jun 2024 18:08:19 GMT","1718820499712","8","","","","No","No","","","2","0","2","1142935430342385724","1142935430342385724","797920307284934697","4","F","S","F","F","A","F","D","",""
"vjhzxq4","65635","1","Shin","Cowboy Bebop","2","Wed, 19 Jun 2024 18:06:45 GMT","1718820405732","8","","","","No","No","","","1","0","2","737980149995274240","924336354811334676","797920307284934697","4","F","S","S","F","A","F","D","",""
"vj05xr5","5493","5","Udo","Attack on Titan: The Final Season","3","Wed, 19 Jun 2024 18:06:12 GMT","1718820372753","79","","","","No","No","","","3","0","3","1142935430342385724","1142935430342385724","797920307284934697","43","F","S","F","F","A","F","C","",""
"vj03dcs","66030","1","Kenta","Sword Art Online Alternative: Gun Gale Online","2","Wed, 19 Jun 2024 18:06:10 GMT","1718820370787","5","","","","No","No","","","1","0","2","1142935430342385724","1142935430342385724","797920307284934697","1","F","S","F","F","B","F","D","",""
"vjh4jkx","2217","6","Near","Death Note","2","Wed, 19 Jun 2024 18:00:10 GMT","1718820010495","79","","","","No","No","death","","97","0","2","1142935430342385724","1142935430342385724","797920307284934697","45","F","S","F","F","A","F","C","",""
"vjh1g9b","7776","4","Arachne","Miss Kuroitsu from the Monster Development Department","2","Wed, 19 Jun 2024 17:51:54 GMT","1718819514866","30","","","","No","No","","","1","0","2","924336354811334676","924336354811334676","797920307284934697","20","F","S","S","S","S","F","C","",""
"vjh11fz","54778","1","Manfred Albrecht von Richthofen","Honkai Impact 3rd","3","Wed, 19 Jun 2024 16:16:30 GMT","1718813790487","24","","","","No","No","","","1","0","3","924336354811334676","924336354811334676","797920307284934697","14","F","S","S","S","A","F","D","",""
"vjhnnck","11575","2","Vritra","Fate/Grand Order","2","Wed, 19 Jun 2024 14:43:41 GMT","1718808221404","38","","","","No","No","","","4","0","2","1142935430342385724","924336354811334676","797920307284934697","20","F","S","S","F","D","F","D","",""
"vjhnv8s","9247","4","Saber","Fate/Prototype","2","Wed, 19 Jun 2024 14:24:41 GMT","1718807081658","52","","","","No","No","","","14","0","2","","924336354811334676","797920307284934697","25","F","S","S","F","F","F","D","",""
"vjhnv52","5169","5","Chrom","Fire Emblem Awakening","1","Wed, 19 Jun 2024 13:55:06 GMT","1718805306685","25","","","","No","No","","","45","0","1","","924336354811334676","797920307284934697","13","F","S","S","F","D","F","D","",""
"vjhb4dn","4915","4","Rizu Ogata","We Never Learn","1","Wed, 19 Jun 2024 13:05:23 GMT","1718802323782","22","","","","No","No","","","14","0","1","924336354811334676","924336354811334676","797920307284934697","15","F","S","S","S","B","F","D","",""
"vjhbljd","34101","2","Shinichi Tamaki","Yamada-kun and the Seven Witches","1","Wed, 19 Jun 2024 12:22:41 GMT","1718799761641","7","","","","No","No","","","1","0","1","924336354811334676","924336354811334676","797920307284934697","4","F","S","S","S","A","F","D","",""
"vjhbrmk","16536","1","Alma Karma","D.Gray-man Hallow","1","Wed, 19 Jun 2024 11:50:02 GMT","1718797802951","4","","","","No","No","","","2","0","1","924336354811334676","924336354811334676","797920307284934697","1","F","S","S","S","A","F","D","",""
"vjh5xj8","798","4","Natsuki Hashiba","Rainbow Days","1","Wed, 19 Jun 2024 11:01:04 GMT","1718794864584","17","","","","No","No","","","3","0","1","","924336354811334676","797920307284934697","8","F","S","S","F","B","F","B","",""
"vjhbrj0","38315","2","Tsubaki","Senran Kagura: New Wave","2","Wed, 19 Jun 2024 10:48:11 GMT","1718794091280","36","","","","No","No","","","1","0","2","","924336354811334676","797920307284934697","18","F","S","S","F","F","F","D","",""
"vjh56g9","31086","2","Koushirou Daimon","ODDTAXI","1","Wed, 19 Jun 2024 10:15:05 GMT","1718792105889","7","","","","No","No","","","1","0","1","924336354811334676","924336354811334676","797920307284934697","4","F","S","S","S","A","F","D","",""
"vjhwmt4","4766","5","Kaori Miyazono","Your lie in April","2","Wed, 19 Jun 2024 05:32:29 GMT","1718775149633","82","","","","No","No","","","504","0","2","924336354811334676","924336354811334676","797920307284934697","49","F","S","S","S","S","F","C","",""
"vjhwvxn","63938","1","Klavier Gavin","Phoenix Wright: Ace Attorney – Dual Destinies","1","Wed, 19 Jun 2024 04:09:11 GMT","1718770151702","3","","","","No","No","","","19","0","1","924336354811334676","924336354811334676","797920307284934697","1","F","S","S","S","B","F","D","",""
"vjq67tz","65141","1","Oven Charlotte","One Piece","1","Tue, 18 Jun 2024 18:19:31 GMT","1718734771158","5","","","","No","No","","","1","1","1","924336354811334676","924336354811334676","797920307284934697","1","F","S","S","S","A","D","D","",""
"vjq6m82","23251","2","Mumen Rider","One-Punch Man","3","Tue, 18 Jun 2024 17:28:17 GMT","1718731697182","102","","","","No","No","","","56","0","3","924336354811334676","924336354811334676","797920307284934697","59","F","S","S","S","A","F","D","",""
"vjqxflj","2167","5","Claude Jeanne Elmir","I'm the Villainess, So I'm Taming the Final Boss","0","Tue, 18 Jun 2024 15:44:53 GMT","1718725493986","12","","","","No","No","","","34","0","0","924336354811334676","924336354811334676","797920307284934697","6","F","S","S","S","B","F","C","",""
"vjqs3wn","65939","1","Animator A","Onigiri","2","Tue, 18 Jun 2024 15:08:08 GMT","1718723288984","5","","","","No","No","","","1","0","2","924336354811334676","924336354811334676","797920307284934697","1","F","S","S","S","A","F","D","",""
"vjqlpw4","65344","1","Ian","Dogs: Bullets & Carnage","3","Tue, 18 Jun 2024 05:40:27 GMT","1718689227336","6","","","","No","No","","","0","0","3","924336354811334676","924336354811334676","797920307284934697","4","F","S","S","S","S","F","D","",""
"vjqffk2","6333","3","Quency","Nikke: Goddess of Victory","3","Tue, 18 Jun 2024 04:04:09 GMT","1718683449901","117","","","","No","No","","","13","0","3","924336354811334676","924336354811334676","797920307284934697","69","F","S","S","S","A","F","C","",""
"vjqr0s8","65609","1","Brûlée Charlotte","One Piece","4","Mon, 17 Jun 2024 20:21:36 GMT","1718655696929","49","","","","No","No","","","1","0","4","924336354811334676","924336354811334676","797920307284934697","26","F","S","S","S","A","F","D","",""
"vjqp394","65484","1","Square","Futari wa Precure Max Heart: The Movie","1","Mon, 17 Jun 2024 18:57:31 GMT","1718650651378","1","","","","No","No","","","1","0","1","924336354811334676","924336354811334676","797920307284934697","0","F","S","S","S","B","F","D","",""
"vjq41r0","65537","1","Isao","How to Keep a Mummy","2","Mon, 17 Jun 2024 18:10:00 GMT","1718647800881","8","","","","No","No","","","2","0","2","","924336354811334676","797920307284934697","4","F","S","S","F","B","F","D","",""
"vjqzh3b","65371","1","Satsuki Muramoto","Yuri!!! on Ice","1","Mon, 17 Jun 2024 17:45:16 GMT","1718646316426","3","","","","No","No","","","1","0","1","924336354811334676","924336354811334676","797920307284934697","1","F","S","S","S","S","F","D","",""
"vjqzz7d","14019","3","Tomoe","Kamisama Kiss","3","Mon, 17 Jun 2024 17:15:14 GMT","1718644514096","132","","","","No","No","","","344","0","3","924336354811334676","924336354811334676","797920307284934697","74","F","S","S","S","S","F","D","",""
"vjq1973","65499","1","Keiji Mogami","Mob Psycho 100 II","3","Mon, 17 Jun 2024 16:44:42 GMT","1718642682491","13","","","","No","No","","","1","0","3","924336354811334676","924336354811334676","797920307284934697","5","F","S","S","S","A","F","D","",""
"vjqz0qw","11769","2","Sanae","Extreme Hearts","1","Mon, 17 Jun 2024 16:06:17 GMT","1718640377735","9","","","","No","No","","","0","0","1","924336354811334676","924336354811334676","797920307284934697","4","F","S","S","S","A","F","C","",""
"vjqndn7","173","2","Konoha Akisato","16bit Sensation: Another Layer","1","Mon, 17 Jun 2024 14:45:14 GMT","1718635514532","20","","","","No","No","","","12","0","1","924336354811334676","924336354811334676","797920307284934697","15","F","S","S","S","A","F","A","",""
"vjqnmtn","2286","5","Griseo","Honkai Impact 3rd","4","Mon, 17 Jun 2024 13:14:46 GMT","1718630086622","255","","","","No","No","","","34","0","4","924336354811334676","924336354811334676","797920307284934697","156","F","S","S","S","S","F","C","",""
"vjqjm5p","23424","3","House Sparrow","Heaven's Design Team","2","Mon, 17 Jun 2024 11:33:48 GMT","1718624028804","20","","","","No","No","","","1","0","2","924336354811334676","924336354811334676","797920307284934697","13","F","S","S","S","A","F","D","",""
"vjqb9rh","691","1","Set","Berserk of Gluttony","3","Mon, 17 Jun 2024 10:50:47 GMT","1718621447980","14","","","","No","No","","","1","0","3","1142935430342385724","924336354811334676","797920307284934697","8","F","S","S","F","F","F","B","",""
"vjqb0fs","65507","1","Zombie Bananya","Bananya and the Curious Bunch","1","Mon, 17 Jun 2024 10:40:16 GMT","1718620816991","6","","","","No","No","","","3","0","1","","924336354811334676","797920307284934697","4","F","S","S","F","F","F","D","",""
"vjqbg2m","1280","1","Bradley","Mahoutsukai no Yakusoku","2","Mon, 17 Jun 2024 10:18:12 GMT","1718619492184","33","","","","No","No","","","12","0","2","","924336354811334676","797920307284934697","16","F","S","S","F","F","F","D","",""
"vjq25c3","65577","1","May's Munchlax","Pokémon Advanced","1","Mon, 17 Jun 2024 04:02:49 GMT","1718596969762","8","","","","No","No","","","1","0","1","924336354811334676","924336354811334676","797920307284934697","4","F","S","S","S","B","F","D","",""
"vjq07pj","61924","1","Waheela the Black Wolf","Sword Art Online Movie: Ordinal Scale","1","Sun, 16 Jun 2024 21:03:58 GMT","1718571838059","3","","","","No","No","","","1","0","1","","924336354811334676","797920307284934697","1","F","S","S","F","B","F","D","",""
"vjqvgrb","65423","1","Hakuyuu Ren","Magi: The Kingdom of Magic","0","Sun, 16 Jun 2024 20:48:57 GMT","1718570937062","2","","","","No","No","","","1","0","0","688687114128588823","924336354811334676","797920307284934697","1","F","S","S","F","D","F","D","",""
"vjqv461","65213","1","Giant Eyeball","Goblin Slayer","2","Sun, 16 Jun 2024 20:27:36 GMT","1718569656222","6","","","","No","No","","","1","0","2","924336354811334676","924336354811334676","797920307284934697","4","F","S","S","S","A","F","D","",""
"vj0cpfr","65731","1","Seiichi Hirai","Dance in the Vampire Bund","1","Sun, 16 Jun 2024 19:33:36 GMT","1718566416641","1","","","","No","No","","","0","0","1","924336354811334676","924336354811334676","797920307284934697","0","F","S","S","S","A","F","D","",""
"vjqm63l","65686","1","Rainbow Bananya","Bananya and the Curious Bunch","2","Sun, 16 Jun 2024 19:00:06 GMT","1718564406175","20","","","","No","No","","","2","0","2","1142935430342385724","924336354811334676","797920307284934697","11","F","S","S","F","B","F","D","",""
"vjqmv4x","65771","1","Lovelitchi","Tamagotchi!","0","Sun, 16 Jun 2024 18:39:01 GMT","1718563141685","1","","","","No","No","","","2","0","0","924336354811334676","924336354811334676","797920307284934697","0","F","S","S","S","A","F","D","",""
"vj0csxz","65253","1","DJ Ken","B Rappers Street","2","Sun, 16 Jun 2024 17:50:59 GMT","1718560259608","7","","","","No","No","","","1","0","2","924336354811334676","924336354811334676","797920307284934697","4","F","S","S","S","A","F","D","",""
"vj0x93d","2023","6","Alvin","Tales of Xillia","3","Sun, 16 Jun 2024 16:30:08 GMT","1718555408709","63","","","","No","No","","","2","0","3","","924336354811334676","797920307284934697","35","F","S","S","F","F","F","C","",""
"vj0xlw8","23190","2","Nerori","Animal Theratopia","2","Sun, 16 Jun 2024 15:36:22 GMT","1718552182912","34","","","","No","No","","","3","0","2","924336354811334676","924336354811334676","797920307284934697","20","F","S","S","S","A","F","D","",""
"vj010sv","48826","1","Taroumaru","Genshin Impact","2","Sun, 16 Jun 2024 13:13:49 GMT","1718543629569","44","","","","No","No","","","12","0","2","688687114128588823","688687114128588823","797920307284934697","23","F","S","F","F","A","F","D","",""
"vj0s63q","38902","2","Misao Amari","Fate/Extra Last Encore","4","Sun, 16 Jun 2024 13:12:55 GMT","1718543575810","109","","","","No","No","","","1","0","4","924336354811334676","924336354811334676","797920307284934697","61","F","S","S","S","A","F","D","",""
"vj0s2nz","13985","2","Millie","Spy x Family","0","Sun, 16 Jun 2024 12:29:55 GMT","1718540995506","8","","","","No","No","","","1","0","0","","1142935430342385724","797920307284934697","4","F","S","F","F","A","F","C","",""
"vj0shpb","16295","3","Vulcan","Fire Force","4","Sun, 16 Jun 2024 12:27:16 GMT","1718540836731","165","","","","No","No","","","10","0","4","924336354811334676","924336354811334676","797920307284934697","93","F","S","S","S","S","F","D","",""
"vj0d535","15748","3","Trafalgar Law","One Piece","2","Sun, 16 Jun 2024 11:08:14 GMT","1718536094648","83","","","","No","No","","","1055","0","2","737980149995274240","924336354811334676","797920307284934697","40","F","S","S","F","D","F","D","",""
"vj07hkh","65083","1","Ryuu Tsuji","Special A","1","Sun, 16 Jun 2024 09:49:03 GMT","1718531343601","1","","","","No","No","","","1","0","1","924336354811334676","924336354811334676","797920307284934697","0","F","S","S","S","A","F","D","",""
"vj0dnsp","16647","2","Yngwie","Granblue Fantasy","2","Sun, 16 Jun 2024 09:19:22 GMT","1718529562709","17","","","","No","No","","","1","0","2","1142935430342385724","924336354811334676","797920307284934697","8","F","S","S","F","A","F","D","",""
"vj079wq","28380","2","Karen","Tsubasa Reservoir Chronicle 2nd Season","2","Sun, 16 Jun 2024 09:02:39 GMT","1718528559123","17","","","","No","No","","","1","0","2","924336354811334676","924336354811334676","797920307284934697","8","F","S","S","S","B","F","D","",""
"vj07kgq","66166","1","Arupain","Working Buddies!","2","Sun, 16 Jun 2024 08:28:30 GMT","1718526510096","3","","","","No","No","","","0","0","2","924336354811334676","924336354811334676","797920307284934697","1","F","S","S","S","A","F","D","",""
"vj0l69s","48110","1","Tekkan Onizaki","Rurouni Kenshin","2","Sun, 16 Jun 2024 07:49:23 GMT","1718524163178","1","","","","No","No","","","0","0","2","924336354811334676","924336354811334676","797920307284934697","0","F","S","S","S","B","F","D","",""
"vj0gb24","65471","1","Momoko Momohara","Sailor Moon R","3","Sun, 16 Jun 2024 01:02:15 GMT","1718499735149","13","","","","No","No","","","1","0","3","924336354811334676","924336354811334676","797920307284934697","5","F","S","S","S","A","F","D","",""
"vj03x9g","33925","1","Cynthia's Glaceon","Pokémon: Black & White","2","Sun, 16 Jun 2024 00:21:39 GMT","1718497299515","26","","","","No","No","","","8","0","2","924336354811334676","924336354811334676","797920307284934697","16","F","S","S","S","B","F","D","",""
"vj03p2p","65141","1","Vincent Valentine","Final Fantasy VII","4","Sat, 15 Jun 2024 23:31:09 GMT","1718494269997","64","","","","No","No","","","51","0","4","924336354811334676","924336354811334676","797920307284934697","36","F","S","S","S","B","F","D","",""
"vj0gkhl","65386","1","Megalodon","A Sister's All You Need","0","Sat, 15 Jun 2024 22:59:19 GMT","1718492359807","2","","","","No","No","","","1","0","0","924336354811334676","924336354811334676","797920307284934697","1","F","S","S","S","S","F","D","",""
"vj03kxl","65410","1","Roddy","One Piece","1","Sat, 15 Jun 2024 22:22:01 GMT","1718490121320","4","","","","No","No","","","1","0","1","924336354811334676","924336354811334676","797920307284934697","1","F","S","S","S","A","F","D","",""
"vj03qd0","317","3","Rutile","Mahoutsukai no Yakusoku","1","Sat, 15 Jun 2024 21:39:06 GMT","1718487546668","23","","","","No","No","","","4","0","1","924336354811334676","924336354811334676","797920307284934697","16","F","S","S","S","S","F","A","",""
"vj0pjk9","1909","6","Jesus","Saint Young Men Movie","2","Sat, 15 Jun 2024 20:14:15 GMT","1718482455834","57","","","","No","No","jesus","","42","0","2","737980149995274240","737980149995274240","797920307284934697","30","F","S","F","F","B","F","C","",""
"vj0pzjj","38412","2","Tatari-gami","Princess Mononoke","3","Sat, 15 Jun 2024 20:11:50 GMT","1718482310858","39","","","","No","No","","","1","0","3","924336354811334676","924336354811334676","797920307284934697","24","F","S","S","S","A","F","D","",""
"vjvg4px","1742","6","Ochako Uraraka","My Hero Academia","3","Sat, 15 Jun 2024 19:22:36 GMT","1718479356071","172","","","","No","No","","","305","0","3","1142935430342385724","1142935430342385724","797920307284934697","96","F","S","F","F","A","F","B","",""
"vj0pgv5","65414","1","Ritsuko Sakakibara","Another","3","Sat, 15 Jun 2024 19:14:47 GMT","1718478887023","18","","","","No","No","","","1","0","3","924336354811334676","924336354811334676","797920307284934697","13","F","S","S","S","A","F","D","",""
"vj012vn","65192","1","Great-Grandmother","Hunter x Hunter","2","Sat, 15 Jun 2024 15:00:40 GMT","1718463640750","8","","","","No","No","","","1","0","2","924336354811334676","924336354811334676","797920307284934697","4","F","S","S","S","A","F","D","",""
"vj0j82j","10839","3","Cashel","Black Summoner","2","Sat, 15 Jun 2024 14:16:27 GMT","1718460987257","21","","","","No","No","","","1","0","2","924336354811334676","924336354811334676","797920307284934697","14","F","S","S","S","S","F","C","",""
"vj0nhbx","65403","1","Kiyoshi Mera","The Disastrous Life of Saiki K. 2nd Season","4","Sat, 15 Jun 2024 12:55:44 GMT","1718456144336","10","","","","No","No","","","1","0","4","688687114128588823","924336354811334676","797920307284934697","5","F","S","S","F","F","F","D","",""
"vj0j0td","65678","1","Hunter","The Seven Deadly Sins","1","Sat, 15 Jun 2024 11:03:21 GMT","1718449401183","2","","","","No","No","","","1","0","1","924336354811334676","924336354811334676","797920307284934697","1","F","S","S","S","S","F","D","",""
"vj0b1sq","65332","1","Atsushi Miyagawa","Recorder and Randsell","3","Sat, 15 Jun 2024 10:26:20 GMT","1718447180958","4","","","","No","No","","","1","0","3","924336354811334676","924336354811334676","797920307284934697","1","F","S","S","S","A","F","D","",""
"vj0bzf3","65215","1","Pin Joker","One Piece Movie 2: Clockwork Island Adventure","0","Sat, 15 Jun 2024 09:55:05 GMT","1718445305002","1","","","","No","No","","","1","0","0","924336354811334676","924336354811334676","797920307284934697","0","F","S","S","S","A","F","D","",""
"vj05jgl","65278","1","Vlad Garfunkel","Phantom in the Twilight","4","Sat, 15 Jun 2024 09:17:22 GMT","1718443042466","13","","","","No","No","","","1","0","4","924336354811334676","924336354811334676","797920307284934697","6","F","S","S","S","A","F","D","",""
"vj05gm6","12305","4","Yaeko Nishimiya","A Silent Voice","4","Sat, 15 Jun 2024 08:41:38 GMT","1718440898981","163","","","","No","No","","","5","0","4","924336354811334676","924336354811334676","797920307284934697","94","F","S","S","S","S","F","D","",""
"vj00x0f","38567","2","Flegel","Legend of the Galactic Heroes","3","Fri, 14 Jun 2024 23:55:41 GMT","1718409341227","23","","","","No","No","","","1","0","3","924336354811334676","924336354811334676","797920307284934697","14","F","S","S","S","A","F","D","",""
"vj00c47","13817","2","Tailor Shop Proprietress","Spy x Family","2","Fri, 14 Jun 2024 22:30:35 GMT","1718404235426","26","","","","No","No","","","1","0","2","924336354811334676","924336354811334676","797920307284934697","16","F","S","S","S","A","F","C","",""
"vj00x2g","1857","3","Acht","The Alchemist Code","2","Fri, 14 Jun 2024 21:47:11 GMT","1718401631356","40","","","","No","No","","","5","0","2","737980149995274240","924336354811334676","797920307284934697","21","F","S","S","F","F","F","C","",""
"vj00vnx","178","1","Yasuhiro Sandanbata","A Sign of Affection","1","Fri, 14 Jun 2024 20:47:06 GMT","1718398026168","4","","","","No","No","","","0","0","1","924336354811334676","924336354811334676","797920307284934697","1","F","S","S","S","B","F","A","",""
"vj0vz5g","121","2","See Em","Obey Me!","4","Fri, 14 Jun 2024 20:20:06 GMT","1718396406095","123","","","","No","No","","","1","0","4","","924336354811334676","797920307284934697","75","F","S","S","F","F","F","A","",""
"vj0m409","13452","3","Roman Yamashina","Tsuki ga Kirei","1","Fri, 14 Jun 2024 20:02:25 GMT","1718395345536","10","","","","No","No","","","1","0","1","1142935430342385724","924336354811334676","797920307284934697","5","F","S","S","F","F","F","D","",""
"vj0mz6h","65632","1","Hanna","Nezumi Monogatari: George to Gerald no Bouken","3","Fri, 14 Jun 2024 19:05:28 GMT","1718391928479","7","","","","No","No","","","1","0","3","924336354811334676","924336354811334676","797920307284934697","4","F","S","S","S","A","F","D","",""
"vjvcglt","65491","1","Gakuto","Kara no Kyoukai 2: Satsujin Kousatsu (Zen)","3","Fri, 14 Jun 2024 18:25:37 GMT","1718389537041","4","","","","No","No","","","1","0","3","924336354811334676","924336354811334676","797920307284934697","1","F","S","S","S","A","F","D","",""
"vjv6r7m","9217","3","Boba Fett","Star Wars: Visions","2","Fri, 14 Jun 2024 17:20:10 GMT","1718385610195","47","","","","No","No","","","51","0","2","924336354811334676","924336354811334676","797920307284934697","26","F","S","S","S","S","F","D","",""
"vjv6n85","13603","2","Urara Shiraishi","Yamada-kun and the Seven Witches","4","Fri, 14 Jun 2024 16:19:37 GMT","1718381977221","194","","","","No","No","","","46","0","4","924336354811334676","924336354811334676","797920307284934697","108","F","S","S","S","A","F","D","",""
"vjvx9h0","5028","5","Juvia Lockser","Fairy Tail","3","Fri, 14 Jun 2024 15:28:47 GMT","1718378927938","149","","","","No","No","","","203","0","3","924336354811334676","924336354811334676","797920307284934697","86","F","S","S","S","S","F","D","",""
"vjvx6l4","65601","1","Obni","Dragon Ball Super","2","Fri, 14 Jun 2024 14:43:22 GMT","1718376202577","5","","","","No","No","","","1","0","2","1142935430342385724","924336354811334676","797920307284934697","1","F","S","S","F","F","F","D","",""
"vjvsqcv","65839","1","Rhythm","Shugo Chara!! Doki","2","Fri, 14 Jun 2024 14:17:15 GMT","1718374635996","4","","","","No","No","","","1","0","2","924336354811334676","924336354811334676","797920307284934697","1","F","S","S","S","B","F","D","",""
"vjv8wzl","65445","1","Azan","Alderamin on the Sky","1","Fri, 14 Jun 2024 05:29:33 GMT","1718342973438","1","","","","No","No","","","0","0","1","924336354811334676","924336354811334676","797920307284934697","0","F","S","S","S","S","F","D","",""
"vjvlfrq","23368","2","Yuma Mukami","Diabolik Lovers More, Blood","2","Fri, 14 Jun 2024 04:55:40 GMT","1718340940715","30","","","","No","No","","","8","0","2","924336354811334676","924336354811334676","797920307284934697","18","F","S","S","S","B","F","D","",""
"vjv8nh3","22024","3","Kay","Girls und Panzer","4","Fri, 14 Jun 2024 04:18:46 GMT","1718338726480","124","","","","No","No","","","15","0","4","924336354811334676","924336354811334676","797920307284934697","70","F","S","S","S","A","F","D","",""
"vjvp986","65324","1","Kaho","Patema Inverted","1","Thu, 13 Jun 2024 20:45:18 GMT","1718311518132","1","","","","No","No","","","0","0","1","924336354811334676","924336354811334676","797920307284934697","0","F","S","S","S","B","F","D","",""
"vjv3v3r","65597","1","Magicman","One-Punch Man 2","3","Thu, 13 Jun 2024 20:07:01 GMT","1718309221226","16","","","","No","No","","","1","0","3","924336354811334676","924336354811334676","797920307284934697","8","F","S","S","S","A","F","D","",""
"vjvrmr6","2190","2","Lucretia","The Alchemist Code","1","Thu, 13 Jun 2024 18:58:59 GMT","1718305139493","21","","","","No","No","","","1","0","1","924336354811334676","924336354811334676","797920307284934697","14","F","S","S","S","A","F","C","",""
"vjv4c43","65366","1","Brewster","Animal Crossing","0","Thu, 13 Jun 2024 18:12:47 GMT","1718302367673","2","","","","No","No","","","4","0","0","924336354811334676","924336354811334676","797920307284934697","1","F","S","S","S","S","F","D","",""
"vjvz74d","5592","3","Schreider","Log Horizon","4","Thu, 13 Jun 2024 16:52:52 GMT","1718297572794","71","","","","No","No","","","1","0","4","924336354811334676","924336354811334676","797920307284934697","43","F","S","S","S","A","F","C","",""
"vjv13fl","34439","2","Cotton Candy-Ken","Afro-Ken","2","Thu, 13 Jun 2024 15:54:12 GMT","1718294052734","21","","","","No","No","","","3","0","2","924336354811334676","924336354811334676","797920307284934697","13","F","S","S","S","A","F","D","",""
"vjvz0r3","8703","4","Tamurazaki Midori","Shaman King","2","Thu, 13 Jun 2024 15:08:41 GMT","1718291321460","22","","","","No","No","","","0","0","2","924336354811334676","924336354811334676","797920307284934697","15","F","S","S","S","S","F","C","",""
"vjvkrcq","65539","1","Melk the 2nd","Toriko TV","1","Thu, 13 Jun 2024 06:30:21 GMT","1718260221000","1","","","","No","No","","","1","0","1","924336354811334676","924336354811334676","797920307284934697","0","F","S","S","S","B","F","D","",""
"vjvk5zn","65153","1","Maga-Basser","Kaijuu Girls 2nd Season","3","Thu, 13 Jun 2024 05:19:28 GMT","1718255968663","11","","","","No","No","","","1","0","3","924336354811334676","924336354811334676","797920307284934697","5","F","S","S","S","B","F","D","",""
"vjvw5n7","65473","1","Ralph Werec","Strain: Strategic Armored Infantry","0","Thu, 13 Jun 2024 04:31:59 GMT","1718253119136","1","","","","No","No","","","0","0","0","924336354811334676","924336354811334676","797920307284934697","0","F","S","S","S","D","F","D","",""
"vjv0kbp","8187","1","Petros du Lamburt","Skeleton Knight in Another World","2","Wed, 12 Jun 2024 21:13:25 GMT","1718226805589","7","","","","No","No","","","0","0","2","924336354811334676","924336354811334676","797920307284934697","4","F","S","S","S","C","F","C","",""
"vjvvpv5","65822","1","Asuto Inamori","Inazuma Eleven: Ares no Tenbin","1","Wed, 12 Jun 2024 20:03:33 GMT","1718222613459","2","","","","No","No","","","1","0","1","924336354811334676","924336354811334676","797920307284934697","1","F","S","S","S","A","F","D","",""
"vjmczct","20952","2","Mabuchi Akira","Yakuza: Like a Dragon","1","Wed, 12 Jun 2024 18:42:55 GMT","1718217775389","8","","","","No","No","","","1","0","1","924336354811334676","924336354811334676","797920307284934697","4","F","S","S","S","S","F","D","",""
"vjmcpp4","23211","3","Jamil","Magi: The Labyrinth of Magic","4","Wed, 12 Jun 2024 17:18:15 GMT","1718212695619","88","","","","No","No","","","1","0","4","924336354811334676","924336354811334676","797920307284934697","50","F","S","S","S","A","F","D","",""
"vjmshsj","65624","1","Gerharde","The Seven Deadly Sins: Revival of the Commandments","1","Wed, 12 Jun 2024 14:11:37 GMT","1718201497921","6","","","","No","No","","","1","0","1","924336354811334676","924336354811334676","797920307284934697","4","F","S","S","S","A","F","D","",""
"vjmssjn","7159","4","Mikio Jinno","Fuuto PI","1","Wed, 12 Jun 2024 12:42:43 GMT","1718196163411","7","","","","No","No","","","0","0","1","924336354811334676","924336354811334676","797920307284934697","4","F","S","S","S","A","F","C","",""
"vjmdfzf","9645","4","Chika Fujiwara","Kaguya-sama: Love Is War","0","Wed, 12 Jun 2024 11:58:46 GMT","1718193526551","21","","","","No","No","","","713","0","0","924336354811334676","924336354811334676","797920307284934697","13","F","S","S","S","S","F","D","",""
"vjmdc2k","13296","2","Lanzwi Feuward Zengen","Arifureta: From Commonplace to World's Strongest 2nd Season","4","Wed, 12 Jun 2024 11:07:07 GMT","1718190427485","45","","","","No","No","","","0","0","4","924336354811334676","924336354811334676","797920307284934697","26","F","S","S","S","B","F","C","",""
"vjmdmxz","65606","1","Lightning Genji","One-Punch Man 2","2","Wed, 12 Jun 2024 10:19:34 GMT","1718187574949","9","","","","No","No","","","1","0","2","924336354811334676","924336354811334676","797920307284934697","4","F","S","S","S","B","F","D","",""
"vjm7wjw","65569","1","Kakiemon","Magical Meow Meow Taruto","3","Wed, 12 Jun 2024 07:55:49 GMT","1718178949179","9","","","","No","No","","","1","0","3","924336354811334676","924336354811334676","797920307284934697","4","F","S","S","S","A","F","D","",""
"vjmr7kv","65883","1","Kazue Satou","Another","2","Tue, 11 Jun 2024 20:33:38 GMT","1718138018631","5","","","","No","No","","","1","0","2","924336354811334676","924336354811334676","797920307284934697","1","F","S","S","S","A","F","D","",""
"vjmprvg","65246","1","Donelly","Cowboy Bebop","2","Tue, 11 Jun 2024 18:54:54 GMT","1718132094408","3","","","","No","No","","","1","0","2","924336354811334676","924336354811334676","797920307284934697","1","F","S","S","S","A","F","D","",""
"vjmpl2d","65222","1","Kon","Evil or Live","1","Tue, 11 Jun 2024 17:57:16 GMT","1718128636030","1","","","","No","No","","","1","0","1","924336354811334676","924336354811334676","797920307284934697","0","F","S","S","S","A","F","D","",""
"vjmzf9t","60672","1","Futakuchi","Onmyoji: Heian Monogatari","2","Tue, 11 Jun 2024 17:17:46 GMT","1718126266754","7","","","","No","No","","","1","0","2","924336354811334676","924336354811334676","797920307284934697","4","F","S","S","S","B","F","D","",""
"vjmzqb0","40853","1","Highland Orc","Tsukimichi: Moonlit Fantasy","3","Tue, 11 Jun 2024 16:12:16 GMT","1718122336395","12","","","","No","No","","","0","0","3","737980149995274240","924336354811334676","797920307284934697","5","F","S","S","F","F","F","D","",""
"vjmzpcq","8310","3","Owner Kobayashi","Ya Boy Kongming!","1","Tue, 11 Jun 2024 15:36:24 GMT","1718120184192","9","","","","No","No","","","2","0","1","924336354811334676","924336354811334676","797920307284934697","4","F","S","S","S","A","F","D","",""
"vjm1pm4","65537","1","Rontan","And you thought there is never a girl online?","2","Tue, 11 Jun 2024 15:20:04 GMT","1718119204088","4","","","","No","No","","","1","0","2","","924336354811334676","797920307284934697","1","F","S","S","F","F","F","D","",""
"vjm1szr","23839","2","Souei","That Time I Got Reincarnated as a Slime","1","Tue, 11 Jun 2024 15:01:57 GMT","1718118117953","26","","","","No","No","","","46","0","1","924336354811334676","924336354811334676","797920307284934697","15","F","S","S","S","C","F","D","",""
"vjm00zk","12825","1","Ethelred II","Vinland Saga Season 2","1","Mon, 10 Jun 2024 20:13:35 GMT","1718050415953","4","","","","No","No","","","1","0","1","1142935430342385724","924336354811334676","797920307284934697","1","F","S","S","F","F","F","C","",""
"vjmvxn9","53979","1","Amitie","Puyo Puyo Fever","2","Mon, 10 Jun 2024 19:04:56 GMT","1718046296271","7","","","","No","No","","","4","0","2","924336354811334676","924336354811334676","797920307284934697","4","F","S","S","S","A","F","D","",""
"vbcc37n","10678","4","Carol Mudagolas","Carol","1","Mon, 10 Jun 2024 17:14:32 GMT","1718039672453","13","","","","No","No","","","1","0","1","924336354811334676","924336354811334676","797920307284934697","5","F","S","S","S","B","F","D","",""
"vbc6f84","38788","2","Himeko Mashima","Show by Rock!! Mashumairesh!!","2","Mon, 10 Jun 2024 16:04:21 GMT","1718035461612","22","","","","No","No","","","1","0","2","924336354811334676","924336354811334676","797920307284934697","14","F","S","S","S","S","F","D","",""
"vbcxxlm","65614","1","Parasite Dog","Parasyte -the maxim-","2","Mon, 10 Jun 2024 15:16:13 GMT","1718032573214","8","","","","No","No","parasyte","","1","0","2","924336354811334676","924336354811334676","797920307284934697","4","F","S","S","S","S","F","D","",""
"vbc8bjq","65582","1","Misha","Pita-Ten","2","Mon, 10 Jun 2024 05:41:38 GMT","1717998098049","3","","","","No","No","","","1","0","2","924336354811334676","924336354811334676","797920307284934697","1","F","S","S","S","S","F","D","",""
"vbctm7c","5053","5","Umi Katou","Summer Pockets","3","Mon, 10 Jun 2024 04:36:53 GMT","1717994213917","76","","","","No","No","","","3","0","3","924336354811334676","924336354811334676","797920307284934697","44","F","S","S","S","A","F","D","",""
"vbc3ggl","65338","1","Galleo","Black Clover","4","Sun, 09 Jun 2024 20:38:21 GMT","1717965501721","24","","","","No","No","","","1","0","4","924336354811334676","924336354811334676","797920307284934697","13","F","S","S","S","D","F","D","",""
"vbcpnld","64907","1","Ginpei Shiroboshi","Nana","3","Sun, 09 Jun 2024 18:38:05 GMT","1717958285540","5","","","","No","No","","","1","0","3","1142935430342385724","924336354811334676","797920307284934697","1","F","S","S","F","F","F","D","",""
"vbcp7jr","4447","5","Kakeru Miwa","Shikizakura","1","Sun, 09 Jun 2024 17:50:54 GMT","1717955454076","12","","","","No","No","","","1","0","1","","924336354811334676","797920307284934697","5","F","S","S","F","B","F","C","",""
"vbc47n9","65606","1","Astraea","Starry Tales: Seiza wa Toki o Koete","2","Sun, 09 Jun 2024 17:37:06 GMT","1717954626304","4","","","","No","No","","","0","0","2","924336354811334676","924336354811334676","797920307284934697","1","F","S","S","S","B","F","D","",""
"vbczc0f","29100","1","Kouki Matsuda","Love All Play","1","Sun, 09 Jun 2024 17:06:56 GMT","1717952816209","2","","","","No","No","","","1","0","1","","924336354811334676","797920307284934697","1","F","S","S","F","C","F","D","",""
"vbsr6hn","4665","5","Izuku Midoriya","My Hero Academia","1","Sun, 09 Jun 2024 16:29:36 GMT","1717950576305","43","","","","No","No","","","1141","0","1","1142935430342385724","1142935430342385724","797920307284934697","23","F","S","F","F","A","F","C","",""
"vbc4t57","5104","5","Hayden","Deep Insanity: The Lost Child","1","Sun, 09 Jun 2024 16:26:54 GMT","1717950414125","12","","","","No","No","","","1","0","1","","924336354811334676","797920307284934697","5","F","S","S","F","B","F","D","",""
"vb79d0s","35330","1","Cyrus","Genshin Impact","3","Sun, 09 Jun 2024 13:50:17 GMT","1717941017647","36","","","","No","No","","","1","0","3","688687114128588823","688687114128588823","797920307284934697","16","F","S","F","F","F","F","D","",""
"vbc1s1x","65398","1","Burter","Dragon Ball Z","3","Sun, 09 Jun 2024 13:44:16 GMT","1717940656594","26","","","","No","No","","","2","0","3","924336354811334676","924336354811334676","797920307284934697","14","F","S","S","S","F","F","D","",""
"vbc16q2","22570","3","Miwako Sato","Detective Conan","3","Sun, 09 Jun 2024 13:11:13 GMT","1717938673023","40","","","","No","No","","","2","0","3","924336354811334676","924336354811334676","797920307284934697","24","F","S","S","S","A","F","D","",""
"vbc1vn2","65055","1","Kane McDougall","Bodacious Space Pirates","2","Sun, 09 Jun 2024 11:33:36 GMT","1717932816742","2","","","","No","No","","","1","0","2","924336354811334676","924336354811334676","797920307284934697","1","F","S","S","S","A","F","D","",""
"vbcjsm8","65275","1","Hiyori Miyazaki","Yuuna and the Haunted Hot Springs OVA","4","Sun, 09 Jun 2024 10:38:21 GMT","1717929501251","34","","","","No","No","","","1","0","4","924336354811334676","924336354811334676","797920307284934697","19","F","S","S","S","B","F","D","",""
"vbcb4m1","65199","1","Gatchapen","Tachumaru Gekijou","2","Sun, 09 Jun 2024 09:24:12 GMT","1717925052794","3","","","","No","No","","","0","0","2","924336354811334676","924336354811334676","797920307284934697","1","F","S","S","S","B","F","D","",""
"vbc5909","65259","1","Manfred von Karma","Ace Attorney","1","Sun, 09 Jun 2024 07:34:06 GMT","1717918446679","3","","","","No","No","","","4","0","1","924336354811334676","924336354811334676","797920307284934697","1","F","S","S","S","A","F","D","",""
"vbc54zs","26112","2","Ryou Mimasaka","Air Gear","4","Sun, 09 Jun 2024 06:24:22 GMT","1717914262476","74","","","","No","No","","","1","0","4","924336354811334676","924336354811334676","797920307284934697","43","F","S","S","S","A","F","D","",""
"vbcqr6f","65404","1","Saygram","Slayers Next","3","Sat, 08 Jun 2024 22:08:35 GMT","1717884515743","5","","","","No","No","","","0","0","3","924336354811334676","924336354811334676","797920307284934697","1","F","S","S","S","B","F","D","",""
"vbc0sj9","65145","1","Angoramori","Working Buddies!","3","Sat, 08 Jun 2024 20:24:49 GMT","1717878289665","7","","","","No","No","","","1","0","3","924336354811334676","924336354811334676","797920307284934697","4","F","S","S","S","A","F","D","",""
"vbc00l4","65406","1","Dan","Majestic Prince","1","Sat, 08 Jun 2024 18:20:09 GMT","1717870809456","1","","","","No","No","","","0","0","1","924336354811334676","924336354811334676","797920307284934697","0","F","S","S","S","C","F","D","",""
"vb6clq9","22737","3","Diana Aman","Aku no Onna Kanbu: Full Moon Night","3","Sat, 08 Jun 2024 17:30:23 GMT","1717867823467","73","","","","No","No","","","3","0","3","924336354811334676","924336354811334676","797920307284934697","40","F","S","S","S","B","F","D","",""
"vb6c5gw","1971","4","Naoko Mifune","Tomo-chan Is a Girl!","3","Sat, 08 Jun 2024 16:40:01 GMT","1717864801120","75","","","","No","No","","","2","0","3","924336354811334676","924336354811334676","797920307284934697","45","F","S","S","S","B","F","C","",""
"vb66k3n","2649","2","Rei's Mother","Do It Yourself!!","4","Sat, 08 Jun 2024 15:05:11 GMT","1717859111743","66","","","","No","No","","","1","0","4","924336354811334676","924336354811334676","797920307284934697","40","F","S","S","S","B","F","C","",""
"vb6s7sb","26155","2","Tsubasa","Busou Shinki Moon Angel","3","Sat, 08 Jun 2024 13:22:33 GMT","1717852953123","26","","","","No","No","","","0","0","3","924336354811334676","924336354811334676","797920307284934697","16","F","S","S","S","A","F","D","",""
"vb6xf79","21929","3","Hugo Bernhardt","Monster","2","Sat, 08 Jun 2024 12:25:21 GMT","1717849521089","13","","","","No","No","monster","","1","0","2","924336354811334676","924336354811334676","797920307284934697","6","F","S","S","S","A","F","D","",""
"vb6x7lt","65300","1","Shuuya Gouenji","Inazuma Eleven GO","3","Sat, 08 Jun 2024 11:45:41 GMT","1717847141600","23","","","","No","No","","","22","0","3","924336354811334676","924336354811334676","797920307284934697","14","F","S","S","S","A","F","D","",""
"vb6dcr0","65410","1","Crazy Slots","Hunter x Hunter (2011)","2","Sat, 08 Jun 2024 11:02:45 GMT","1717844565985","17","","","","No","No","","","3","0","2","737980149995274240","924336354811334676","797920307284934697","6","F","S","S","F","F","F","D","",""
"vb676mv","39175","2","Appleton","Legend of the Galactic Heroes","0","Sat, 08 Jun 2024 09:31:26 GMT","1717839086138","2","","","","No","No","","","0","0","0","924336354811334676","924336354811334676","797920307284934697","1","F","S","S","S","B","F","D","",""
"vb6lblb","13924","3","Razor","Genshin Impact","4","Sat, 08 Jun 2024 09:31:10 GMT","1717839070973","333","","","","No","No","","","179","0","4","1142935430342385724","1142935430342385724","797920307284934697","160","F","S","F","F","A","F","D","",""
"vb6722b","5079","5","Biscuit Krueger","Hunter x Hunter OVA 2: Greed Island","3","Sat, 08 Jun 2024 06:05:40 GMT","1717826740127","121","","","","No","No","","","40","0","3","924336354811334676","924336354811334676","797920307284934697","70","F","S","S","S","A","F","D","",""
"vb69k1m","12563","4","Rael Kertia","Noblesse","3","Fri, 07 Jun 2024 20:58:56 GMT","1717793936152","59","","","","No","No","","","1","0","3","737980149995274240","924336354811334676","797920307284934697","30","F","S","S","F","F","F","D","",""
"vb636s8","10359","4","Bud Mint","K.O. Beast","0","Fri, 07 Jun 2024 19:59:37 GMT","1717790377516","5","","","","No","No","","","1","0","0","924336354811334676","924336354811334676","797920307284934697","1","F","S","S","S","S","F","D","",""
"vb6rkrv","65488","1","Koffing","Pokémon: Pikachu's Ghost Carnival","2","Fri, 07 Jun 2024 18:39:43 GMT","1717785583538","16","","","","No","No","","","1","0","2","924336354811334676","924336354811334676","797920307284934697","6","F","S","S","S","B","F","D","",""
"vb6r7kq","10374","4","Kouki Etou","TsukiPro the Animation","4","Fri, 07 Jun 2024 18:06:56 GMT","1717783616793","92","","","","No","No","","","1","0","4","","924336354811334676","797920307284934697","44","F","S","S","F","C","F","D","",""
"vb6p95m","65291","1","Chiro","Hanada Shounen-shi","2","Fri, 07 Jun 2024 17:49:11 GMT","1717782551385","4","","","","No","No","","","0","0","2","924336354811334676","924336354811334676","797920307284934697","1","F","S","S","S","A","F","D","",""
"vb64b8b","58624","1","Sam","Soccer Spirits","1","Fri, 07 Jun 2024 15:48:55 GMT","1717775335799","1","","","","No","No","","","1","0","1","688687114128588823","924336354811334676","797920307284934697","0","F","S","S","F","C","F","D","",""
"vb6z81f","64992","1","Desiree Delite","Ace Attorney Season 2","2","Fri, 07 Jun 2024 15:09:42 GMT","1717772982768","5","","","","No","No","","","1","0","2","924336354811334676","924336354811334676","797920307284934697","1","F","S","S","S","A","F","D","",""
"vb6z8td","31247","2","Ahn Sang-Min","Solo Leveling","3","Fri, 07 Jun 2024 14:50:51 GMT","1717771851555","57","","","","No","No","","","1","0","3","","924336354811334676","797920307284934697","29","F","S","S","F","B","F","D","",""
"vb649lw","13863","2","Penguin","Spy x Family","0","Fri, 07 Jun 2024 14:27:38 GMT","1717770458554","12","","","","No","No","","","11","0","0","924336354811334676","924336354811334676","797920307284934697","5","F","S","S","S","F","F","C","",""
"vb6jnhk","65655","1","Sally","Pokémon: Black & White","3","Fri, 07 Jun 2024 05:38:52 GMT","1717738732444","11","","","","No","No","","","1","0","3","924336354811334676","924336354811334676","797920307284934697","5","F","S","S","S","B","F","D","",""
"vb6qx2t","65474","1","Taichi Hyakuya","Seraph of the End","0","Thu, 06 Jun 2024 20:36:43 GMT","1717706203020","2","","","","No","No","","","1","0","0","924336354811334676","924336354811334676","797920307284934697","1","F","S","S","S","A","F","D","",""
"vb6qk4n","7403","2","Tsubomi Okuwaka","Strawberry Panic","2","Thu, 06 Jun 2024 18:57:16 GMT","1717700236715","23","","","","No","No","","","1","0","2","924336354811334676","924336354811334676","797920307284934697","14","F","S","S","S","B","F","D","",""
"vb60k7c","65856","1","Velte Talan","Star Blazers: Space Battleship Yamato 2199","2","Thu, 06 Jun 2024 18:20:12 GMT","1717698012574","1","","","","No","No","","","0","0","2","924336354811334676","924336354811334676","797920307284934697","0","F","S","S","S","F","F","D","",""
"vb6v2q1","63340","1","Taki Shunsuke","Gakuen Heaven","1","Thu, 06 Jun 2024 17:46:53 GMT","1717696013517","1","","","","No","No","","","0","0","1","924336354811334676","924336354811334676","797920307284934697","0","F","S","S","S","F","F","D","",""
"vb6v8lb","16536","2","Maki Gamo","Don't Toy with Me, Miss Nagatoro","1","Thu, 06 Jun 2024 17:16:51 GMT","1717694211654","27","","","","No","No","","","19","0","1","","924336354811334676","797920307284934697","14","F","S","S","F","B","F","D","",""
"vb6v680","2182","6","Tetta Kisaki","Tokyo Revengers","1","Thu, 06 Jun 2024 16:16:11 GMT","1717690571478","33","","","","No","No","","","34","0","1","924336354811334676","924336354811334676","797920307284934697","20","F","S","S","S","B","F","B","",""
"vbxc7g1","26406","1","Selen Tatsuki","Nijisanji EN","2","Thu, 06 Jun 2024 15:14:44 GMT","1717686884022","45","","","","No","No","","","73","0","2","924336354811334676","924336354811334676","797920307284934697","24","F","S","S","S","A","F","D","",""
"vbxdx39","65423","1","Inaho Kaizuka","Aldnoah.Zero","1","Thu, 06 Jun 2024 06:55:05 GMT","1717656905240","2","","","","No","No","","","7","0","1","1142935430342385724","924336354811334676","797920307284934697","1","F","S","S","F","F","F","D","",""
"vbxd27n","29866","2","Tsuyoshi Araki","Fugou Keiji: Balance:Unlimited","2","Thu, 06 Jun 2024 06:27:42 GMT","1717655262271","12","","","","No","No","","","1","0","2","924336354811334676","924336354811334676","797920307284934697","6","F","S","S","S","A","F","D","",""
"vbxdggb","65123","1","Toyama","Caligula","1","Thu, 06 Jun 2024 05:52:52 GMT","1717653172301","1","","","","No","No","","","0","0","1","924336354811334676","924336354811334676","797920307284934697","0","F","S","S","S","S","F","D","",""
"vbxf5r9","3548","1","Tsuyoshi's Mother","Rainbow Days","1","Wed, 05 Jun 2024 20:34:47 GMT","1717619687323","4","","","","No","No","","","1","0","1","924336354811334676","924336354811334676","797920307284934697","1","F","S","S","S","A","F","B","",""
"vbx9spn","2205","2","Delilah","Stella of the End","0","Wed, 05 Jun 2024 20:06:45 GMT","1717618005503","8","","","","No","No","","","1","0","0","","924336354811334676","797920307284934697","5","F","S","S","F","F","F","B","",""
"vbx997p","65197","1","Toipuu Burger","Yeastken","1","Wed, 05 Jun 2024 19:56:44 GMT","1717617404218","10","","","","No","No","","","5","0","1","924336354811334676","924336354811334676","797920307284934697","6","F","S","S","S","A","F","D","",""
"vbxg6kj","65141","1","Tabby",".hack//Roots","4","Wed, 05 Jun 2024 19:19:21 GMT","1717615161928","15","","","","No","No","","","1","0","4","924336354811334676","924336354811334676","797920307284934697","8","F","S","S","S","S","F","D","",""
"vbx3p3z","15421","2","Dear Daniel","Hello Kitty's Animation Theater","1","Wed, 05 Jun 2024 18:26:22 GMT","1717611982900","15","","","","No","No","","","15","1","1","924336354811334676","924336354811334676","797920307284934697","8","F","S","S","S","A","D","D","",""
"vbxrx6x","8293","4","Yuduki Teramitsu","B-PROJECT: Zecchou*Emotion","4","Wed, 05 Jun 2024 17:19:55 GMT","1717607995325","105","","","","No","No","","","1","0","4","924336354811334676","924336354811334676","797920307284934697","56","F","S","S","S","C","F","D","",""
"vbx3h6m","64999","1","Usapyon","Yo-kai Watch","2","Wed, 05 Jun 2024 16:48:18 GMT","1717606098939","6","","","","No","No","","","1","0","2","924336354811334676","924336354811334676","797920307284934697","4","F","S","S","S","A","F","D","",""
"vbxp9gt","18475","2","Nadeko Sengoku","Bakemonogatari","2","Wed, 05 Jun 2024 16:00:31 GMT","1717603231695","71","","","","No","No","","","109","0","2","924336354811334676","924336354811334676","797920307284934697","35","F","S","S","S","F","F","D","",""
"vbxp9gl","9331","3","Romina","The Rising of the Shield Hero 2nd Season","2","Wed, 05 Jun 2024 16:00:13 GMT","1717603213302","30","","","","No","No","","","1","0","2","924336354811334676","924336354811334676","797920307284934697","19","F","S","S","S","A","F","C","",""
"vbxpjwx","65585","1","Hekiji Tengai","My Hero Academia 4","2","Wed, 05 Jun 2024 15:40:08 GMT","1717602008640","15","","","","No","No","","","1","0","2","","924336354811334676","797920307284934697","6","F","S","S","F","F","F","D","",""
"vbxpbll","19930","1","Command Model Laika","Epic Seven","2","Wed, 05 Jun 2024 15:08:47 GMT","1717600127813","17","","","","No","No","","","1","0","2","924336354811334676","924336354811334676","797920307284934697","8","F","S","S","S","B","F","D","",""
"vbxpjxp","65613","1","Serge Shicksal","Assassins Pride","2","Wed, 05 Jun 2024 14:22:51 GMT","1717597371768","5","","","","No","No","","","1","0","2","924336354811334676","924336354811334676","797920307284934697","1","F","S","S","S","A","F","D","",""
"vbxzcpk","27890","2","Yuuto","Tsubasa Reservoir Chronicle: Tokyo Revelations","3","Wed, 05 Jun 2024 13:52:42 GMT","1717595562475","28","","","","No","No","","","1","0","3","924336354811334676","924336354811334676","797920307284934697","16","F","S","S","S","A","F","D","",""
"vbxp0p7","7755","4","Ryuichi Hayami","Hajime no Ippo: The Fighting!","3","Wed, 05 Jun 2024 12:22:23 GMT","1717590143632","48","","","","No","No","","","1","0","3","924336354811334676","924336354811334676","797920307284934697","26","F","S","S","S","A","F","D","",""
"vbxn8t7","65668","1","Tori","DRAMAtical Murder","2","Wed, 05 Jun 2024 10:20:36 GMT","1717582836088","3","","","","No","No","","","1","0","2","924336354811334676","924336354811334676","797920307284934697","1","F","S","S","S","A","F","D","",""
"vbxn4fq","38950","2","Asako Hague","Fire Force","1","Wed, 05 Jun 2024 05:40:13 GMT","1717566013793","16","","","","No","No","","","1","0","1","","924336354811334676","797920307284934697","6","F","S","S","F","F","F","D","",""
"vbxnvb4","63477","1","Yoshi","Drifting Dragons","4","Wed, 05 Jun 2024 05:30:09 GMT","1717565409031","6","","","","No","No","","","0","0","4","924336354811334676","924336354811334676","797920307284934697","4","F","S","S","S","C","F","D","",""
"vbx5t86","21932","1","Real Estate Agent","Spy x Family","2","Wed, 05 Jun 2024 04:05:41 GMT","1717560341460","10","","","","No","No","","","1","0","2","924336354811334676","924336354811334676","797920307284934697","5","F","S","S","S","A","F","C","",""
"vbxqmr6","58879","1","Inugami","Food Fantasy","2","Tue, 04 Jun 2024 19:55:48 GMT","1717530948520","20","","","","No","No","","","1","1","2","","924336354811334676","797920307284934697","11","F","S","S","F","A","D","D","",""
"vbxqggd","65312","1","Ippei Tatesako","Ushio and Tora TV","3","Tue, 04 Jun 2024 19:46:34 GMT","1717530394719","2","","","","No","No","","","0","0","3","","924336354811334676","797920307284934697","1","F","S","S","F","F","F","D","",""
"vbx0cwn","14766","2","Gai Tsutsugami","Guilty Crown","3","Tue, 04 Jun 2024 19:41:37 GMT","1717530097602","45","","","","No","No","","","3","0","3","1142935430342385724","924336354811334676","797920307284934697","21","F","S","S","F","F","F","D","",""
"vbxqncw","55689","1","Sakyo Amamoto","King of Prism: Shiny Seven Stars","2","Tue, 04 Jun 2024 19:29:13 GMT","1717529353472","2","","","","No","No","","","0","0","2","924336354811334676","924336354811334676","797920307284934697","1","F","S","S","S","A","F","D","",""
"vbxv1wz","64990","1","Adventurer","Goblin Slayer","3","Tue, 04 Jun 2024 18:05:27 GMT","1717524327276","11","","","","No","No","","","1","0","3","924336354811334676","924336354811334676","797920307284934697","6","F","S","S","S","A","F","D","",""
"vbx02m8","11873","4","Master of Torture and Pain","Heaven's Lost Property","0","Tue, 04 Jun 2024 17:33:36 GMT","1717522416648","11","","","","No","No","","","4","0","0","924336354811334676","924336354811334676","797920307284934697","6","F","S","S","S","A","F","D","",""
"vbx027z","22129","3","Kou","Granblue Fantasy","2","Tue, 04 Jun 2024 17:00:17 GMT","1717520417828","27","","","","No","No","","","4","0","2","","924336354811334676","797920307284934697","14","F","S","S","F","F","F","D","",""
"vbxv5n1","22847","3","Tiger Man","Combatants Will Be Dispatched!","3","Tue, 04 Jun 2024 16:24:56 GMT","1717518296315","40","","","","No","No","","","2","0","3","924336354811334676","924336354811334676","797920307284934697","24","F","S","S","S","A","F","D","",""
"vbscxll","9609","1","Pool Girl Guardian","My Life as Inukai-san's Dog","1","Tue, 04 Jun 2024 15:47:13 GMT","1717516033265","11","","","","No","No","","","1","0","1","924336354811334676","924336354811334676","797920307284934697","8","F","S","S","S","A","F","C","",""
"vbxmfrb","65053","1","Anarista","Queen's Blade: The Exiled Virgin","2","Tue, 04 Jun 2024 15:13:14 GMT","1717513994307","7","","","","No","No","","","1","0","2","924336354811334676","924336354811334676","797920307284934697","4","F","S","S","S","A","F","D","",""
"vbssv41","65151","1","Kei Takada","Stars Align","0","Tue, 04 Jun 2024 07:02:13 GMT","1717484533889","1","","","","No","No","","","1","0","0","924336354811334676","924336354811334676","797920307284934697","0","F","S","S","S","A","F","D","",""
"vbsd8g8","64815","1","Roba","One Piece Movie 7: Karakuri Castle's Mecha Giant Soldier","3","Tue, 04 Jun 2024 06:28:44 GMT","1717482524514","10","","","","No","No","","","1","0","3","924336354811334676","924336354811334676","797920307284934697","6","F","S","S","S","A","F","D","",""
"vbs7htc","1683","2","Urban Shadow Choux","Epic Seven","3","Tue, 04 Jun 2024 05:04:42 GMT","1717477482336","68","","","","No","No","","","3","0","3","924336354811334676","924336354811334676","797920307284934697","46","F","S","S","S","S","F","A","",""
"vbs7w19","23523","3","Alicia Rue","Sword Art Online","2","Tue, 04 Jun 2024 04:21:28 GMT","1717474888946","36","","","","No","No","","","3","0","2","924336354811334676","924336354811334676","797920307284934697","20","F","S","S","S","A","F","D","",""
"vbsg4xg","64695","1","Nyan","One-Punch Man 2","4","Mon, 03 Jun 2024 19:49:52 GMT","1717444192851","45","","","","No","No","","","1","0","4","924336354811334676","924336354811334676","797920307284934697","25","F","S","S","S","S","F","D","",""
"vbs361w","11216","2","Chonbo","Tokyo Revengers","3","Mon, 03 Jun 2024 18:41:07 GMT","1717440067930","60","","","","No","No","","","1","0","3","924336354811334676","924336354811334676","797920307284934697","34","F","S","S","S","A","F","D","",""
"vbsrpvt","64873","1","Masaru Hashimoto","The Melody of Oblivion","0","Mon, 03 Jun 2024 17:55:00 GMT","1717437300282","1","","","","No","No","","","0","0","0","924336354811334676","924336354811334676","797920307284934697","0","F","S","S","S","A","F","D","",""
"vbsr73b","65556","1","Tenten","Yousei Tin Tin","1","Mon, 03 Jun 2024 16:39:07 GMT","1717432747186","1","","","","No","No","","","0","0","1","924336354811334676","924336354811334676","797920307284934697","0","F","S","S","S","S","F","D","",""
"vbsr4jm","19509","2","Kafuru","Senran Kagura: Estival Versus","2","Mon, 03 Jun 2024 16:08:12 GMT","1717430892366","30","","","","No","No","","","2","0","2","924336354811334676","924336354811334676","797920307284934697","16","F","S","S","S","F","F","D","",""
"vbsr4b6","36724","2","Takashi Egawa","Nagi no Asukara","2","Mon, 03 Jun 2024 16:07:53 GMT","1717430873274","14","","","","No","No","","","1","0","2","924336354811334676","924336354811334676","797920307284934697","8","F","S","S","S","S","F","D","",""
"vbsrm0l","37625","2","Silva Star","Aku no Onna Kanbu: Full Moon Night","0","Mon, 03 Jun 2024 15:28:18 GMT","1717428498457","4","","","","No","No","","","1","0","0","924336354811334676","924336354811334676","797920307284934697","1","F","S","S","S","S","F","D","",""
"vbsqdpk","2097","6","Kyouka Izumi","Bungou Stray Dogs","2","Sun, 02 Jun 2024 20:52:23 GMT","1717361543434","80","","","","No","No","","","99","0","2","1142935430342385724","1142935430342385724","797920307284934697","45","F","S","F","F","A","F","C","",""
"vbsq81w","65228","1","Hauenkua","Utawarerumono","3","Sun, 02 Jun 2024 20:40:28 GMT","1717360828022","6","","","","No","No","","","0","0","3","924336354811334676","924336354811334676","797920307284934697","4","F","S","S","S","C","F","D","",""
"vbsqfsq","65149","1","Hayato Aoki","Kachou no Koi","1","Sun, 02 Jun 2024 19:39:04 GMT","1717357144566","1","","","","No","No","","","0","0","1","924336354811334676","924336354811334676","797920307284934697","0","F","S","S","S","B","F","D","",""
"vbsqsms","31396","2","Guy B","Don't Toy with Me, Miss Nagatoro","0","Sun, 02 Jun 2024 18:45:23 GMT","1717353923083","3","","","","No","No","","","2","0","0","924336354811334676","924336354811334676","797920307284934697","1","F","S","S","S","A","F","D","",""
"vbsvgsz","65148","1","Alice","Chi's New Address","0","Sun, 02 Jun 2024 18:07:19 GMT","1717351639262","2","","","","No","No","","","1","0","0","924336354811334676","924336354811334676","797920307284934697","1","F","S","S","S","A","F","D","",""
"vbsm6n6","65347","1","Ramesh Krishna","Baby Steps","2","Sun, 02 Jun 2024 16:52:58 GMT","1717347178626","1","","","","No","No","","","1","0","2","924336354811334676","924336354811334676","797920307284934697","0","F","S","S","S","A","F","D","",""
"vbsvhb0","12650","4","Nu","Hiragana Danshi","1","Sun, 02 Jun 2024 15:20:22 GMT","1717341622392","10","","","","No","No","","","1","0","1","924336354811334676","924336354811334676","797920307284934697","6","F","S","S","S","S","F","D","",""
"vbdc1gp","7990","2","Hotep","Deep Insanity: The Lost Child","3","Sun, 02 Jun 2024 14:42:50 GMT","1717339370091","36","","","","No","No","","","1","0","3","1142935430342385724","924336354811334676","797920307284934697","18","F","S","S","F","F","F","D","",""
"vbdc939","31006","1","Uncle He","Genshin Impact","2","Sun, 02 Jun 2024 14:00:49 GMT","1717336849833","13","","","","No","No","","","1","0","2","","737980149995274240","797920307284934697","5","F","S","F","F","F","F","D","",""
"vbsm5ph","65492","1","Sagara","Dragon Century","4","Sun, 02 Jun 2024 13:57:50 GMT","1717336670207","3","","","","No","No","","","0","0","4","924336354811334676","924336354811334676","797920307284934697","1","F","S","S","S","B","F","D","",""
"vbd67t7","31826","2","Emi Kojima","Girls und Panzer","2","Sun, 02 Jun 2024 13:24:41 GMT","1717334681629","16","","","","No","No","","","1","0","2","924336354811334676","924336354811334676","797920307284934697","8","F","S","S","S","A","F","D","",""
"vbdczhg","65309","1","Shingo","Kabaneri of the Iron Fortress","0","Sun, 02 Jun 2024 12:13:10 GMT","1717330390013","1","","","","No","No","","","0","0","0","","924336354811334676","797920307284934697","0","F","S","S","F","F","F","D","",""
"vbd6vfb","64869","1","CURSE President","You're Being Summoned, Azazel","2","Sun, 02 Jun 2024 12:01:14 GMT","1717329674080","1","","","","No","No","","","0","0","2","","924336354811334676","797920307284934697","0","F","S","S","F","F","F","D","",""
"vbd6n8d","64942","1","Gouten","Totsugeki! Pappara-tai","4","Sun, 02 Jun 2024 11:40:21 GMT","1717328421721","16","","","","No","No","","","0","0","4","924336354811334676","924336354811334676","797920307284934697","8","F","S","S","S","A","F","D","",""
"vbd610f","32300","1","Kyoshiro","One Piece","1","Sun, 02 Jun 2024 10:39:20 GMT","1717324760494","9","","","","No","No","","","4","0","1","924336354811334676","924336354811334676","797920307284934697","4","F","S","S","S","A","F","D","",""
"vbdxp0g","8457","2","Dupin","Neural Cloud","3","Sun, 02 Jun 2024 09:37:21 GMT","1717321041109","59","","","","No","No","","","3","0","3","924336354811334676","924336354811334676","797920307284934697","38","F","S","S","S","S","F","C","",""
"vbdst77","3363","1","PaPa","Dekoboko Majo no Oyako Jijou","1","Sun, 02 Jun 2024 08:40:49 GMT","1717317649875","2","","","","No","No","","","0","0","1","924336354811334676","924336354811334676","797920307284934697","1","F","S","S","S","A","F","B","",""
"vbdlw9t","64775","1","Kenji Miyazawa","Spring and Chaos","2","Sat, 01 Jun 2024 22:41:19 GMT","1717281679155","3","","","","No","No","","","1","0","2","924336354811334676","924336354811334676","797920307284934697","1","F","S","S","S","S","F","D","",""
"vbdfnzm","65153","1","Nai","Karneval","2","Sat, 01 Jun 2024 22:09:16 GMT","1717279756224","12","","","","No","No","","","7","0","2","924336354811334676","924336354811334676","797920307284934697","6","F","S","S","S","A","F","D","",""
"vbdfk7h","9395","3","Cherry","Words Bubble Up Like Soda Pop","1","Sat, 01 Jun 2024 21:27:24 GMT","1717277244719","26","","","","No","No","","","63","0","1","924336354811334676","924336354811334676","797920307284934697","15","F","S","S","S","S","F","D","",""
"vbd9j8s","11370","2","Volodya","Luminous Witches","1","Sat, 01 Jun 2024 20:45:35 GMT","1717274735323","7","","","","No","No","","","0","0","1","924336354811334676","924336354811334676","797920307284934697","4","F","S","S","S","A","F","C","",""
"vbd9p0h","65309","1","Caterpillar","Traveling Daru","3","Sat, 01 Jun 2024 20:11:31 GMT","1717272691512","9","","","","No","No","","","1","0","3","924336354811334676","924336354811334676","797920307284934697","4","F","S","S","S","A","F","D","",""
"vbd9m42","65230","1","Takashi Andou","Psychic Detective Yakumo","2","Sat, 01 Jun 2024 19:49:49 GMT","1717271389454","1","","","","No","No","","","0","0","2","","924336354811334676","797920307284934697","0","F","S","S","F","B","F","D","",""
"vbdgg0l","13662","2","Pool Instructor","Spy x Family","1","Sat, 01 Jun 2024 19:34:15 GMT","1717270455379","13","","","","No","No","","","1","0","1","924336354811334676","924336354811334676","797920307284934697","6","F","S","S","S","A","F","C","",""
"vbdgq1x","65382","1","Trisha Elric","Fullmetal Alchemist","2","Sat, 01 Jun 2024 19:04:09 GMT","1717268649191","14","","","","No","No","","","4","0","2","924336354811334676","924336354811334676","797920307284934697","8","F","S","S","S","A","F","D","",""
"vbd3gt9","65367","1","Onimatsu","The Disastrous Life of Saiki K.","2","Sat, 01 Jun 2024 18:24:21 GMT","1717266261889","3","","","","No","No","","","0","0","2","924336354811334676","924336354811334676","797920307284934697","1","F","S","S","S","B","F","D","",""
"vbdr00m","65021","1","Razor","Blade","2","Sat, 01 Jun 2024 15:52:44 GMT","1717257164121","4","","","","No","No","","","1","0","2","924336354811334676","924336354811334676","797920307284934697","1","F","S","S","S","S","F","D","",""
"vbdpx07","65446","1","Sapphire","Dr. Stone","1","Sat, 01 Jun 2024 15:17:35 GMT","1717255055213","6","","","","No","No","","","1","0","1","924336354811334676","924336354811334676","797920307284934697","4","F","S","S","S","F","F","D","",""
"vbdpxzv","1784","6","Jesus","Saint Young Men Movie","1","Sat, 01 Jun 2024 14:39:53 GMT","1717252793498","28","","","","No","No","jesus","","42","0","1","924336354811334676","924336354811334676","797920307284934697","18","F","S","S","S","A","F","B","",""
"vbdzccq","53640","1","Emperor Penguin Chick","Heaven's Design Team","3","Sat, 01 Jun 2024 13:28:01 GMT","1717248481816","25","","","","No","No","","","2","0","3","1142935430342385724","924336354811334676","797920307284934697","11","F","S","S","F","F","F","D","",""
"vbdzf29","65225","1","Fubirai Goya","Mobile Suit Victory Gundam","4","Sat, 01 Jun 2024 12:48:19 GMT","1717246099715","5","","","","No","No","","","1","0","4","924336354811334676","924336354811334676","797920307284934697","1","F","S","S","S","A","F","D","",""
"vbdztc6","840","3","Shirley","Reborn as a Vending Machine, I Now Wander the Dungeon","2","Sat, 01 Jun 2024 11:46:31 GMT","1717242391712","29","","","","No","No","","","1","0","2","924336354811334676","924336354811334676","797920307284934697","19","F","S","S","S","B","F","A","",""
"vbd11xb","65130","1","Robert's Grandfather","Pokémon: Black & White","4","Sat, 01 Jun 2024 11:14:31 GMT","1717240471972","16","","","","No","No","","","1","0","4","924336354811334676","924336354811334676","797920307284934697","8","F","S","S","S","A","F","D","",""
"vbd1llm","7974","2","Benippo","Tsuki ga Kirei","3","Sat, 01 Jun 2024 10:34:44 GMT","1717238084805","35","","","","No","No","","","1","0","3","924336354811334676","924336354811334676","797920307284934697","21","F","S","S","S","A","F","D","",""
"vbd15tb","2168","3","Brodd","Vinland Saga Season 2","3","Sat, 01 Jun 2024 09:34:49 GMT","1717234489416","54","","","","No","No","","","1","0","3","","924336354811334676","797920307284934697","30","F","S","S","F","C","F","C","",""
"v0w5fmj","53040","1","P-chan","Sword Art Online Alternative: Gun Gale Online","2","Sat, 01 Jun 2024 09:32:18 GMT","1717234338077","18","","","","No","No","","","10","0","2","556770267389493249","688687114128588823","648031568756998155","11","F","S","F","F","A","F","C","",""
"vbdzhbw","65476","1","Alice's Sister","Hello Kitty no Fushigi no Kuni no Alice","1","Sat, 01 Jun 2024 09:09:25 GMT","1717232965586","5","","","","No","No","","","1","0","1","924336354811334676","924336354811334676","797920307284934697","1","F","S","S","S","S","F","D","",""
"vbd2z0h","5336","5","Annie Leonhart","Attack on Titan","2","Fri, 31 May 2024 21:51:39 GMT","1717192299716","79","","","","No","No","","","174","0","2","924336354811334676","924336354811334676","797920307284934697","46","F","S","S","S","S","F","D","",""
"vbdhbjg","65549","1","Akira Tachibana","Butlers x Battlers","0","Fri, 31 May 2024 20:49:39 GMT","1717188579742","1","","","","No","No","","","0","0","0","1142935430342385724","924336354811334676","797920307284934697","0","F","S","S","F","F","F","D","",""
"vbd2m85","65213","1","Rebecca Hopkins","Yu-Gi-Oh! Duel Monsters","2","Fri, 31 May 2024 19:22:03 GMT","1717183323986","5","","","","No","No","","","1","0","2","924336354811334676","924336354811334676","797920307284934697","1","F","S","S","S","D","F","D","",""
"vbdhf46","17399","2","Matt","Death Note","3","Fri, 31 May 2024 18:47:02 GMT","1717181222364","77","","","","No","No","death","","27","0","3","1142935430342385724","1142935430342385724","797920307284934697","39","F","S","F","F","A","F","D","",""
"vbdh8f7","65168","1","Tsukune","Majokko Tsukune-chan","2","Fri, 31 May 2024 18:46:38 GMT","1717181198250","1","","","","No","No","","","1","0","2","737980149995274240","924336354811334676","797920307284934697","0","F","S","S","F","A","F","D","",""
"vbdqrvq","65162","1","Shu Aiba","Kiss Dum: Engage Planet Special","2","Fri, 31 May 2024 18:18:28 GMT","1717179508161","3","","","","No","No","","","0","0","2","924336354811334676","924336354811334676","797920307284934697","1","F","S","S","S","A","F","D","",""
"vbdq7kr","22602","2","Gen Narumi","Kaiju No. 8","2","Fri, 31 May 2024 17:13:58 GMT","1717175638385","48","","","","No","No","","","74","0","2","924336354811334676","924336354811334676","797920307284934697","26","F","S","S","S","A","F","D","",""
"vbd0zxj","65291","1","Dai Yokota","Killing Bites","2","Fri, 31 May 2024 16:10:15 GMT","1717171815431","1","","","","No","No","","","0","0","2","924336354811334676","924336354811334676","797920307284934697","0","F","S","S","S","A","F","D","",""
"vbdv0j5","65273","1","Takeru","Togainu no Chi","2","Fri, 31 May 2024 15:28:23 GMT","1717169303130","3","","","","No","No","","","1","0","2","","924336354811334676","797920307284934697","1","F","S","S","F","F","F","D","",""
"vbdvw8z","65436","1","Mai Kadowaki","Akahori Gedou Hour Rabuge: Sore Yuke! Gedou Otometai","4","Fri, 31 May 2024 15:09:17 GMT","1717168157109","9","","","","No","No","","","1","0","4","924336354811334676","924336354811334676","797920307284934697","4","F","S","S","S","A","F","D","",""
"vbdmd0v","1007","2","Gesicht","Pluto","2","Fri, 31 May 2024 14:17:06 GMT","1717165026789","32","","","","No","No","","","27","0","2","924336354811334676","924336354811334676","797920307284934697","20","F","S","S","S","A","F","C","",""
"vb7dkf6","65447","1","Amakusa","Cinderella Nine","1","Fri, 31 May 2024 04:59:52 GMT","1717131592766","1","","","","No","No","","","0","0","1","924336354811334676","924336354811334676","797920307284934697","0","F","S","S","S","C","F","D","",""
"vb79d0l","1944","6","March 7th","Honkai: Star Rail","2","Thu, 30 May 2024 20:36:30 GMT","1717101390386","86","","","","No","No","","","418","0","2","688687114128588823","688687114128588823","797920307284934697","50","F","S","F","F","A","F","B","",""
"vb79jsq","1615","6","Najimi Osana","Komi-san wa, Komyushou desu.","2","Thu, 30 May 2024 20:22:32 GMT","1717100552849","74","","","","No","No","","","107","0","2","1142935430342385724","924336354811334676","797920307284934697","41","F","S","S","F","F","F","B","",""
"vb7fplk","11709","2","Mushmon","Digimon Adventure","3","Thu, 30 May 2024 19:44:41 GMT","1717098281618","33","","","","No","No","","","1","0","3","1142935430342385724","924336354811334676","797920307284934697","16","F","S","S","F","F","F","D","",""
"vb79sfp","65152","1","Mei Toda","Chihayafuru 2","3","Thu, 30 May 2024 19:30:46 GMT","1717097446749","3","","","","No","No","","","0","0","3","924336354811334676","924336354811334676","797920307284934697","1","F","S","S","S","B","F","D","",""
"vb7fbd5","33360","1","Art Teacher","Taisho Otome Fairy Tale","3","Thu, 30 May 2024 18:59:52 GMT","1717095592081","3","","","","No","No","","","1","0","3","924336354811334676","924336354811334676","797920307284934697","1","F","S","S","S","C","F","D","",""
"vb79h75","65087","1","Linssen","Hunter x Hunter","3","Thu, 30 May 2024 18:18:55 GMT","1717093135107","16","","","","No","No","","","1","0","3","1142935430342385724","1142935430342385724","797920307284934697","8","F","S","F","F","A","F","D","",""
"vb79q4h","1716","6","Shirou Kotomine","Fate/Apocrypha","2","Thu, 30 May 2024 18:18:19 GMT","1717093099484","57","","","","No","No","","","8","0","2","924336354811334676","924336354811334676","797920307284934697","35","F","S","S","S","A","F","B","",""
"vb73t83","65674","1","Rui Kofuru","Food Wars! The Third Plate","2","Thu, 30 May 2024 17:46:57 GMT","1717091217674","7","","","","No","No","","","1","0","2","924336354811334676","924336354811334676","797920307284934697","4","F","S","S","S","A","F","D","",""
"vb7gqwx","65220","1","Semu","Drifters","0","Thu, 30 May 2024 16:27:27 GMT","1717086447609","1","","","","No","No","","","0","0","0","924336354811334676","924336354811334676","797920307284934697","0","F","S","S","S","S","F","D","",""
"vb7rlg3","65276","1","God of Decay","Good Luck Girl!","4","Thu, 30 May 2024 15:08:02 GMT","1717081682684","12","","","","No","No","","","1","0","4","924336354811334676","924336354811334676","797920307284934697","6","F","S","S","S","S","F","D","",""
"vb71x91","64930","1","Ouji Shinomori","Haganai: I Don't Have Many Friends NEXT","3","Thu, 30 May 2024 06:58:09 GMT","1717052289405","7","","","","No","No","","","0","0","3","688687114128588823","924336354811334676","797920307284934697","4","F","S","S","F","D","F","D","",""
"vb71cnt","10101","4","Kohei Tokura","2.43: Seiin Koukou Danshi Volley-bu","2","Thu, 30 May 2024 06:47:46 GMT","1717051666278","22","","","","No","No","","","1","0","2","924336354811334676","924336354811334676","797920307284934697","14","F","S","S","S","C","F","D","",""
"vb7bdqm","8281","2","Male Orc","I've Somehow Gotten Stronger When I Improved My Farm-Related Skills","0","Thu, 30 May 2024 04:46:21 GMT","1717044381343","3","","","","No","No","","","1","0","0","924336354811334676","924336354811334676","797920307284934697","1","F","S","S","S","A","F","C","",""
"vb7q69q","33669","1","Alban Knox","Nijisanji EN","3","Wed, 29 May 2024 19:34:52 GMT","1717011292173","65","","","","No","No","","","30","0","3","1142935430342385724","924336354811334676","797920307284934697","34","F","S","S","F","C","F","D","",""
"vb7q9b6","11568","2","Rosamia","Granblue Fantasy","1","Wed, 29 May 2024 19:06:20 GMT","1717009580370","14","","","","No","No","","","2","0","1","924336354811334676","924336354811334676","797920307284934697","8","F","S","S","S","A","F","D","",""
"vb7qcbg","24067","2","Rob Lucci","One Piece","0","Wed, 29 May 2024 18:31:28 GMT","1717007488835","10","","","","No","No","","","22","0","0","924336354811334676","924336354811334676","797920307284934697","6","F","S","S","S","A","F","D","",""
"vb7q4tn","10490","1","Bayer","Jujutsu Kaisen 2nd Season","0","Wed, 29 May 2024 18:00:16 GMT","1717005616013","4","","","","No","No","","","1","0","0","924336354811334676","924336354811334676","797920307284934697","1","F","S","S","S","A","F","C","",""
"vb70qqq","65378","1","Christina","Vampire Holmes","3","Wed, 29 May 2024 17:15:17 GMT","1717002917952","4","","","","No","No","","","1","0","3","737980149995274240","924336354811334676","797920307284934697","1","F","S","S","F","F","F","D","",""
"vb70l3v","16999","2","Hirokazu Ukita","Death Note","1","Wed, 29 May 2024 16:19:56 GMT","1716999596877","10","","","","No","No","death","","1","0","1","1142935430342385724","1142935430342385724","797920307284934697","5","F","S","F","F","B","F","D","",""
"vb70w69","1648","2","Nue Houjuu","Touhou Project","1","Wed, 29 May 2024 16:18:52 GMT","1716999532267","25","","","","No","No","","","10","0","1","924336354811334676","924336354811334676","797920307284934697","15","F","S","S","S","A","F","C","",""
"vb70j12","4353","5","Hasuta","Haiyore! Nyaruko-san","2","Wed, 29 May 2024 15:46:56 GMT","1716997616559","29","","","","No","No","","","1","0","2","924336354811334676","924336354811334676","797920307284934697","16","F","S","S","S","B","F","C","",""
"vb70hr5","4761","3","Goddess of Love and Beauty","Life with an Ordinary Guy Who Reincarnated into a Total Fantasy Knockout","2","Wed, 29 May 2024 15:15:09 GMT","1716995709829","28","","","","No","No","","","1","0","2","924336354811334676","924336354811334676","797920307284934697","15","F","S","S","S","F","F","C","",""
"vb7vtvz","9582","4","Aglovale","Granblue Fantasy","2","Wed, 29 May 2024 14:43:16 GMT","1716993796091","33","","","","No","No","","","4","0","2","737980149995274240","688687114128588823","797920307284934697","15","F","S","F","F","F","F","D","",""
"vb7v1vv","10180","4","Yui Michimiya","Haikyuu!!","2","Wed, 29 May 2024 14:42:11 GMT","1716993731747","45","","","","No","No","","","1","0","2","924336354811334676","924336354811334676","797920307284934697","25","F","S","S","S","A","F","D","",""
"vb7mrjg","35571","2","Irvine","Berserk (2017)","4","Wed, 29 May 2024 14:04:13 GMT","1716991453496","99","","","","No","No","","","1","1","4","924336354811334676","924336354811334676","797920307284934697","60","F","S","S","S","S","D","D","",""
"vbtcgm1","64837","1","Riana","Fairy Tail Movie 2: Dragon Cry","1","Wed, 29 May 2024 13:33:28 GMT","1716989608885","4","","","","No","No","","","1","0","1","924336354811334676","924336354811334676","797920307284934697","1","F","S","S","S","A","F","D","",""
"vb7mfg7","36099","2","Kouko Kaga","Golden Time","2","Wed, 29 May 2024 13:02:34 GMT","1716987754060","49","","","","No","No","","","49","0","2","1142935430342385724","924336354811334676","797920307284934697","23","F","S","S","F","F","F","D","",""
"vb7mtw7","64718","1","Makoto Ogawa","Triage X","2","Wed, 29 May 2024 12:32:27 GMT","1716985947248","1","","","","No","No","","","1","0","2","1142935430342385724","924336354811334676","797920307284934697","0","F","S","S","F","F","F","D","",""
"vb7mwkp","12119","4","Cat Three","Rumble Garanndoll","2","Wed, 29 May 2024 11:54:19 GMT","1716983659808","18","","","","No","No","","","1","0","2","1142935430342385724","924336354811334676","797920307284934697","11","F","S","S","F","F","F","D","",""
"vbt6f9v","64639","1","Jaw","Parasyte -the maxim-","2","Wed, 29 May 2024 10:55:20 GMT","1716980120971","8","","","","No","No","parasyte","","1","0","2","924336354811334676","924336354811334676","797920307284934697","4","F","S","S","S","A","F","D","",""
"vbtx335","1288","3","Leo Demonheart","I'm Quitting Heroing","4","Wed, 29 May 2024 10:16:34 GMT","1716977794154","157","","","","No","No","","","6","0","4","924336354811334676","924336354811334676","797920307284934697","96","F","S","S","S","A","F","C","",""
"vbtdm96","5084","5","Red Hood","Batman Ninja","1","Wed, 29 May 2024 05:26:45 GMT","1716960405399","18","","","","No","No","","","24","0","1","924336354811334676","924336354811334676","797920307284934697","14","F","S","S","S","A","F","C","",""
"vbt7801","65099","1","Nyantenshi","Nyanpire: The Animation","1","Wed, 29 May 2024 04:01:35 GMT","1716955295714","4","","","","No","No","","","1","0","1","924336354811334676","924336354811334676","797920307284934697","1","F","S","S","S","A","F","D","",""
"vbtfqqg","7143","2","Eden Academy Gutter Student","Spy x Family","2","Tue, 28 May 2024 20:58:26 GMT","1716929906845","27","","","","No","No","","","1","0","2","924336354811334676","924336354811334676","797920307284934697","16","F","S","S","S","A","F","C","",""
"vbt90dk","42666","1","Raikou","Pokémon: Zoroark: Master of Illusions","0","Tue, 28 May 2024 20:17:00 GMT","1716927420791","5","","","","No","No","","","3","0","0","924336354811334676","924336354811334676","797920307284934697","1","F","S","S","S","A","F","D","",""
"vbtgtdj","26226","1","Margaret Mitchell","Bungou Stray Dogs 2nd Season","1","Tue, 28 May 2024 19:39:20 GMT","1716925160475","7","","","","No","No","","","3","0","1","924336354811334676","924336354811334676","797920307284934697","4","F","S","S","S","A","F","D","",""
"vbt9hd8","65047","1","Cyclops","Sinbad: The Magic Lamp and the Moving Islands","0","Tue, 28 May 2024 19:04:41 GMT","1716923081453","1","","","","No","No","","","0","0","0","924336354811334676","924336354811334676","797920307284934697","0","F","S","S","S","A","F","D","",""
"vbt9653","23044","3","Genkai","Yu Yu Hakusho","2","Tue, 28 May 2024 18:46:18 GMT","1716921978304","30","","","","No","No","","","12","1","2","","688687114128588823","797920307284934697","16","F","S","F","F","A","D","D","",""
"vbtgwf4","4554","5","Caspar von Bergliez","Fire Emblem: Three Houses","2","Tue, 28 May 2024 18:28:54 GMT","1716920934670","34","","","","No","No","","","3","1","2","688687114128588823","688687114128588823","797920307284934697","19","F","S","F","F","S","D","C","",""
"vbt3t8z","64930","1","Nab Lasaro","Fairy Tail","1","Tue, 28 May 2024 18:01:24 GMT","1716919284646","3","","","","No","No","","","1","0","1","924336354811334676","924336354811334676","797920307284934697","1","F","S","S","S","A","F","D","",""
"vbtg5ls","65346","1","Mahiro Kyoubashi","Hina Logi: From Luck & Logic","2","Tue, 28 May 2024 17:23:41 GMT","1716917021588","6","","","","No","No","","","1","0","2","924336354811334676","924336354811334676","797920307284934697","4","F","S","S","S","B","F","D","",""
"vbtr0m8","64648","1","John Blades","Chocolate Underground","2","Tue, 28 May 2024 14:35:48 GMT","1716906948001","1","","","","No","No","","","0","0","2","924336354811334676","924336354811334676","797920307284934697","0","F","S","S","S","B","F","D","",""
"vbt4c47","6282","2","Rachel","Ninja Gaiden","4","Tue, 28 May 2024 13:32:54 GMT","1716903174905","113","","","","No","No","","","1","0","4","924336354811334676","924336354811334676","797920307284934697","64","F","S","S","S","S","F","D","",""
"vbtz0n6","5031","5","Tadashi Yamaguchi","Haikyuu!!","2","Tue, 28 May 2024 12:21:11 GMT","1716898871029","58","","","","No","No","","","48","0","2","924336354811334676","924336354811334676","797920307284934697","36","F","S","S","S","S","F","D","",""
"vbtzsk6","64902","1","Yasha Manyuu","Manyuu Hiken-chou","4","Tue, 28 May 2024 11:47:59 GMT","1716896879211","15","","","","No","No","","","0","0","4","924336354811334676","924336354811334676","797920307284934697","8","F","S","S","S","B","F","D","",""
"vbtns1t","38369","2","Suguru Daisho","Haikyuu!! To the Top","0","Tue, 28 May 2024 08:57:42 GMT","1716886662502","8","","","","No","No","","","2","0","0","924336354811334676","924336354811334676","797920307284934697","4","F","S","S","S","A","F","D","",""
"vbtnzmt","17201","3","Sex","Gilgamesh","4","Tue, 28 May 2024 08:23:21 GMT","1716884601982","249","","","","No","No","","","68","0","4","924336354811334676","924336354811334676","797920307284934697","139","F","S","S","S","A","F","D","",""
"vbtn42r","11454","2","Bartholomew Roberts","Fate/Grand Order","3","Tue, 28 May 2024 06:50:43 GMT","1716879043892","59","","","","No","No","","","1","0","3","924336354811334676","924336354811334676","797920307284934697","34","F","S","S","S","B","F","D","",""
"vbtnn4t","63188","1","Marinette Dupain-Cheng","Ladybug PV","1","Tue, 28 May 2024 06:37:41 GMT","1716878261742","8","","","","No","No","","","17","0","1","688687114128588823","924336354811334676","797920307284934697","4","F","S","S","F","F","F","D","",""
"vbtb9c8","65051","1","Aleggio Yuriano","The Law of Ueki","1","Tue, 28 May 2024 04:36:09 GMT","1716870969749","1","","","","No","No","","","1","0","1","924336354811334676","924336354811334676","797920307284934697","0","F","S","S","S","A","F","D","",""
"vbthz68","64882","1","Goemon Ishikawa","Gun-dou Musashi","4","Mon, 27 May 2024 20:31:13 GMT","1716841873913","6","","","","No","No","","","1","0","4","924336354811334676","924336354811334676","797920307284934697","4","F","S","S","S","S","F","D","",""
"vbthvr3","16607","2","Kazui Mukuhara","MILGRAM","3","Mon, 27 May 2024 20:04:56 GMT","1716840296960","41","","","","No","No","","","20","0","3","","924336354811334676","797920307284934697","20","F","S","S","F","F","F","D","",""
"vbtqb6b","64718","1","Branya","Mangaka-san to Assistant-san to","3","Mon, 27 May 2024 20:04:26 GMT","1716840266540","8","","","","No","No","","","1","0","3","1142935430342385724","1142935430342385724","797920307284934697","4","F","S","F","F","F","F","D","",""
"vbthp9v","64678","1","Takuma","Natsume's Book of Friends Season 5","1","Mon, 27 May 2024 20:01:10 GMT","1716840070769","1","","","","No","No","","","1","0","1","924336354811334676","924336354811334676","797920307284934697","0","F","S","S","S","A","F","D","",""
"vbtq2s2","54925","1","Jave","Seven Knights Revolution: Hero Successor","1","Mon, 27 May 2024 19:26:44 GMT","1716838004656","3","","","","No","No","","","1","0","1","924336354811334676","924336354811334676","797920307284934697","1","F","S","S","S","S","F","D","",""
"vbtqh8t","64687","1","Alibaba","Sindbad no Bouken","4","Mon, 27 May 2024 18:18:12 GMT","1716833892189","6","","","","No","No","","","1","0","4","1142935430342385724","924336354811334676","797920307284934697","4","F","S","S","F","F","F","D","",""
"vbtvxbl","17532","2","Fisch Brandel","The Genius Prince's Guide to Raising a Nation Out of Debt","0","Mon, 27 May 2024 18:05:03 GMT","1716833103040","7","","","","No","No","","","1","0","0","688687114128588823","924336354811334676","797920307284934697","4","F","S","S","F","D","F","D","",""
"vbt09fr","1304","4","Politis","Epic Seven","2","Mon, 27 May 2024 17:46:45 GMT","1716832005774","43","","","","No","No","","","3","0","2","924336354811334676","924336354811334676","797920307284934697","29","F","S","S","S","A","F","B","",""
"vbtv3th","64658","1","Kenny","Flying Witch","3","Mon, 27 May 2024 16:44:36 GMT","1716828276352","18","","","","No","No","","","1","0","3","688687114128588823","924336354811334676","797920307284934697","10","F","S","S","F","F","F","D","",""
"vbtvs6q","14748","3","Jumpy Dumpty","Genshin Impact","1","Mon, 27 May 2024 16:02:03 GMT","1716825723957","27","","","","No","No","","","9","0","1","924336354811334676","924336354811334676","797920307284934697","16","F","S","S","S","A","F","D","",""
"vb8cz9j","34927","2","Sanada Yukimura","Honkai Impact 3rd","2","Mon, 27 May 2024 15:25:23 GMT","1716823523847","33","","","","No","No","","","1","0","2","1142935430342385724","1142935430342385724","797920307284934697","16","F","S","F","F","B","F","D","",""
"vb8c4sc","7068","2","Souma Mizuno","Yubisaki kara no Honki no Netsujou: Osananajimi wa Shouboushi","4","Mon, 27 May 2024 15:07:49 GMT","1716822469942","98","","","","No","No","","","10","0","4","924336354811334676","924336354811334676","797920307284934697","58","F","S","S","S","S","F","D","",""
"vb87xt7","65019","1","Meeko","Toriko TV","2","Mon, 27 May 2024 05:16:55 GMT","1716787015967","2","","","","No","No","","","1","0","2","924336354811334676","924336354811334676","797920307284934697","1","F","S","S","S","A","F","D","",""
"vb8d0qm","14863","3","Manabu Soutouin","Pretty Boy Detective Club","2","Mon, 27 May 2024 04:32:40 GMT","1716784360702","35","","","","No","No","","","7","0","2","924336354811334676","924336354811334676","797920307284934697","20","F","S","S","S","A","F","D","",""
"vb8g6ww","12320","4","Yuni","Mewkledreamy","2","Sun, 26 May 2024 19:51:55 GMT","1716753115181","26","","","","No","No","","","2","1","2","924336354811334676","924336354811334676","797920307284934697","16","F","S","S","S","A","D","D","",""
"vb83302","2576","2","Adelina Riefenstahl","Endo and Kobayashi Live! The Latest on Tsundere Villainess Lieselotte","2","Sun, 26 May 2024 19:15:00 GMT","1716750900061","24","","","","No","No","","","1","0","2","924336354811334676","924336354811334676","797920307284934697","16","F","S","S","S","B","F","B","",""
"vb8p7jk","17926","2","Madara Uchiha","Naruto Shippuden","3","Sun, 26 May 2024 18:33:26 GMT","1716748406237","167","","","","No","No","","","757","0","3","1142935430342385724","1142935430342385724","797920307284934697","83","F","S","F","F","A","F","D","",""
"vb83hg5","8506","3","Yuri Saiki","Blue Reflection","1","Sun, 26 May 2024 18:31:44 GMT","1716748304178","16","","","","No","No","","","1","0","1","","924336354811334676","797920307284934697","8","F","S","S","F","B","F","C","",""
"vb830l8","4961","5","Koumori Maniwa","Katanagatari","1","Sun, 26 May 2024 17:50:57 GMT","1716745857060","12","","","","No","No","","","1","0","1","924336354811334676","924336354811334676","797920307284934697","6","F","S","S","S","B","F","C","",""
"vb8pfc5","65109","1","Kazuki Shibasaki","Rozen Maiden","2","Sun, 26 May 2024 16:13:02 GMT","1716739982468","1","","","","No","No","","","1","0","2","1142935430342385724","924336354811334676","797920307284934697","0","F","S","S","F","F","F","D","",""
"vb8p2b9","65312","1","Youna Aragaki","Harukana Receive","1","Sun, 26 May 2024 14:38:58 GMT","1716734338853","5","","","","No","No","","","1","0","1","1142935430342385724","924336354811334676","797920307284934697","1","F","S","S","F","F","F","D","",""
"vb8p5lp","64490","1","Carrot Glace","Sorcerer Hunters","3","Sun, 26 May 2024 13:42:49 GMT","1716730969963","7","","","","No","No","","","1","0","3","1142935430342385724","924336354811334676","797920307284934697","4","F","S","S","F","F","F","D","",""
"vb8zbc5","65139","1","Ukyo Samonji","Shirogane no Ishi Argevollen","1","Sun, 26 May 2024 12:56:34 GMT","1716728194342","1","","","","No","No","","","0","0","1","924336354811334676","924336354811334676","797920307284934697","0","F","S","S","S","A","F","D","",""
"vb819c8","38705","2","Waltrud Krupinski","Brave Witches","2","Sun, 26 May 2024 12:24:18 GMT","1716726258165","16","","","","No","No","","","1","0","2","1142935430342385724","924336354811334676","797920307284934697","6","F","S","S","F","F","F","D","",""
"vb8z3k6","3882","2","Mugen Miura","D_Cide Traumerei","2","Sun, 26 May 2024 11:22:19 GMT","1716722539698","21","","","","No","No","","","1","0","2","1142935430342385724","924336354811334676","797920307284934697","10","F","S","S","F","C","F","D","",""
"vb815tw","64938","1","Old Woman","DARLING in the FRANXX","4","Sun, 26 May 2024 10:37:07 GMT","1716719827610","31","","","","No","No","","","1","0","4","924336354811334676","924336354811334676","797920307284934697","18","F","S","S","S","A","F","D","",""
"vb8nfqc","16204","1","Jun","Princess Connect! Re: Dive","2","Sun, 26 May 2024 09:08:31 GMT","1716714511149","16","","","","No","No","","","1","0","2","924336354811334676","924336354811334676","797920307284934697","8","F","S","S","S","A","F","D","",""
"vb812mv","17158","3","Azazel","High School DxD NEW","2","Sun, 26 May 2024 08:39:13 GMT","1716712753799","29","","","","No","No","","","3","0","2","737980149995274240","924336354811334676","797920307284934697","14","F","S","S","F","C","F","D","",""
"vb8nz1f","65357","1","Sayaka's Father","Bunny Drop","2","Sun, 26 May 2024 08:25:25 GMT","1716711925363","1","","","","No","No","","","0","0","2","924336354811334676","924336354811334676","797920307284934697","0","F","S","S","S","B","F","D","",""
"vb8n27z","65246","1","Ajitama","SoniAni: Super Sonico the Animation","1","Sun, 26 May 2024 07:51:32 GMT","1716709892512","3","","","","No","No","","","1","0","1","924336354811334676","924336354811334676","797920307284934697","1","F","S","S","S","S","F","D","",""
"vb827vm","13081","4","Satoshi Mashiba","A Silent Voice","1","Sat, 25 May 2024 22:10:19 GMT","1716675019658","19","","","","No","No","","","2","1","1","737980149995274240","924336354811334676","797920307284934697","13","F","S","S","F","A","D","D","",""
"vb82prb","65177","1","Derella","Sailor Moon","2","Sat, 25 May 2024 21:46:46 GMT","1716673606682","3","","","","No","No","","","0","0","2","924336354811334676","924336354811334676","797920307284934697","1","F","S","S","S","A","F","D","",""
"vb82dhc","65559","1","Rui Sagisawa","Libra of Nil Admirari","4","Sat, 25 May 2024 21:17:40 GMT","1716671860590","18","","","","No","No","","","1","0","4","","924336354811334676","797920307284934697","11","F","S","S","F","B","F","D","",""
"vb82tn0","22784","3","Hikage","Psychedelica of the Black Butterfly","1","Sat, 25 May 2024 21:01:44 GMT","1716670904285","11","","","","No","No","","","2","0","1","924336354811334676","924336354811334676","797920307284934697","5","F","S","S","S","B","F","D","",""
"vb8hmn9","65054","1","Yoshinobu Tokugawa","Samurai Jam: Bakumatsu Rock","2","Sat, 25 May 2024 20:37:43 GMT","1716669463710","4","","","","No","No","","","0","0","2","","924336354811334676","797920307284934697","1","F","S","S","F","B","F","D","",""
"vb82q1m","65124","1","Sumino Kiba","Softenni","2","Sat, 25 May 2024 20:23:02 GMT","1716668582108","2","","","","No","No","","","0","0","2","924336354811334676","924336354811334676","797920307284934697","1","F","S","S","S","B","F","D","",""
"vb8hkj5","1992","6","Venti","Genshin Impact","2","Sat, 25 May 2024 20:04:14 GMT","1716667454172","88","","","","No","No","","","622","0","2","","688687114128588823","797920307284934697","45","F","S","F","F","F","F","B","",""
"vb8q56g","65272","1","Souta Tawara","Poco's Udon World","2","Sat, 25 May 2024 19:14:34 GMT","1716664474133","3","","","","No","No","","","1","0","2","924336354811334676","924336354811334676","797920307284934697","1","F","S","S","S","A","F","D","",""
"vb80ppk","65635","1","Nobuyoshi Takanashi","Listen to Me Girls, I'm Your Father!","2","Sat, 25 May 2024 18:43:22 GMT","1716662602558","1","","","","No","No","","","0","0","2","737980149995274240","924336354811334676","797920307284934697","0","F","S","S","F","F","F","D","",""
"vb80hxv","64738","1","Emo's Father","Kiratto Pri-chan","0","Sat, 25 May 2024 18:08:22 GMT","1716660502412","1","","","","No","No","","","1","0","0","924336354811334676","924336354811334676","797920307284934697","0","F","S","S","S","F","F","D","",""
"vb8q236","65335","1","Sousuke Kuratani","Skirt no Naka wa Kedamono Deshita.","0","Sat, 25 May 2024 17:32:47 GMT","1716658367990","1","","","","No","No","","","1","0","0","924336354811334676","924336354811334676","797920307284934697","0","F","S","S","S","A","F","D","",""
"vb8mdbx","64911","1","Mangetsu Tsuburaya","Shouwa Genroku Rakugo Shinjuu","2","Sat, 25 May 2024 16:45:23 GMT","1716655523668","2","","","","No","No","","","0","0","2","924336354811334676","924336354811334676","797920307284934697","1","F","S","S","S","D","F","D","",""
"vb8vd9p","328","4","Valentine","Sugar Apple Fairy Tale Part 2","4","Sat, 25 May 2024 15:50:20 GMT","1716652220005","139","","","","No","No","","","1","0","4","924336354811334676","924336354811334676","797920307284934697","94","F","S","S","S","A","F","A","",""
"vb8m2ld","12314","4","Meme","Me! Me! Me!","2","Sat, 25 May 2024 15:16:54 GMT","1716650214581","65","","","","No","No","","","40","0","2","924336354811334676","924336354811334676","797920307284934697","38","F","S","S","S","B","F","D","",""
"vblc7rn","4773","5","Thorfinn Thordarson","Vinland Saga","1","Sat, 25 May 2024 14:18:22 GMT","1716646702528","38","","","","No","No","","","717","0","1","924336354811334676","924336354811334676","797920307284934697","24","F","S","S","S","S","F","C","",""
"vb8mv0x","65176","1","Simon","Seven Senses of the Re'Union","3","Sat, 25 May 2024 13:46:45 GMT","1716644805312","4","","","","No","No","","","0","0","3","924336354811334676","924336354811334676","797920307284934697","1","F","S","S","S","A","F","D","",""
"vb8mnhc","21753","3","Char B1 bis","Girls und Panzer","1","Sat, 25 May 2024 13:12:43 GMT","1716642763510","10","","","","No","No","","","1","0","1","924336354811334676","924336354811334676","797920307284934697","6","F","S","S","S","A","F","D","",""
"vbl6slj","65032","1","OG Bulldog","Carole & Tuesday","2","Sat, 25 May 2024 10:57:02 GMT","1716634622241","2","","","","No","No","","","0","0","2","924336354811334676","924336354811334676","797920307284934697","1","F","S","S","S","B","F","D","",""
"vblx4t6","26551","1","Lio Shirazumi","Kara no Kyoukai 2: Satsujin Kousatsu (Zen)","4","Sat, 25 May 2024 10:22:40 GMT","1716632560578","15","","","","No","No","","","1","0","4","924336354811334676","924336354811334676","797920307284934697","8","F","S","S","S","B","F","D","",""
"vblsf7f","64776","1","Hayato Oda","My Love Story!!","1","Sat, 25 May 2024 08:39:40 GMT","1716626380664","2","","","","No","No","","","1","0","1","924336354811334676","924336354811334676","797920307284934697","1","F","S","S","S","B","F","D","",""
"vbl8pw9","65163","1","Ortho Sister","Hunter x Hunter (2011)","3","Fri, 24 May 2024 23:19:09 GMT","1716592749852","17","","","","No","No","","","1","0","3","737980149995274240","924336354811334676","797920307284934697","6","F","S","S","F","C","F","D","",""
"vbllx1w","35596","2","Kento Umpo","Skate-Leading Stars","2","Fri, 24 May 2024 22:27:56 GMT","1716589676929","13","","","","No","No","","","1","0","2","924336354811334676","924336354811334676","797920307284934697","6","F","S","S","S","A","F","D","",""
"vblfk1g","65266","1","Posi","Magical Princess Minky Momo vs. Magical Angel Creamy Mami","0","Fri, 24 May 2024 21:33:11 GMT","1716586391335","1","","","","No","No","","","1","0","0","1142935430342385724","924336354811334676","797920307284934697","0","F","S","S","F","C","F","D","",""
"vblf7hx","64966","1","Long-Haired Youkai","Natsume's Book of Friends Season 3","2","Fri, 24 May 2024 20:55:44 GMT","1716584144144","2","","","","No","No","","","1","0","2","924336354811334676","924336354811334676","797920307284934697","1","F","S","S","S","B","F","D","",""
"vbl9v44","1201","1","Rutile","Mahoutsukai no Yakusoku","3","Fri, 24 May 2024 19:51:33 GMT","1716580293387","50","","","","No","No","","","4","0","3","924336354811334676","924336354811334676","797920307284934697","30","F","S","S","S","A","F","C","",""
"vblgxdm","65076","1","Strangled Stray Dog","Kämpfer","2","Fri, 24 May 2024 18:58:56 GMT","1716577136933","4","","","","No","No","","","1","0","2","924336354811334676","924336354811334676","797920307284934697","1","F","S","S","S","B","F","D","",""
"vbl3lqq","65147","1","Ritsu Minami","Loveless","2","Fri, 24 May 2024 18:19:18 GMT","1716574758054","4","","","","No","No","","","0","0","2","924336354811334676","924336354811334676","797920307284934697","1","F","S","S","S","A","F","D","",""
"vbl311j","65359","1","Kaito Onogi","Tsurune","2","Fri, 24 May 2024 16:36:56 GMT","1716568616026","2","","","","No","No","","","1","0","2","924336354811334676","924336354811334676","797920307284934697","1","F","S","S","S","A","F","D","",""
"vbl3k1k","26076","1","Vicious","Cowboy Bebop","4","Fri, 24 May 2024 15:24:42 GMT","1716564282402","58","","","","No","No","","","16","0","4","924336354811334676","924336354811334676","797920307284934697","35","F","S","S","S","A","F","D","",""
"vbl4z8x","64952","1","Ryuma","One Piece","2","Fri, 24 May 2024 13:43:01 GMT","1716558181259","19","","","","No","No","","","7","0","2","924336354811334676","924336354811334676","797920307284934697","13","F","S","S","S","A","F","D","",""
"vblzvv9","19487","1","Raji Shenazard","Snow White with the Red Hair","2","Fri, 24 May 2024 11:00:10 GMT","1716548410656","7","","","","No","No","","","1","0","2","924336354811334676","924336354811334676","797920307284934697","4","F","S","S","S","B","F","D","",""
"vbl1x01","64855","1","Hikari's Grandfather","Amanchu! Advance","1","Fri, 24 May 2024 10:27:21 GMT","1716546441102","1","","","","No","No","","","1","0","1","924336354811334676","924336354811334676","797920307284934697","0","F","S","S","S","A","F","D","",""
"vbln6k5","1915","6","Cedric Jeanne Elmir","I'm the Villainess, So I'm Taming the Final Boss","2","Fri, 24 May 2024 09:21:49 GMT","1716542509102","37","","","","No","No","","","1","0","2","924336354811334676","924336354811334676","797920307284934697","21","F","S","S","S","A","F","C","",""
"vblj6z9","55114","1","Mikujin","Doraemon: Nobita in Dorabian Nights","3","Fri, 24 May 2024 07:13:02 GMT","1716534782146","6","","","","No","No","","","0","0","3","924336354811334676","924336354811334676","797920307284934697","4","F","S","S","S","B","F","D","",""
"vblhl83","34812","2","Fritz Stanford","Black Lagoon","3","Thu, 23 May 2024 20:49:25 GMT","1716497365634","23","","","","No","No","","","1","0","3","1142935430342385724","924336354811334676","797920307284934697","11","F","S","S","F","F","F","D","",""
"vbl27zv","65178","1","Kazuo Saitoh","Bus Gamer","1","Thu, 23 May 2024 20:35:35 GMT","1716496535376","1","","","","No","No","","","1","0","1","924336354811334676","924336354811334676","797920307284934697","0","F","S","S","S","A","F","D","",""
"vblhzkz","18506","2","Kasumi Nakasu","Love Live! Nijigasaki High School Idol Club","1","Thu, 23 May 2024 19:58:52 GMT","1716494332172","17","","","","No","No","","","10","0","1","924336354811334676","924336354811334676","797920307284934697","8","F","S","S","S","B","F","D","",""
"vblq6fz","13427","2","Tailor Shop Proprietress","Spy x Family","4","Thu, 23 May 2024 19:20:13 GMT","1716492013155","105","","","","No","No","","","1","0","4","1142935430342385724","1142935430342385724","797920307284934697","55","F","S","F","F","A","F","C","",""
"vblhhj6","58495","1","Manami Nakazawa","Detective Conan: The Time Bombed Skyscraper","2","Thu, 23 May 2024 19:20:12 GMT","1716492012694","1","","","","No","No","","","2","0","2","688687114128588823","924336354811334676","797920307284934697","0","F","S","S","F","A","F","D","",""
"vblqrgg","73","6","Bob","Tekken 6","2","Thu, 23 May 2024 18:46:07 GMT","1716489967661","40","","","","No","No","","","3","0","2","924336354811334676","924336354811334676","797920307284934697","28","F","S","S","S","B","F","A","",""
"vblqp2l","64524","1","Polaris","Hozuki's Coolheadedness 2nd Season: Part II","2","Thu, 23 May 2024 18:10:45 GMT","1716487845142","3","","","","No","No","","","1","0","2","924336354811334676","924336354811334676","797920307284934697","1","F","S","S","S","D","F","D","",""
"vbfg1p7","19164","1","Arakarman","Genshin Impact","1","Thu, 23 May 2024 17:38:01 GMT","1716485881535","11","","","","No","No","genshin","","1","1","1","1142935430342385724","1142935430342385724","797920307284934697","5","F","S","F","F","A","D","C","",""
"vbl09x5","65038","1","Clari Net","Violinist of Hamelin","3","Thu, 23 May 2024 17:36:26 GMT","1716485786191","4","","","","No","No","","","0","0","3","924336354811334676","924336354811334676","797920307284934697","1","F","S","S","S","F","F","D","",""
"vblqkg2","64615","1","Mizuken","Hunter x Hunter","2","Thu, 23 May 2024 17:36:16 GMT","1716485776055","10","","","","No","No","","","1","0","2","1142935430342385724","1142935430342385724","797920307284934697","5","F","S","F","F","A","F","D","",""
"vblqzkg","64697","1","Niino","ACCA: 13-Territory Inspection Dept.","1","Thu, 23 May 2024 17:05:27 GMT","1716483927459","1","","","","No","No","","","3","0","1","1142935430342385724","924336354811334676","797920307284934697","0","F","S","S","F","F","F","D","",""
"vbl0kdq","64978","1","Ataru Takeda","Psycho-Pass SS: Case. 1 - Tsumi to Batsu","2","Thu, 23 May 2024 16:11:56 GMT","1716480716379","2","","","","No","No","","","0","0","2","924336354811334676","924336354811334676","797920307284934697","1","F","S","S","S","A","F","D","",""
"vblv7hw","65557","1","Yoshida","Harmonie","3","Thu, 23 May 2024 15:29:29 GMT","1716478169132","1","","","","No","No","","","0","0","3","1142935430342385724","924336354811334676","797920307284934697","0","F","S","S","F","F","F","D","",""
"vblv377","13058","2","Commander of the State of Lowhirot","The Rising of the Shield Hero 2nd Season","2","Thu, 23 May 2024 15:11:35 GMT","1716477095860","14","","","","No","No","","","0","0","2","924336354811334676","924336354811334676","797920307284934697","9","F","S","S","S","A","F","C","",""
"vbfxzkm","64752","1","Leif","Hellsing","1","Thu, 23 May 2024 06:37:39 GMT","1716446259462","3","","","","No","No","","","1","0","1","924336354811334676","924336354811334676","797920307284934697","1","F","S","S","S","A","F","D","",""
"vbfd4d7","22661","2","Izuna Hatsuse","No Game No Life","0","Thu, 23 May 2024 05:16:59 GMT","1716441419267","13","","","","No","No","","","36","0","0","924336354811334676","924336354811334676","797920307284934697","6","F","S","S","S","A","F","D","",""
"vbflwrh","64730","1","Banri Shiroishi","ARGONAVIS from BanG Dream!","1","Wed, 22 May 2024 20:36:47 GMT","1716410207471","2","","","","No","No","","","3","0","1","","924336354811334676","797920307284934697","1","F","S","S","F","F","F","D","",""
"vbffh8h","11657","4","Kutaro Deire","How Heavy Are the Dumbbells You Lift?","1","Wed, 22 May 2024 20:23:43 GMT","1716409423027","10","","","","No","No","","","1","0","1","924336354811334676","924336354811334676","797920307284934697","5","F","S","S","S","B","F","D","",""
"vbfffhc","38312","2","Greed","Fullmetal Alchemist","2","Wed, 22 May 2024 19:52:17 GMT","1716407537914","39","","","","No","No","","","40","1","2","1142935430342385724","1142935430342385724","797920307284934697","23","F","S","F","F","A","D","D","",""
"vbff2x0","36705","1","Mocha","Mieruko-chan","4","Wed, 22 May 2024 19:15:50 GMT","1716405350831","51","","","","No","No","","","1","0","4","","924336354811334676","797920307284934697","25","F","S","S","F","F","F","D","",""
"vbfg5jl","22213","3","Mari Kurihara","Prison School","1","Wed, 22 May 2024 18:11:15 GMT","1716401475470","17","","","","No","No","","","6","0","1","924336354811334676","924336354811334676","797920307284934697","8","F","S","S","S","S","F","D","",""
"vbfg7x4","49720","1","Dorothy","Shadows House","2","Wed, 22 May 2024 16:35:41 GMT","1716395741708","7","","","","No","No","","","1","0","2","924336354811334676","924336354811334676","797920307284934697","4","F","S","S","S","A","F","D","",""
"vbf38pt","1324","3","Sichuan Hotpot","Food Fantasy","2","Wed, 22 May 2024 16:00:15 GMT","1716393615815","38","","","","No","No","","","1","0","2","924336354811334676","924336354811334676","797920307284934697","26","F","S","S","S","B","F","A","",""
"vbf45nr","35118","1","Verr Goldet","Genshin Impact","2","Wed, 22 May 2024 14:01:20 GMT","1716386480498","20","","","","No","No","","","1","0","2","688687114128588823","688687114128588823","797920307284934697","10","F","S","F","F","A","F","D","",""
"vbfp6dn","60377","1","Akane","Divine Gate","4","Wed, 22 May 2024 14:00:37 GMT","1716386437812","30","","","","No","No","","","1","0","4","924336354811334676","924336354811334676","797920307284934697","18","F","S","S","S","A","F","D","",""
"vbf457d","10642","4","Tanith","Fire Emblem: Path of Radiance","3","Wed, 22 May 2024 12:42:39 GMT","1716381759232","56","","","","No","No","","","1","0","3","","924336354811334676","797920307284934697","30","F","S","S","F","B","F","D","",""
"vbfp2k6","22540","2","Rabo","Noragami","1","Wed, 22 May 2024 11:46:59 GMT","1716378419469","13","","","","No","No","","","1","0","1","924336354811334676","924336354811334676","797920307284934697","5","F","S","S","S","B","F","D","",""
"vbfpvg8","17110","2","Nezha","Granblue Fantasy","2","Wed, 22 May 2024 10:49:05 GMT","1716374945492","21","","","","No","No","","","1","0","2","924336354811334676","924336354811334676","797920307284934697","13","F","S","S","S","B","F","D","",""
"vbfjts7","64973","1","John Jordan","Vatican Miracle Examiner","3","Wed, 22 May 2024 05:15:35 GMT","1716354935424","2","","","","No","No","","","1","0","3","924336354811334676","924336354811334676","797920307284934697","1","F","S","S","S","D","F","D","",""
"vbfjdp8","63859","1","Yuuki Koreeda","number24","0","Wed, 22 May 2024 04:01:48 GMT","1716350508282","1","","","","No","No","","","1","0","0","924336354811334676","924336354811334676","797920307284934697","0","F","S","S","S","A","F","D","",""
"vbfhdrf","64845","1","Goro Amaji","Akikan!","1","Tue, 21 May 2024 19:26:34 GMT","1716319594435","1","","","","No","No","","","1","0","1","924336354811334676","924336354811334676","797920307284934697","0","F","S","S","S","A","F","D","",""
"vbfq7f9","64738","1","Himeko Kensennuma","Majokko Tsukune-chan","2","Tue, 21 May 2024 18:55:58 GMT","1716317758077","1","","","","No","No","","","0","0","2","924336354811334676","924336354811334676","797920307284934697","0","F","S","S","S","B","F","D","",""
"vbfqm98","13762","2","Crocodile","One Piece","4","Tue, 21 May 2024 18:08:03 GMT","1716314883075","220","","","","No","No","","","77","0","4","924336354811334676","924336354811334676","797920307284934697","123","F","S","S","S","A","F","D","",""
"vbf0ptx","5055","4","Hasuta","Haiyore! Nyaruko-san","2","Tue, 21 May 2024 16:42:21 GMT","1716309741233","28","","","","No","No","","","1","0","2","688687114128588823","924336354811334676","797920307284934697","14","F","S","S","F","F","F","D","",""
"vbf0ntr","2167","4","Serval","Honkai: Star Rail","2","Tue, 21 May 2024 16:12:09 GMT","1716307929235","79","","","","No","No","","","109","0","2","924336354811334676","924336354811334676","797920307284934697","49","F","S","S","S","A","F","C","",""
"vb9xqc4","8315","4","Gen Fu","Dead or Alive","3","Tue, 21 May 2024 06:50:25 GMT","1716274225996","38","","","","No","No","","","1","0","3","924336354811334676","924336354811334676","797920307284934697","23","F","S","S","S","B","F","D","",""
"vb9s8sp","14992","3","Specter Tenebria","Epic Seven","2","Tue, 21 May 2024 06:18:43 GMT","1716272323258","46","","","","No","No","","","13","0","2","924336354811334676","924336354811334676","797920307284934697","26","F","S","S","S","A","F","D","",""
"vb9dw1c","19238","1","Aramani","Genshin Impact","4","Tue, 21 May 2024 05:03:02 GMT","1716267782155","92","","","","No","No","genshin","","1","0","4","924336354811334676","924336354811334676","797920307284934697","54","F","S","S","S","A","F","C","",""
"vb9dgbq","38556","2","Juzo's Partner","No Guns Life","0","Tue, 21 May 2024 04:31:17 GMT","1716265877179","3","","","","No","No","","","1","0","0","924336354811334676","924336354811334676","797920307284934697","1","F","S","S","S","A","F","D","",""
"vb9flfb","64800","1","Eclipse Ophiuchus","Fairy Tail 2","2","Mon, 20 May 2024 20:24:29 GMT","1716236669761","10","","","","No","No","","","1","0","2","924336354811334676","924336354811334676","797920307284934697","5","F","S","S","S","A","F","D","",""
"vb9f04b","22209","2","Mountain Gorilla","Doraemon: Nobita and the Haunts of Evil","2","Mon, 20 May 2024 19:45:52 GMT","1716234352989","17","","","","No","No","","","1","0","2","924336354811334676","924336354811334676","797920307284934697","8","F","S","S","S","A","F","D","",""
"vb9fvr4","16598","2","Hide's Friend","Kotaro Lives Alone","2","Mon, 20 May 2024 19:24:37 GMT","1716233077106","14","","","","No","No","","","0","0","2","","924336354811334676","797920307284934697","9","F","S","S","F","B","F","C","",""
"vb9g4wd","64922","1","Yohei Maeda","Captain Tsubasa","2","Mon, 20 May 2024 18:36:04 GMT","1716230164470","1","","","","No","No","","","1","0","2","924336354811334676","924336354811334676","797920307284934697","0","F","S","S","S","B","F","D","",""
"vb9g5sf","1627","6","Marian","Nikke: Goddess of Victory","0","Mon, 20 May 2024 18:05:02 GMT","1716228302974","17","","","","No","No","","","36","0","0","924336354811334676","924336354811334676","797920307284934697","9","F","S","S","S","S","F","B","",""
"vb9gh89","64826","1","Raita Kamo","All Out!!","2","Mon, 20 May 2024 17:32:02 GMT","1716226322059","2","","","","No","No","","","1","0","2","924336354811334676","924336354811334676","797920307284934697","1","F","S","S","S","B","F","D","",""
"vb9gtll","6851","1","Shinji Ibuki","Extreme Hearts","1","Mon, 20 May 2024 16:46:36 GMT","1716223596866","2","","","","No","No","","","0","0","1","1142935430342385724","924336354811334676","797920307284934697","1","F","S","S","F","F","F","C","",""
"vb9g13h","64731","1","Samomelon","Yeastken","3","Mon, 20 May 2024 16:31:43 GMT","1716222703705","23","","","","No","No","","","2","0","3","","924336354811334676","797920307284934697","11","F","S","S","F","D","F","D","",""
"vb9gwk7","9339","4","Shadow the Hedgehog","Sonic X","3","Mon, 20 May 2024 15:50:14 GMT","1716220214160","154","","","","No","No","","","369","0","3","924336354811334676","924336354811334676","797920307284934697","89","F","S","S","S","A","F","D","",""
"vb9p12s","38141","2","Akira Yatagarasu","The Day I Became a God","4","Mon, 20 May 2024 15:06:43 GMT","1716217603900","59","","","","No","No","","","1","0","4","688687114128588823","924336354811334676","797920307284934697","31","F","S","S","F","B","F","D","",""
"vb9r8vj","64986","1","Kaori","Ushio and Tora TV (2016)","3","Mon, 20 May 2024 14:31:16 GMT","1716215476823","3","","","","No","No","","","0","0","3","924336354811334676","924336354811334676","797920307284934697","1","F","S","S","S","A","F","D","",""
"vb9rl49","65008","1","Cedre","Toriko TV","1","Mon, 20 May 2024 13:50:56 GMT","1716213056215","1","","","","No","No","","","0","0","1","","924336354811334676","797920307284934697","0","F","S","S","F","F","F","D","",""
"vb9pr7g","21944","2","Cloud Tea","Food Fantasy","4","Mon, 20 May 2024 13:30:29 GMT","1716211829762","130","","","","No","No","","","7","0","4","924336354811334676","924336354811334676","797920307284934697","71","F","S","S","S","A","F","D","",""
"vb9409c","64616","1","Ginshi Shirazu","Tokyo Ghoul:re","3","Mon, 20 May 2024 12:50:19 GMT","1716209419818","24","","","","No","No","","","3","0","3","","924336354811334676","797920307284934697","11","F","S","S","F","F","F","D","",""
"vb94960","38849","2","Manami Okuda","Assassination Classroom","2","Mon, 20 May 2024 12:24:05 GMT","1716207845904","31","","","","No","No","","","3","0","2","924336354811334676","924336354811334676","797920307284934697","19","F","S","S","S","A","F","D","",""
"vb94cgr","65040","1","Mystletainn","Is this a Zombie? Of the Dead","1","Mon, 20 May 2024 11:47:15 GMT","1716205635664","2","","","","No","No","","","1","0","1","924336354811334676","924336354811334676","797920307284934697","1","F","S","S","S","B","F","D","",""
"vb9zthd","64639","1","Juliana","Chain Chronicle: The Light of Haecceitas","3","Mon, 20 May 2024 11:29:46 GMT","1716204586963","13","","","","No","No","","","1","0","3","","924336354811334676","797920307284934697","5","F","S","S","F","F","F","D","",""
"vb94sjk","3988","3","Henry Henderson","Spy x Family","3","Mon, 20 May 2024 11:18:06 GMT","1716203886495","96","","","","No","No","","","7","0","3","1142935430342385724","1142935430342385724","797920307284934697","46","F","S","F","F","B","F","D","",""
"vb9z6zz","64272","1","Ryouma Sakamoto","Ryo","0","Mon, 20 May 2024 11:12:20 GMT","1716203540100","1","","","","No","No","","","0","0","0","924336354811334676","924336354811334676","797920307284934697","0","F","S","S","S","A","F","D","",""
"vb94sjw","62619","1","Momoka Momozono","Dokyuu Hentai HxEros","2","Mon, 20 May 2024 10:33:03 GMT","1716201183226","10","","","","No","No","","","1","0","2","924336354811334676","924336354811334676","797920307284934697","5","F","S","S","S","F","F","D","",""
"vb9nss9","64767","1","Mr. Bear","Sailor Moon","1","Mon, 20 May 2024 09:21:32 GMT","1716196892818","4","","","","No","No","","","1","0","1","924336354811334676","924336354811334676","797920307284934697","1","F","S","S","S","B","F","D","",""
"vb914qz","65147","1","Atsushi Kimishita","Days","2","Mon, 20 May 2024 08:38:16 GMT","1716194296443","1","","","","No","No","","","1","0","2","924336354811334676","924336354811334676","797920307284934697","0","F","S","S","S","A","F","D","",""
"vb9zzs8","65038","1","Suzune Kagami","Ultimate Otaku Teacher","2","Mon, 20 May 2024 08:13:22 GMT","1716192802727","4","","","","No","No","","","1","0","2","1142935430342385724","924336354811334676","797920307284934697","1","F","S","S","F","B","F","D","",""
"vb911gq","26936","1","Jinno","Gakuen Alice","1","Mon, 20 May 2024 06:40:39 GMT","1716187239200","1","","","","No","No","","","0","0","1","924336354811334676","924336354811334676","797920307284934697","0","F","S","S","S","A","F","D","",""
"vb92m97","64788","1","Misaki Takahashi","Junjou Romantica","2","Sun, 19 May 2024 21:54:14 GMT","1716155654605","7","","","","No","No","","","4","0","2","1142935430342385724","924336354811334676","797920307284934697","4","F","S","S","F","F","F","D","",""
"vb92l8r","33741","1","Ruin Hunter","Genshin Impact","1","Sun, 19 May 2024 21:25:09 GMT","1716153909548","10","","","","No","No","","","1","0","1","737980149995274240","737980149995274240","797920307284934697","5","F","S","F","F","B","F","D","",""
"vb9h2fb","64576","1","Kenkichi's Mother","Golden Kamuy 2nd Season","1","Sun, 19 May 2024 20:16:49 GMT","1716149809577","1","","","","No","No","","","0","0","1","924336354811334676","924336354811334676","797920307284934697","0","F","S","S","S","A","F","D","",""
"vb9hhrj","5107","5","Pengy","Granblue Fantasy","2","Sun, 19 May 2024 18:42:05 GMT","1716144125557","38","","","","No","No","","","3","0","2","924336354811334676","924336354811334676","797920307284934697","24","F","S","S","S","A","F","C","",""
"vb9075p","79","6","Belphegor","Obey Me!","0","Sun, 19 May 2024 18:11:52 GMT","1716142312145","17","","","","No","No","","","114","0","0","924336354811334676","924336354811334676","797920307284934697","9","F","S","S","S","D","F","A","",""
"vb9026v","37945","2","Huangshan Maofeng Tea","Food Fantasy","1","Sun, 19 May 2024 16:25:55 GMT","1716135955458","14","","","","No","No","","","1","0","1","1142935430342385724","924336354811334676","797920307284934697","6","F","S","S","F","F","F","D","",""
"vb9vhxv","65179","1","Tadaomi Shirotani","6 Lovers","1","Sun, 19 May 2024 15:36:41 GMT","1716133001147","4","","","","No","No","","","2","0","1","","924336354811334676","797920307284934697","1","F","S","S","F","D","F","D","",""
"vb9v3kw","609","3","Griffith","Pluto","2","Sun, 19 May 2024 15:24:05 GMT","1716132245393","15","","","","No","No","","","0","0","2","924336354811334676","924336354811334676","797920307284934697","10","F","S","S","S","B","F","A","",""
"vb9mp8j","31","3","Leroy Smith","Tekken 7","2","Sun, 19 May 2024 14:20:42 GMT","1716128442201","41","","","","No","No","","","2","0","2","924336354811334676","924336354811334676","797920307284934697","29","F","S","S","S","A","F","A","",""
"vb9mrv4","64877","1","Gomera","Jumbo Monster Gomera","2","Sun, 19 May 2024 13:30:11 GMT","1716125411128","4","","","","No","No","","","1","0","2","924336354811334676","924336354811334676","797920307284934697","1","F","S","S","S","A","F","D","",""
"vbgckgk","65414","1","Vivillon","Pokémon XY","2","Sun, 19 May 2024 12:47:52 GMT","1716122872362","11","","","","No","No","","","1","0","2","","924336354811334676","797920307284934697","5","F","S","S","F","F","F","D","",""
"vbg6wpm","15341","3","Rika","Mystic Messenger","2","Sun, 19 May 2024 10:57:55 GMT","1716116275690","43","","","","No","No","","","12","0","2","924336354811334676","924336354811334676","797920307284934697","25","F","S","S","S","B","F","D","",""
"vbg6b0q","16430","3","Henrietta Penrose","86 EIGHTY-SIX","2","Sun, 19 May 2024 10:18:21 GMT","1716113901918","35","","","","No","No","","","6","0","2","","924336354811334676","797920307284934697","18","F","S","S","F","F","F","D","",""
"vbgxp9n","64936","1","Yamato","Naruto Shippuden","1","Sun, 19 May 2024 09:47:29 GMT","1716112049006","15","","","","No","No","","","12","0","1","924336354811334676","924336354811334676","797920307284934697","8","F","S","S","S","B","F","D","",""
"vbgxzw5","46856","1","Tsuruzaemon","Rurouni Kenshin","1","Sun, 19 May 2024 07:45:00 GMT","1716104700874","1","","","","No","No","","","1","0","1","924336354811334676","924336354811334676","797920307284934697","0","F","S","S","S","A","F","D","",""
"vbgs814","64709","1","Purrloin","Pokémon: Black & White: Adventures in Unova and Beyond","2","Sun, 19 May 2024 07:11:31 GMT","1716102691716","12","","","","No","No","","","1","0","2","924336354811334676","924336354811334676","797920307284934697","5","F","S","S","S","B","F","D","",""
"vbg82xj","63927","1","Cure Sunshine","Heartcatch Precure!","3","Sat, 18 May 2024 22:44:08 GMT","1716072248779","8","","","","No","No","","","1","0","3","924336354811334676","924336354811334676","797920307284934697","4","F","S","S","S","B","F","D","",""
"vbglmj2","65040","1","Ibiki Morino","Naruto","1","Sat, 18 May 2024 21:16:33 GMT","1716066993347","8","","","","No","No","","","1","0","1","1142935430342385724","924336354811334676","797920307284934697","4","F","S","S","F","C","F","D","",""
"vbg9gn5","4576","1","Gyokko","Demon Slayer: Kimetsu no Yaiba: Swordsmith Village Arc","2","Sat, 18 May 2024 20:45:35 GMT","1716065135576","46","","","","No","No","","","19","0","2","","924336354811334676","797920307284934697","26","F","S","S","F","A","F","C","",""
"vbg9lnk","23292","3","Akira Mita","Fugou Keiji: Balance:Unlimited","3","Sat, 18 May 2024 20:22:35 GMT","1716063755759","28","","","","No","No","","","0","0","3","","924336354811334676","797920307284934697","15","F","S","S","F","A","F","D","",""
"vbg9074","1097","2","Saskatoon Berry Pie","Food Fantasy","2","Sat, 18 May 2024 20:06:32 GMT","1716062792260","31","","","","No","No","","","2","0","2","924336354811334676","924336354811334676","797920307284934697","21","F","S","S","S","A","F","A","",""
"vbgfngt","64557","1","Kanzaki Urashima","Parasyte -the maxim-","1","Sat, 18 May 2024 19:56:08 GMT","1716062168243","1","","","","No","No","parasyte","","1","0","1","1142935430342385724","1142935430342385724","797920307284934697","0","F","S","F","F","F","F","D","",""
"vbgglk2","65026","1","Mikoto Shinozaki","Over Drive","2","Sat, 18 May 2024 19:15:59 GMT","1716059759407","2","","","","No","No","","","1","0","2","688687114128588823","924336354811334676","797920307284934697","1","F","S","S","F","A","F","D","",""
"vbg9fl0","12206","4","Geordo Stuart","My Next Life as a Villainess: All Routes Lead to Doom!","1","Sat, 18 May 2024 18:59:19 GMT","1716058759529","14","","","","No","No","","","6","0","1","","924336354811334676","797920307284934697","6","F","S","S","F","F","F","D","",""
"vbgg8pl","2224","1","AMA","Dear Vocalist","2","Sat, 18 May 2024 18:45:36 GMT","1716057936105","13","","","","No","No","","","1","0","2","737980149995274240","924336354811334676","797920307284934697","6","F","S","S","F","B","F","A","",""
"vbg906j","64711","1","Mushikui","Natsume's Book of Friends Season 4","2","Sat, 18 May 2024 18:11:03 GMT","1716055863716","3","","","","No","No","","","1","0","2","924336354811334676","924336354811334676","797920307284934697","1","F","S","S","S","A","F","D","",""
"vbg3thz","9073","4","Sasha Braus","Attack on Titan","0","Sat, 18 May 2024 17:32:30 GMT","1716053550541","20","","","","No","No","","","253","0","0","688687114128588823","924336354811334676","797920307284934697","11","F","S","S","F","B","F","D","",""
"vbgrj9z","4521","5","Toya Kanzaki","Black Summoner","4","Sat, 18 May 2024 16:26:37 GMT","1716049597276","105","","","","No","No","","","0","0","4","924336354811334676","924336354811334676","797920307284934697","63","F","S","S","S","A","F","C","",""
"vbgrnjp","64736","1","Truth","Eureka Seven AO","2","Sat, 18 May 2024 15:29:16 GMT","1716046156591","5","","","","No","No","","","1","0","2","924336354811334676","924336354811334676","797920307284934697","1","F","S","S","S","C","F","D","",""
"vbgr34f","64987","1","Chibakama","Ushio and Tora TV","2","Sat, 18 May 2024 15:02:32 GMT","1716044552780","2","","","","No","No","","","0","0","2","","737980149995274240","797920307284934697","1","F","S","F","F","F","F","D","",""
"vbg3mlz","12928","4","Karasuba","Psychedelica of the Black Butterfly","1","Sat, 18 May 2024 14:53:00 GMT","1716043980236","13","","","","No","No","","","1","0","1","1142935430342385724","924336354811334676","797920307284934697","5","F","S","S","F","F","F","D","",""
"vbgpk56","64603","1","Chihiro Senkawa","The iDOLM@STER: Cinderella Girls","2","Sat, 18 May 2024 14:39:34 GMT","1716043174600","6","","","","No","No","","","1","0","2","924336354811334676","924336354811334676","797920307284934697","4","F","S","S","S","A","F","D","",""
"vbgrhpr","17804","1","Matsukaze High School Goalie","Blue Lock","3","Sat, 18 May 2024 14:08:14 GMT","1716041294525","26","","","","No","No","","","1","0","3","924336354811334676","924336354811334676","797920307284934697","16","F","S","S","S","A","F","C","",""
"vbg40kj","16669","3","Thoth Caduceus","Kamigami no Asobi","2","Sat, 18 May 2024 13:37:02 GMT","1716039422345","21","","","","No","No","","","4","0","2","924336354811334676","924336354811334676","797920307284934697","14","F","S","S","S","B","F","D","",""
"vbgzr9b","16544","1","Yuuri Makita","Blue Spring Ride","2","Sat, 18 May 2024 12:17:55 GMT","1716034675973","9","","","","No","No","","","2","0","2","1142935430342385724","924336354811334676","797920307284934697","4","F","S","S","F","B","F","D","",""
"vbg4zmw","64637","1","FBI Director","Death Note","1","Sat, 18 May 2024 11:18:23 GMT","1716031103443","3","","","","No","No","death","","1","0","1","924336354811334676","924336354811334676","797920307284934697","1","F","S","S","S","B","F","D","",""
"vbgz3l7","22645","3","Ban Jumonji","I-CHU: Halfway Through the Idol","2","Sat, 18 May 2024 10:08:13 GMT","1716026893553","21","","","","No","No","","","1","0","2","688687114128588823","924336354811334676","797920307284934697","11","F","S","S","F","A","F","D","",""
"vbgzvs6","64818","1","Maya Yamada","Infinite Stratos Encore: A Sextet Yearns to Be in Love","1","Sat, 18 May 2024 09:58:01 GMT","1716026281578","3","","","","No","No","","","1","0","1","","924336354811334676","797920307284934697","1","F","S","S","F","F","F","D","",""
"vbg1nxx","64930","1","Dale Reki","If It's for My Daughter, I'd Even Defeat a Demon Lord","3","Sat, 18 May 2024 09:36:19 GMT","1716024979689","14","","","","No","No","","","2","0","3","924336354811334676","924336354811334676","797920307284934697","8","F","S","S","S","S","F","D","",""
"vbgn63b","27215","1","Momo","Shokei Shoujo no Virgin Road","3","Sat, 18 May 2024 08:29:17 GMT","1716020957163","25","","","","No","No","","","2","0","3","924336354811334676","924336354811334676","797920307284934697","15","F","S","S","S","B","F","D","",""
"vbg1zqx","65296","1","Ikaruga","Fairy Tail","3","Sat, 18 May 2024 08:15:23 GMT","1716020123133","26","","","","No","No","","","1","0","3","1142935430342385724","924336354811334676","797920307284934697","13","F","S","S","F","D","F","D","",""
"vbgnh92","65072","1","Ham Egg","Metropolis","4","Sat, 18 May 2024 06:39:01 GMT","1716014341151","5","","","","No","No","","","1","0","4","924336354811334676","924336354811334676","797920307284934697","1","F","S","S","S","A","F","D","",""
"vbg24wr","64547","1","Gustav","Attack on Titan","4","Fri, 17 May 2024 20:04:06 GMT","1715976246156","52","","","","No","No","","","1","0","4","","924336354811334676","797920307284934697","25","F","S","S","F","F","F","D","",""
"vbg2756","1081","2","Lim","Technoroid Unison Heart","2","Fri, 17 May 2024 19:52:47 GMT","1715975567716","44","","","","No","No","","","6","0","2","924336354811334676","924336354811334676","797920307284934697","25","F","S","S","S","B","F","C","",""
"vbghw02","19221","2","Kaname Tousen","Bleach","2","Fri, 17 May 2024 19:13:09 GMT","1715973189139","38","","","","No","No","","","14","0","2","","924336354811334676","797920307284934697","19","F","S","S","F","F","F","D","",""
"vhp6qss","13974","3","Mello","Death Note","3","Fri, 17 May 2024 19:12:55 GMT","1715973175888","129","","","","No","No","death","","76","0","3","737980149995274240","737980149995274240","797920307284934697","61","F","S","F","F","B","F","D","",""
"vbg2ksz","22749","2","Jin Mazama","Murenase! Seton Gakuen","2","Fri, 17 May 2024 19:07:32 GMT","1715972852317","15","","","","No","No","","","1","0","2","","737980149995274240","797920307284934697","6","F","S","F","F","F","F","D","",""
"vb1mhlw","64487","1","Anchorwoman","Hunter x Hunter (2011)","2","Fri, 17 May 2024 19:02:11 GMT","1715972531702","11","","","","No","No","","","1","0","2","","1142935430342385724","797920307284934697","5","F","S","F","F","F","F","D","",""
"vbghhwk","21864","3","Yousuke Hirata","Classroom of the Elite","3","Fri, 17 May 2024 18:30:53 GMT","1715970653376","59","","","","No","No","","","1","0","3","688687114128588823","924336354811334676","797920307284934697","31","F","S","S","F","B","F","D","",""
"vbgqjbr","16948","2","Kisa Sohma","Fruits Basket","1","Fri, 17 May 2024 17:44:18 GMT","1715967858664","21","","","","No","No","","","17","0","1","924336354811334676","924336354811334676","797920307284934697","13","F","S","S","S","A","F","D","",""
"vbg03w9","64982","1","Yuuki Aito","Mangaka-san to Assistant-san to","3","Fri, 17 May 2024 17:14:50 GMT","1715966090998","10","","","","No","No","","","1","0","3","1142935430342385724","924336354811334676","797920307284934697","5","F","S","S","F","C","F","D","",""
"vbgqnz2","9165","3","Osamu","Ore, Tsushima","2","Fri, 17 May 2024 16:24:46 GMT","1715963086938","32","","","","No","No","","","2","0","2","688687114128588823","924336354811334676","797920307284934697","19","F","S","S","F","S","F","C","",""
"vbgvzzr","12180","4","Jay Kidman","HELIOS Rising Heroes","3","Fri, 17 May 2024 15:03:25 GMT","1715958205908","50","","","","No","No","","","3","0","3","924336354811334676","924336354811334676","797920307284934697","30","F","S","S","S","S","F","D","",""
"vb3spnj","64828","1","Ningame","Naruto","2","Fri, 17 May 2024 05:54:44 GMT","1715925284112","10","","","","No","No","","","1","0","2","924336354811334676","924336354811334676","797920307284934697","5","F","S","S","S","B","F","D","",""
"vb3slnx","64413","1","Satsuki","Tsubasa Reservoir Chronicle: Tokyo Revelations","2","Fri, 17 May 2024 04:52:42 GMT","1715921562064","5","","","","No","No","","","1","0","2","924336354811334676","924336354811334676","797920307284934697","1","F","S","S","S","D","F","D","",""
"vb3l808","58580","1","Allan Toin Lidocaine","Suppose a Kid from the Last Dungeon Boonies Moved to a Starter Town?","2","Thu, 16 May 2024 20:52:03 GMT","1715892723235","3","","","","No","No","","","1","0","2","924336354811334676","924336354811334676","797920307284934697","1","F","S","S","S","A","F","D","",""
"vb3lwp7","262","6","Merlin Prismriver","Touhou Project","3","Thu, 16 May 2024 20:24:41 GMT","1715891081828","116","","","","No","No","","","3","0","3","","924336354811334676","797920307284934697","70","F","S","S","F","D","F","A","",""
"vb3lbh9","64339","1","Riku Itsuse","Stars Align","2","Thu, 16 May 2024 20:14:16 GMT","1715890456313","2","","","","No","No","","","1","0","2","924336354811334676","924336354811334676","797920307284934697","1","F","S","S","S","A","F","D","",""
"vb398bx","57600","1","Kuon Ichinose","Persona 5 Strikers","0","Thu, 16 May 2024 19:41:36 GMT","1715888496147","3","","","","No","No","","","1","0","0","924336354811334676","924336354811334676","797920307284934697","1","F","S","S","S","B","F","D","",""
"vb3fmfg","64535","1","Kaikyuu Hiyama","Haruchika – Haruta & Chika","3","Thu, 16 May 2024 19:09:37 GMT","1715886577466","6","","","","No","No","","","1","0","3","924336354811334676","924336354811334676","797920307284934697","4","F","S","S","S","A","F","D","",""
"vb3932z","38590","2","Renji","Grimgar of Fantasy and Ash","2","Thu, 16 May 2024 17:55:00 GMT","1715882100422","18","","","","No","No","","","1","0","2","","924336354811334676","797920307284934697","11","F","S","S","F","B","F","D","",""
"vb3grn5","18597","2","Poland","Hetalia: Axis Powers","3","Thu, 16 May 2024 17:39:19 GMT","1715881159427","53","","","","No","No","","","21","0","3","924336354811334676","924336354811334676","797920307284934697","29","F","S","S","S","S","F","D","",""
"vb33nfq","64664","1","Atoli",".hack//G.U. Trilogy","3","Thu, 16 May 2024 16:12:48 GMT","1715875968386","7","","","","No","No","","","1","0","3","1142935430342385724","924336354811334676","797920307284934697","4","F","S","S","F","F","F","D","",""
"vb3r9pm","64984","1","Lin Lin","One-Punch Man 2","4","Thu, 16 May 2024 15:09:10 GMT","1715872150507","69","","","","No","No","","","1","0","4","924336354811334676","924336354811334676","797920307284934697","39","F","S","S","S","A","F","D","",""
"vb3136p","22691","2","Ranga","That Time I Got Reincarnated as a Slime","2","Thu, 16 May 2024 06:03:41 GMT","1715839421068","51","","","","No","No","","","40","0","2","924336354811334676","924336354811334676","797920307284934697","29","F","S","S","S","A","F","D","",""
"vb3nt63","23557","2","Ruby Jones","Magic Kaito 1412","3","Thu, 16 May 2024 05:15:49 GMT","1715836549721","24","","","","No","No","","","1","0","3","924336354811334676","924336354811334676","797920307284934697","14","F","S","S","S","B","F","D","",""
"vb3hxqf","9435","4","Keyaruga","Redo of Healer","2","Wed, 15 May 2024 20:05:15 GMT","1715803515007","60","","","","No","No","","","71","0","2","","924336354811334676","797920307284934697","29","F","S","S","F","F","F","D","",""
"vb3qbbq","52710","1","BKA Chief","Monster","2","Wed, 15 May 2024 20:00:39 GMT","1715803239382","1","","","","No","No","monster","","1","0","2","1142935430342385724","1142935430342385724","797920307284934697","0","F","S","F","F","B","F","D","",""
"vb3hsg9","64950","1","Seiichirou Sano","The Law of Ueki","1","Wed, 15 May 2024 19:55:13 GMT","1715802913115","1","","","","No","No","","","1","0","1","1142935430342385724","924336354811334676","797920307284934697","0","F","S","S","F","F","F","D","",""
"vb32nqf","38758","2","Manami Okuda","Assassination Classroom","2","Wed, 15 May 2024 19:26:10 GMT","1715801170005","31","","","","No","No","","","3","0","2","924336354811334676","924336354811334676","797920307284934697","19","F","S","S","S","A","F","D","",""
"vb32wgc","65023","1","Princess Dia","Sailor Moon","4","Wed, 15 May 2024 18:54:26 GMT","1715799266728","31","","","","No","No","","","0","0","4","924336354811334676","924336354811334676","797920307284934697","19","F","S","S","S","S","F","D","",""
"vb3h7g3","64733","1","Jin Shirato","Persona 3 the Movie 2: Midsummer Knight's Dream","1","Wed, 15 May 2024 18:23:16 GMT","1715797396968","4","","","","No","No","","","1","0","1","924336354811334676","924336354811334676","797920307284934697","1","F","S","S","S","B","F","D","",""
"vb3qx0w","64455","1","Emo's Father","Kiratto Pri-chan","4","Wed, 15 May 2024 17:39:20 GMT","1715794760207","4","","","","No","No","","","1","0","4","924336354811334676","924336354811334676","797920307284934697","1","F","S","S","S","B","F","D","",""
"vb3qsrq","64792","1","Nomura","Level E","1","Wed, 15 May 2024 17:04:27 GMT","1715792667541","1","","","","No","No","","","0","0","1","924336354811334676","924336354811334676","797920307284934697","0","F","S","S","S","A","F","D","",""
"vb30p1p","64781","1","Giant Cat with Chicken Legs","Hozuki's Coolheadedness OVA","2","Wed, 15 May 2024 16:17:06 GMT","1715789826882","9","","","","No","No","","","16","0","2","","924336354811334676","797920307284934697","4","F","S","S","F","F","F","D","",""
"vb30b3r","64124","1","Timmy Toldrum","Ni no Kuni: Wrath of the White Witch","1","Wed, 15 May 2024 16:04:25 GMT","1715789065283","3","","","","No","No","","","1","0","1","924336354811334676","924336354811334676","797920307284934697","1","F","S","S","S","D","F","D","",""
"vb3vssw","11999","4","Ultear Milkovich","Fairy Tail","3","Wed, 15 May 2024 15:18:25 GMT","1715786305731","88","","","","No","No","","","7","0","3","924336354811334676","924336354811334676","797920307284934697","50","F","S","S","S","A","F","D","",""
"vb3vx9t","21764","3","Type 95 Ha-Go","Girls und Panzer der Film","2","Wed, 15 May 2024 14:36:42 GMT","1715783802062","21","","","","No","No","","","1","0","2","924336354811334676","924336354811334676","797920307284934697","13","F","S","S","S","B","F","D","",""
"vb3m63t","1608","5","Wilhelm","The Alchemist Code","3","Wed, 15 May 2024 12:47:05 GMT","1715777225057","66","","","","No","No","","","1","1","3","924336354811334676","924336354811334676","797920307284934697","45","F","S","S","S","A","D","B","",""
"vb3mrps","1627","4","Uta","One Piece Film: Red","3","Wed, 15 May 2024 11:59:18 GMT","1715774358359","169","","","","No","No","","","413","0","3","1142935430342385724","1142935430342385724","797920307284934697","94","F","S","F","F","A","F","C","",""
"vbr68wm","64957","1","Iori Matsuo","Blood-C: The Last Dark","2","Wed, 15 May 2024 11:13:04 GMT","1715771584799","1","","","","No","No","","","0","0","2","924336354811334676","924336354811334676","797920307284934697","0","F","S","S","S","F","F","D","",""
"vbr6391","65164","1","Pot of Thunder","Soul Eater","2","Wed, 15 May 2024 10:30:39 GMT","1715769039504","8","","","","No","No","","","1","0","2","","924336354811334676","797920307284934697","4","F","S","S","F","C","F","D","",""
"vbrcznw","64482","1","Mia","Black Fox","2","Wed, 15 May 2024 10:17:44 GMT","1715768264405","7","","","","No","No","","","1","0","2","924336354811334676","924336354811334676","797920307284934697","4","F","S","S","S","A","F","D","",""
"vbr627n","64449","1","Sludge Villain","My Hero Academia","1","Wed, 15 May 2024 05:20:54 GMT","1715750454189","6","","","","No","No","","","2","0","1","924336354811334676","924336354811334676","797920307284934697","4","F","S","S","S","C","F","D","",""
"vbrlcjl","64836","1","Yachiyo's Dog C","Inugami-san to Nekoyama-san","1","Tue, 14 May 2024 20:53:41 GMT","1715720021667","2","","","","No","No","","","1","0","1","924336354811334676","924336354811334676","797920307284934697","1","F","S","S","S","F","F","D","",""
"vbrl4h3","64641","1","Keith Black","Project ARMS","3","Tue, 14 May 2024 20:12:46 GMT","1715717566386","3","","","","No","No","","","1","0","3","924336354811334676","924336354811334676","797920307284934697","1","F","S","S","S","C","F","D","",""
"vbr9z3j","64793","1","Frey","That Time I Got Reincarnated as a Slime","2","Tue, 14 May 2024 19:25:54 GMT","1715714754709","23","","","","No","No","","","4","0","2","688687114128588823","924336354811334676","797920307284934697","11","F","S","S","F","C","F","D","",""
"vbr98tc","10661","2","Shooting Stall Worker","Shikimori's Not Just a Cutie","1","Tue, 14 May 2024 18:50:17 GMT","1715712617858","10","","","","No","No","","","1","0","1","","924336354811334676","797920307284934697","6","F","S","S","F","F","F","C","",""
"vbrg6jj","64742","1","Hiiyo Ikusaba","Nanana's Buried Treasure","2","Tue, 14 May 2024 18:29:16 GMT","1715711356922","3","","","","No","No","","","0","0","2","737980149995274240","924336354811334676","797920307284934697","1","F","S","S","F","D","F","D","",""
"vbrfpls","23085","3","Smokey Brown","JoJo's Bizarre Adventure","3","Tue, 14 May 2024 18:16:39 GMT","1715710599173","75","","","","No","No","","","4","0","3","924336354811334676","924336354811334676","797920307284934697","44","F","S","S","S","S","F","D","",""
"vbr9f7f","5173","5","Kojuurou Shuri","Masamune-kun's Revenge","1","Tue, 14 May 2024 17:43:54 GMT","1715708634239","16","","","","No","No","","","5","0","1","924336354811334676","924336354811334676","797920307284934697","8","F","S","S","S","C","F","C","",""
"vbr9xdm","64656","1","Shuuji","Saikano","2","Tue, 14 May 2024 17:12:04 GMT","1715706724009","2","","","","No","No","","","1","0","2","924336354811334676","924336354811334676","797920307284934697","1","F","S","S","S","A","F","D","",""
"vbr3355","64395","1","Fukune Narukara","R-15","4","Tue, 14 May 2024 15:04:02 GMT","1715699042133","14","","","","No","No","","","0","0","4","924336354811334676","924336354811334676","797920307284934697","6","F","S","S","S","B","F","D","",""
"vbrzrjx","20489","1","Meowy","Chainsaw Man","2","Tue, 14 May 2024 07:52:03 GMT","1715673123194","52","","","","No","No","","","107","0","2","924336354811334676","924336354811334676","797920307284934697","30","F","S","S","S","A","F","C","",""
"vbr1xqk","64702","1","Gido","Hunter x Hunter","3","Tue, 14 May 2024 06:45:51 GMT","1715669151310","28","","","","No","No","","","2","0","3","737980149995274240","737980149995274240","797920307284934697","11","F","S","F","F","F","F","D","",""
"vbrnxt0","3039","4","Andechs","The Alchemist Code","2","Tue, 14 May 2024 06:45:16 GMT","1715669116369","34","","","","No","No","","","1","0","2","924336354811334676","924336354811334676","797920307284934697","21","F","S","S","S","A","F","B","",""
"vbr27j1","64513","1","Aisrehdar","Chronos Ruler","4","Mon, 13 May 2024 19:49:07 GMT","1715629747572","22","","","","No","No","","","0","0","4","924336354811334676","924336354811334676","797920307284934697","13","F","S","S","S","C","F","D","",""
"vbr2pn6","18713","1","Hyouga","Dr. Stone","2","Mon, 13 May 2024 19:09:33 GMT","1715627373175","29","","","","No","No","","","9","0","2","924336354811334676","924336354811334676","797920307284934697","15","F","S","S","S","A","F","D","",""
"vbrqn3x","64301","1","Asase","Business Fish","1","Mon, 13 May 2024 17:21:51 GMT","1715620911211","1","","","","No","No","","","1","0","1","924336354811334676","924336354811334676","797920307284934697","0","F","S","S","S","B","F","D","",""
"vbrqb9t","31064","1","Miori Gojou","My Dress-Up Darling","2","Mon, 13 May 2024 16:29:21 GMT","1715617761024","13","","","","No","No","mdud","","1","0","2","","924336354811334676","797920307284934697","5","F","S","S","F","F","F","D","",""
"vbrvtbq","19915","2","Deirdre","Fire Emblem: Genealogy of the Holy War","2","Mon, 13 May 2024 16:02:23 GMT","1715616143859","28","","","","No","No","","","4","0","2","924336354811334676","924336354811334676","797920307284934697","15","F","S","S","S","B","F","D","",""
"vbr0wcg","64573","1","Ryohei Haizaki","Inazuma Eleven: Ares no Tenbin","2","Mon, 13 May 2024 15:45:20 GMT","1715615120739","6","","","","No","No","","","2","0","2","1142935430342385724","924336354811334676","797920307284934697","4","F","S","S","F","B","F","D","",""
"vbr0k9k","22086","3","Mari Kurihara","Prison School","2","Mon, 13 May 2024 14:21:02 GMT","1715610062429","34","","","","No","No","","","6","0","2","","924336354811334676","797920307284934697","18","F","S","S","F","F","F","D","",""
"vbrmghp","64402","1","Kijin Shinokawa","Sailor Moon","3","Mon, 13 May 2024 13:31:10 GMT","1715607070962","10","","","","No","No","","","0","0","3","1142935430342385724","924336354811334676","797920307284934697","5","F","S","S","F","B","F","D","",""
"vbpcpjq","59643","1","Card Ejector","Yu-Gi-Oh! GX","2","Mon, 13 May 2024 12:48:08 GMT","1715604488243","7","","","","No","No","","","1","0","2","924336354811334676","924336354811334676","797920307284934697","4","F","S","S","S","B","F","D","",""
"vbrvmk4","65012","1","Anne","Pokémon","2","Mon, 13 May 2024 12:06:58 GMT","1715602018181","5","","","","No","No","","","1","0","2","924336354811334676","924336354811334676","797920307284934697","1","F","S","S","S","B","F","D","",""
"vbp6tcw","32793","1","Laylea","Fire Emblem: Genealogy of the Holy War","2","Mon, 13 May 2024 11:03:29 GMT","1715598209098","21","","","","No","No","","","1","0","2","","924336354811334676","797920307284934697","11","F","S","S","F","F","F","D","",""
"vbpcqg0","64426","1","Ruby","Burn Up! Excess","2","Mon, 13 May 2024 10:32:45 GMT","1715596365233","4","","","","No","No","","","1","0","2","924336354811334676","924336354811334676","797920307284934697","1","F","S","S","S","A","F","D","",""
"vbpxm7h","4939","5","Larcei","Fire Emblem: Genealogy of the Holy War","3","Mon, 13 May 2024 04:59:03 GMT","1715576343077","75","","","","No","No","","","1","0","3","924336354811334676","924336354811334676","797920307284934697","41","F","S","S","S","F","F","C","",""
"vbpd3nx","64563","1","Izumi","Blue Exorcist","3","Mon, 13 May 2024 03:59:30 GMT","1715572770780","8","","","","No","No","","","1","0","3","924336354811334676","924336354811334676","797920307284934697","4","F","S","S","S","B","F","D","",""
"vbpf7jv","14931","2","Lopus Harvey","In the Land of Leadale","1","Sun, 12 May 2024 20:26:18 GMT","1715545578930","8","","","","No","No","","","1","0","1","924336354811334676","924336354811334676","797920307284934697","4","F","S","S","S","A","F","C","",""
"vbp3r85","918","2","Scott Pilgrim","Scott Pilgrim Takes Off","3","Sun, 12 May 2024 14:35:05 GMT","1715524505211","143","","","","No","No","","","214","0","3","924336354811334676","924336354811334676","797920307284934697","88","F","S","S","S","B","F","C","",""
"vbprj12","64327","1","Nobunaga Asaji","ReLIFE","2","Sun, 12 May 2024 13:47:26 GMT","1715521646659","4","","","","No","No","","","1","0","2","1142935430342385724","924336354811334676","797920307284934697","1","F","S","S","F","D","F","D","",""
"vbppkj3","64575","1","Pochi","Mahou Shoujo Nante Mouiidesukara.","2","Sun, 12 May 2024 13:20:57 GMT","1715520057226","7","","","","No","No","","","1","0","2","924336354811334676","924336354811334676","797920307284934697","4","F","S","S","S","A","F","D","",""
"vbppjj1","64780","1","Roderich","Attack on Titan 3rd Season","3","Sun, 12 May 2024 12:49:07 GMT","1715518147836","21","","","","No","No","","","1","0","3","924336354811334676","924336354811334676","797920307284934697","13","F","S","S","S","A","F","D","",""
"vbpzc48","61907","1","Grigori Rasputin","Detective Conan: The Last Magician of the Century","1","Sun, 12 May 2024 10:49:23 GMT","1715510963695","1","","","","No","No","","","1","0","1","924336354811334676","924336354811334676","797920307284934697","0","F","S","S","S","C","F","D","",""
"vbpp2hc","50079","1","Black Narcissus","Sonic X","3","Sun, 12 May 2024 10:10:59 GMT","1715508659311","12","","","","No","No","","","2","0","3","924336354811334676","924336354811334676","797920307284934697","5","F","S","S","S","B","F","D","",""
"vbp4g5z","22209","3","Keisuke Hirose","A Silent Voice","3","Sun, 12 May 2024 10:06:51 GMT","1715508411850","49","","","","No","No","","","1","0","3","1142935430342385724","1142935430342385724","797920307284934697","24","F","S","F","F","B","F","D","",""
"vbpwp44","64631","1","Mother Spirit","Cheonnyeon-yeowoo Yeowoobi","2","Sat, 11 May 2024 21:40:18 GMT","1715463618218","2","","","","No","No","","","0","0","2","924336354811334676","924336354811334676","797920307284934697","1","F","S","S","S","A","F","D","",""
"vbpwkvs","64726","1","Sanka Coo","Dragon Ball Super","4","Sat, 11 May 2024 21:07:00 GMT","1715461620019","28","","","","No","No","","","1","0","4","924336354811334676","924336354811334676","797920307284934697","15","F","S","S","S","B","F","D","",""
"vbpwl18","64657","1","Nozomu Hatori","Mob Psycho 100 II","3","Sat, 11 May 2024 20:28:54 GMT","1715459334037","14","","","","No","No","","","1","0","3","924336354811334676","924336354811334676","797920307284934697","8","F","S","S","S","A","F","D","",""
"vbphxrv","4723","3","Natasha","Honkai: Star Rail","2","Sat, 11 May 2024 19:57:29 GMT","1715457449278","73","","","","No","No","","","43","0","2","924336354811334676","924336354811334676","797920307284934697","44","F","S","S","S","A","F","C","",""
"vbp22db","21323","3","Mrs. Uehara","Great Teacher Onizuka","1","Sat, 11 May 2024 19:31:59 GMT","1715455919106","6","","","","No","No","","","1","0","1","924336354811334676","1142935430342385724","797920307284934697","4","F","S","F","S","C","F","D","",""
"vbp21mg","64557","1","Mr. A","Parasyte -the maxim-","3","Sat, 11 May 2024 19:21:45 GMT","1715455305113","7","","","","No","No","parasyte","","1","0","3","1142935430342385724","924336354811334676","797920307284934697","4","F","S","S","F","F","F","D","",""
"vbphjwn","1424","6","Caris","The Alchemist Code","2","Sat, 11 May 2024 18:46:37 GMT","1715453197841","47","","","","No","No","","","4","0","2","1142935430342385724","924336354811334676","797920307284934697","26","F","S","S","F","F","F","B","",""
"vbphnmp","21038","1","Chief Nurse","Spy x Family","2","Sat, 11 May 2024 18:12:47 GMT","1715451167722","11","","","","No","No","","","1","0","2","924336354811334676","924336354811334676","797920307284934697","6","F","S","S","S","A","F","C","",""
"vbp0cc1","64656","1","Ebain","Devilman","1","Sat, 11 May 2024 15:49:30 GMT","1715442570545","1","","","","No","No","","","1","0","1","924336354811334676","924336354811334676","797920307284934697","0","F","S","S","S","A","F","D","",""
"vbpv28x","64729","1","Bukyoku","Nura: Rise of the Youkai Clan","3","Sat, 11 May 2024 13:14:37 GMT","1715433277239","6","","","","No","No","","","0","0","3","924336354811334676","924336354811334676","797920307284934697","4","F","S","S","S","C","F","D","",""
"vb4cssp","26073","1","Fuegoleon Vermillion","Black Clover","2","Sat, 11 May 2024 12:20:39 GMT","1715430039525","25","","","","No","No","","","18","0","2","1142935430342385724","924336354811334676","797920307284934697","11","F","S","S","F","F","F","D","",""
"vbpvj4b","64937","1","Inugami","Gugure! Kokkuri-san","4","Sat, 11 May 2024 12:03:11 GMT","1715428991153","21","","","","No","No","","","1","0","4","924336354811334676","924336354811334676","797920307284934697","13","F","S","S","S","B","F","D","",""
"vbpmnjd","64674","1","River","Ahiru no Pekkle no Ahiru no Drakestail","2","Sat, 11 May 2024 11:06:19 GMT","1715425579945","4","","","","No","No","","","1","0","2","924336354811334676","924336354811334676","797920307284934697","1","F","S","S","S","C","F","D","",""
"vbpmj1m","64488","1","Kenta Suetake","Doki Doki School Hours","0","Sat, 11 May 2024 10:27:52 GMT","1715423272673","1","","","","No","No","","","0","0","0","924336354811334676","924336354811334676","797920307284934697","0","F","S","S","S","A","F","D","",""
"vb47j64","64735","1","Tanaka","Black Butler","2","Sat, 11 May 2024 00:29:37 GMT","1715387377632","8","","","","No","No","","","4","0","2","924336354811334676","924336354811334676","797920307284934697","4","F","S","S","S","A","F","D","",""
"vb48rtd","38396","2","Takashi Hinatsuru","The Ryuo's Work Is Never Done!","3","Fri, 10 May 2024 22:22:34 GMT","1715379754803","23","","","","No","No","","","1","0","3","924336354811334676","924336354811334676","797920307284934697","14","F","S","S","S","A","F","D","",""
"vb4l34r","65113","1","Myryu","The Boy Who Saw the Wind","1","Fri, 10 May 2024 21:20:41 GMT","1715376041979","1","","","","No","No","","","0","0","1","1142935430342385724","924336354811334676","797920307284934697","0","F","S","S","F","F","F","D","",""
"vb48k5t","52818","1","Wolf","Heaven's Design Team","2","Fri, 10 May 2024 20:59:06 GMT","1715374746171","8","","","","No","No","","","1","0","2","924336354811334676","924336354811334676","797920307284934697","4","F","S","S","S","F","F","D","",""
"vb48g5h","2860","4","Ran","Epic Seven","2","Fri, 10 May 2024 20:16:38 GMT","1715372198343","33","","","","No","No","","","2","0","2","","924336354811334676","797920307284934697","18","F","S","S","F","C","F","C","",""
"vb4l83q","64690","1","Shura","Hunter x Hunter: The Last Mission","3","Fri, 10 May 2024 19:58:36 GMT","1715371116836","21","","","","No","No","","","1","0","3","","924336354811334676","797920307284934697","10","F","S","S","F","C","F","D","",""
"vb4lb7d","606","3","Anne Halford","Sugar Apple Fairy Tale","2","Fri, 10 May 2024 19:48:10 GMT","1715370490774","55","","","","No","No","","","37","0","2","737980149995274240","924336354811334676","797920307284934697","33","F","S","S","F","A","F","B","",""
"vb4fbfs","64400","1","Shirou Kuramori","Parasyte -the maxim-","4","Fri, 10 May 2024 19:11:35 GMT","1715368295062","9","","","","No","No","parasyte","","1","0","4","","924336354811334676","797920307284934697","4","F","S","S","F","B","F","D","",""
"vb498d7","64305","1","Kouko Kaminaga","Riddle Story of Devil","3","Fri, 10 May 2024 18:58:38 GMT","1715367518243","9","","","","No","No","","","1","0","3","","924336354811334676","797920307284934697","4","F","S","S","F","C","F","D","",""
"vb4fmjn","64623","1","Dog","Rail Wars!","4","Fri, 10 May 2024 18:38:05 GMT","1715366285017","31","","","","No","No","","","1","0","4","924336354811334676","924336354811334676","797920307284934697","18","F","S","S","S","C","F","D","",""
"vb490dz","64406","1","Mondatta","JoJo's Bizarre Adventure: Stardust Crusaders - Battle in Egypt","3","Fri, 10 May 2024 17:03:46 GMT","1715360626329","34","","","","No","No","","","1","0","3","924336354811334676","924336354811334676","797920307284934697","20","F","S","S","S","B","F","D","",""
"vb4gstk","10780","1","Gerad Azlema","Maou Gakuin no Futekigousha","1","Fri, 10 May 2024 15:19:54 GMT","1715354394317","4","","","","No","No","","","1","0","1","924336354811334676","924336354811334676","797920307284934697","1","F","S","S","S","B","F","C","",""
"vb4gmh2","4610","5","Rankichi Umeda","Tribe Nine","1","Fri, 10 May 2024 14:37:37 GMT","1715351857000","12","","","","No","No","","","1","0","1","924336354811334676","924336354811334676","797920307284934697","5","F","S","S","S","B","F","C","",""
"vb43lgd","64489","1","Yuuki Kawashima","Haikyuu!!","2","Fri, 10 May 2024 13:38:17 GMT","1715348297786","10","","","","No","No","","","1","0","2","924336354811334676","924336354811334676","797920307284934697","5","F","S","S","S","B","F","D","",""
"vb4r52g","28108","2","Mikan","Great Teacher Onizuka","2","Fri, 10 May 2024 12:03:20 GMT","1715342600806","13","","","","No","No","","","0","0","2","924336354811334676","924336354811334676","797920307284934697","6","F","S","S","S","A","F","D","",""
"vb44lj0","59306","1","Wataru Amanogawa","Sailor Moon Sailor Stars","1","Fri, 10 May 2024 10:57:23 GMT","1715338643037","1","","","","No","No","","","0","0","1","1142935430342385724","924336354811334676","797920307284934697","0","F","S","S","F","F","F","D","",""
"vb44kq4","17808","2","Hifumi Takimoto","New Game!","1","Fri, 10 May 2024 10:09:50 GMT","1715335790294","20","","","","No","No","","","32","0","1","924336354811334676","924336354811334676","797920307284934697","11","F","S","S","S","C","F","D","",""
"vb4pz51","29081","1","Lump of Soil","Doggy Poo","2","Fri, 10 May 2024 09:39:44 GMT","1715333984508","14","","","","No","No","","","5","0","2","924336354811334676","924336354811334676","797920307284934697","8","F","S","S","S","B","F","D","",""
"vb4p9nk","64500","1","Yevgraf","Sirius the Jaeger","2","Fri, 10 May 2024 08:57:20 GMT","1715331440910","4","","","","No","No","","","1","0","2","924336354811334676","924336354811334676","797920307284934697","1","F","S","S","S","A","F","D","",""
"vb44hqp","23973","1","High Ranking Shaman","Epic Seven","3","Fri, 10 May 2024 07:17:32 GMT","1715325452781","39","","","","No","No","","","1","0","3","924336354811334676","924336354811334676","797920307284934697","23","F","S","S","S","C","F","C","",""
"vb4kj19","64405","1","Akiyo Takatori","Ushio and Tora TV","1","Thu, 09 May 2024 21:48:45 GMT","1715291325294","1","","","","No","No","","","0","0","1","1142935430342385724","924336354811334676","797920307284934697","0","F","S","S","F","F","F","D","",""
"vb4wx47","64442","1","Ideo","One Piece","1","Thu, 09 May 2024 21:08:25 GMT","1715288905556","7","","","","No","No","","","1","0","1","924336354811334676","924336354811334676","797920307284934697","4","F","S","S","S","C","F","D","",""
"vb4h93h","4402","4","Mei","How NOT to Summon a Demon Lord","2","Thu, 09 May 2024 18:32:27 GMT","1715279547849","37","","","","No","No","","","1","0","2","924336354811334676","924336354811334676","797920307284934697","21","F","S","S","S","A","F","C","",""
"vb4h3m8","64241","1","Flare","Fire Force","3","Thu, 09 May 2024 16:37:43 GMT","1715272663242","42","","","","No","No","","","1","0","3","924336354811334676","924336354811334676","797920307284934697","24","F","S","S","S","B","F","D","",""
"vb4hwm4","17244","3","13","#Compass","3","Thu, 09 May 2024 15:43:38 GMT","1715269418571","59","","","","No","No","","","3","0","3","","924336354811334676","797920307284934697","31","F","S","S","F","D","F","D","",""
"vb4h52f","61742","1","Riheet","King's Raid: Successors of the Will","2","Thu, 09 May 2024 15:26:26 GMT","1715268386309","6","","","","No","No","","","1","0","2","924336354811334676","924336354811334676","797920307284934697","4","F","S","S","S","B","F","D","",""
"vb40pfc","64435","1","Poipole","Pokémon Sun & Moon","2","Thu, 09 May 2024 12:29:02 GMT","1715257742951","13","","","","No","No","","","2","0","2","924336354811334676","924336354811334676","797920307284934697","5","F","S","S","S","B","F","D","",""
"vb4v4gf","64388","1","Galley","One Piece: Romance Dawn Story","3","Thu, 09 May 2024 11:49:50 GMT","1715255390039","14","","","","No","No","","","1","0","3","","924336354811334676","797920307284934697","6","F","S","S","F","F","F","D","",""
"vb40mrk","64339","1","Peaure","Attack on Titan 3rd Season","3","Thu, 09 May 2024 11:37:12 GMT","1715254632888","17","","","","No","No","","","1","0","3","","924336354811334676","797920307284934697","6","F","S","S","F","F","F","D","",""
"vb4v5jc","50414","1","Sameyama","Tokyo Revengers","3","Thu, 09 May 2024 11:24:54 GMT","1715253894851","25","","","","No","No","","","1","0","3","924336354811334676","924336354811334676","797920307284934697","14","F","S","S","S","A","F","D","",""
"vb4v2g2","15674","3","Cain","Granblue Fantasy","2","Thu, 09 May 2024 10:35:32 GMT","1715250932261","24","","","","No","No","","","1","0","2","","924336354811334676","797920307284934697","13","F","S","S","F","A","F","D","",""
"vb4mj8f","1842","6","Silco","Arcane","4","Thu, 09 May 2024 07:33:50 GMT","1715240030412","284","","","","No","No","","","166","0","4","924336354811334676","924336354811334676","797920307284934697","178","F","S","S","S","A","F","B","",""
"vbz7gpc","64526","1","Lulun","Precure Max Heart","3","Wed, 08 May 2024 23:18:37 GMT","1715210317857","13","","","","No","No","","","1","0","3","737980149995274240","924336354811334676","797920307284934697","5","F","S","S","F","F","F","D","",""
"vbztgqq","38043","2","Moonphase","Sword Art Online Movie: Ordinal Scale","2","Wed, 08 May 2024 21:34:26 GMT","1715204066258","22","","","","No","No","","","1","0","2","1142935430342385724","924336354811334676","797920307284934697","13","F","S","S","F","B","F","D","",""
"vbztm3h","64090","1","Catalina","Arte","2","Wed, 08 May 2024 20:58:50 GMT","1715201930498","6","","","","No","No","","","1","0","2","924336354811334676","924336354811334676","797920307284934697","4","F","S","S","S","B","F","D","",""
"vbzlpzc","64639","1","Alios","Fairy Tail: Final Season","3","Wed, 08 May 2024 18:58:54 GMT","1715194734061","17","","","","No","No","","","1","0","3","","737980149995274240","797920307284934697","6","F","S","F","F","F","F","D","",""
"vbzlhwp","64931","1","Clay Sizemore","Soul Eater Not!","2","Wed, 08 May 2024 18:51:11 GMT","1715194271639","3","","","","No","No","","","1","0","2","1142935430342385724","924336354811334676","797920307284934697","1","F","S","S","F","F","F","D","",""
"vbzfpxp","64500","1","Takato","The Melancholy of Haruhi Suzumiya","4","Wed, 08 May 2024 18:18:27 GMT","1715192307987","8","","","","No","No","","","0","0","4","924336354811334676","924336354811334676","797920307284934697","4","F","S","S","S","A","F","D","",""
"vbzf980","53721","1","Striped Dolphin","Heaven's Design Team","2","Wed, 08 May 2024 17:04:04 GMT","1715187844581","7","","","","No","No","","","1","0","2","924336354811334676","924336354811334676","797920307284934697","4","F","S","S","S","B","F","D","",""
"vbz96lt","65239","1","Puar","Dragon Ball Z","0","Wed, 08 May 2024 16:07:05 GMT","1715184425840","4","","","","No","No","","","5","0","0","924336354811334676","924336354811334676","797920307284934697","1","F","S","S","S","B","F","D","",""
"vbz3q3m","38264","2","Queen","No Game No Life","1","Wed, 08 May 2024 11:54:43 GMT","1715169283453","18","","","","No","No","","","1","0","1","1142935430342385724","1142935430342385724","797920307284934697","10","F","S","F","F","B","F","D","",""
"vbzr332","64708","1","Kiyoshi","Penguindrum","0","Wed, 08 May 2024 11:36:45 GMT","1715168205684","1","","","","No","No","","","1","0","0","924336354811334676","924336354811334676","797920307284934697","0","F","S","S","S","A","F","D","",""
"vbzrq8t","64360","1","Can Lang","Xuan Yuan Sword Luminary","1","Wed, 08 May 2024 11:06:41 GMT","1715166401466","1","","","","No","No","","","0","0","1","924336354811334676","924336354811334676","797920307284934697","0","F","S","S","S","B","F","D","",""
"vbzpxjc","36144","2","Trip","DRAMAtical Murder","1","Wed, 08 May 2024 09:39:11 GMT","1715161151660","8","","","","No","No","","","2","0","1","924336354811334676","924336354811334676","797920307284934697","4","F","S","S","S","B","F","D","",""
"vbz4bps","64399","1","Chezo Karti","The Legend of the Legendary Heroes","3","Wed, 08 May 2024 07:13:25 GMT","1715152405214","3","","","","No","No","","","0","0","3","924336354811334676","924336354811334676","797920307284934697","1","F","S","S","S","F","F","D","",""
"vbz5lvl","64444","1","Hashiba Hinata","Neppu Kairiku Bushi Road","2","Tue, 07 May 2024 22:29:52 GMT","1715120992384","3","","","","No","No","","","1","0","2","924336354811334676","924336354811334676","797920307284934697","1","F","S","S","S","A","F","D","",""
"vbzkqfx","1395","2","Goji","Pluto","4","Tue, 07 May 2024 21:16:35 GMT","1715116595948","54","","","","No","No","","","1","0","4","","924336354811334676","797920307284934697","34","F","S","S","F","C","F","A","",""
"vbzkmm1","64912","1","Shikorae","Tokyo Ghoul:re","2","Tue, 07 May 2024 20:31:57 GMT","1715113917318","8","","","","No","No","","","1","0","2","924336354811334676","924336354811334676","797920307284934697","4","F","S","S","S","A","F","D","",""
"vbzqdbs","18709","1","Aoi Asahina","Danganronpa: The Animation","3","Tue, 07 May 2024 15:55:59 GMT","1715097359899","96","","","","No","No","","","36","0","3","","924336354811334676","797920307284934697","46","F","S","S","F","C","F","D","",""
"vbzhm6j","64538","1","Inojin Yamanaka","Boruto: Naruto Next Generations","3","Tue, 07 May 2024 15:07:14 GMT","1715094434886","35","","","","No","No","","","2","0","3","924336354811334676","924336354811334676","797920307284934697","21","F","S","S","S","A","F","D","",""
"vb16bkj","64692","1","Mika's Mama","Doki Doki School Hours","1","Tue, 07 May 2024 07:03:37 GMT","1715065417729","1","","","","No","No","","","1","0","1","924336354811334676","924336354811334676","797920307284934697","0","F","S","S","S","C","F","D","",""
"vb1x5c5","2611","1","Butler","Mayo Chiki!","2","Tue, 07 May 2024 05:07:58 GMT","1715058478879","6","","","","No","No","","","0","0","2","924336354811334676","924336354811334676","797920307284934697","4","F","S","S","S","F","F","C","",""
"vb18368","64623","1","Tsukushi Tsukamoto","Days","3","Mon, 06 May 2024 20:44:23 GMT","1715028263144","6","","","","No","No","","","2","0","3","1142935430342385724","924336354811334676","797920307284934697","4","F","S","S","F","C","F","D","",""
"vb1lhh7","20213","1","Jianbing Guozi","Food Fantasy","1","Mon, 06 May 2024 19:44:37 GMT","1715024677391","7","","","","No","No","","","1","0","1","","924336354811334676","797920307284934697","4","F","S","S","F","D","F","D","",""
"vb1ll5j","64684","1","Karim","Record of Grancrest War","2","Mon, 06 May 2024 19:32:33 GMT","1715023953091","1","","","","No","No","","","0","0","2","","924336354811334676","797920307284934697","0","F","S","S","F","B","F","D","",""
"vb1fhl7","59538","1","Guardian Dredscythe","Yu-Gi-Oh! Duel Monsters","2","Mon, 06 May 2024 18:05:16 GMT","1715018716826","4","","","","No","No","","","1","0","2","737980149995274240","924336354811334676","797920307284934697","1","F","S","S","F","F","F","D","",""
"vb196rv","64745","1","Hitomi Uzaki","Killing Bites","2","Mon, 06 May 2024 17:53:00 GMT","1715017980303","11","","","","No","No","","","8","0","2","924336354811334676","924336354811334676","797920307284934697","6","F","S","S","S","S","F","D","",""
"vb1wdch","64197","1","Short-Haired Bully","Yamishibai: Japanese Ghost Stories 6th Season","2","Sun, 05 May 2024 20:11:18 GMT","1714939878763","2","","","","No","No","","","1","0","2","924336354811334676","924336354811334676","797920307284934697","1","F","S","S","S","A","F","D","",""
"vb1wpjk","64427","1","Linssen","Hunter x Hunter","2","Sun, 05 May 2024 19:40:37 GMT","1714938037186","8","","","","No","No","","","1","0","2","924336354811334676","924336354811334676","797920307284934697","4","F","S","S","S","A","F","D","",""
"vb1hfmk","64724","1","Wald","Attack on Titan","2","Sun, 05 May 2024 18:33:16 GMT","1714933996937","9","","","","No","No","","","1","0","2","924336354811334676","924336354811334676","797920307284934697","4","F","S","S","S","B","F","D","",""
"vb1hwmn","64700","1","Gotti","One Piece","3","Sun, 05 May 2024 16:27:59 GMT","1714926479767","15","","","","No","No","","","1","0","3","","924336354811334676","797920307284934697","6","F","S","S","F","C","F","D","",""
"vb1qkr0","2464","2","Mirianne","The Alchemist Code","4","Sun, 05 May 2024 15:35:08 GMT","1714923308609","153","","","","No","No","","","3","0","4","924336354811334676","924336354811334676","797920307284934697","90","F","S","S","S","B","F","C","",""
"vb10gl3","64100","1","Manders","Nanocore","4","Sun, 05 May 2024 13:29:18 GMT","1714915758574","5","","","","No","No","","","0","0","4","924336354811334676","924336354811334676","797920307284934697","1","F","S","S","S","B","F","D","",""
"vb1vsr3","20651","1","Racket Mask","High-Rise Invasion","1","Sun, 05 May 2024 12:48:37 GMT","1714913317502","4","","","","No","No","","","1","0","1","","924336354811334676","797920307284934697","1","F","S","S","F","C","F","D","",""
"vb1m9m3","22609","1","Ron","Grimgar of Fantasy and Ash","4","Sun, 05 May 2024 11:58:49 GMT","1714910329921","13","","","","No","No","","","1","0","4","","924336354811334676","797920307284934697","5","F","S","S","F","F","F","D","",""
"vb1ml0r","4868","5","Crona","Soul Eater","3","Sun, 05 May 2024 11:08:33 GMT","1714907313701","157","","","","No","No","","","266","0","3","924336354811334676","924336354811334676","797920307284934697","86","F","S","S","S","C","F","C","",""
"vbncfqn","63098","1","Itsuhito Sakaki","Uzaki-chan Wants to Hang Out!","1","Sun, 05 May 2024 10:26:02 GMT","1714904762065","2","","","","No","No","","","1","0","1","924336354811334676","924336354811334676","797920307284934697","1","F","S","S","S","B","F","D","",""
"vbncldv","64347","1","Clara","Mars Daybreak","1","Sun, 05 May 2024 10:03:31 GMT","1714903411725","3","","","","No","No","","","1","1","1","","924336354811334676","797920307284934697","1","F","S","S","F","A","D","D","",""
"vbncn3w","866","2","Shinichi Saimori","My Happy Marriage","0","Sun, 05 May 2024 09:11:07 GMT","1714900267300","6","","","","No","No","","","1","0","0","737980149995274240","924336354811334676","797920307284934697","4","F","S","S","F","C","F","C","",""
"vb1m2dv","64334","1","Yuuto Takao","12-Sai: Chiccha na Mune no Tokimeki","2","Sun, 05 May 2024 08:50:33 GMT","1714899033962","2","","","","No","No","","","1","0","2","924336354811334676","924336354811334676","797920307284934697","1","F","S","S","S","A","F","D","",""
"vbn62bc","1908","6","Ayla (Brilliance)","Punishing Gray Raven","0","Sun, 05 May 2024 08:04:12 GMT","1714896252953","14","","","","No","No","","","8","0","0","924336354811334676","924336354811334676","797920307284934697","9","F","S","S","S","A","F","B","",""
"vbn8lb7","64460","1","Sasha","Sword Art Online","3","Sat, 04 May 2024 23:00:29 GMT","1714863629373","18","","","","No","No","","","0","0","3","924336354811334676","924336354811334676","797920307284934697","13","F","S","S","S","A","F","D","",""
"vbntz93","22583","3","Cream the Rabbit","Sonic X","2","Sat, 04 May 2024 22:16:11 GMT","1714860971332","39","","","","No","No","","","22","0","2","924336354811334676","924336354811334676","797920307284934697","23","F","S","S","S","B","F","D","",""
"vbn8bz3","21769","3","Peko Pekoyama","Danganronpa 2: Goodbye Despair","2","Sat, 04 May 2024 20:59:17 GMT","1714856357320","54","","","","No","No","","","16","0","2","924336354811334676","924336354811334676","797920307284934697","31","F","S","S","S","A","F","D","",""
"vbnllb4","64375","1","Isuzu Mikoshiba","Free! Dive to the Future","2","Sat, 04 May 2024 20:26:27 GMT","1714854387947","7","","","","No","No","","","1","0","2","924336354811334676","924336354811334676","797920307284934697","4","F","S","S","S","F","F","D","",""
"vbn9g1h","60849","1","Fuscus the Vacant Colossus","Sword Art Online Movie: Ordinal Scale","3","Sat, 04 May 2024 18:43:55 GMT","1714848235809","16","","","","No","No","","","1","0","3","1142935430342385724","924336354811334676","797920307284934697","6","F","S","S","F","F","F","D","",""
"vbnfv0r","64932","1","Dog-chan","Yu-Gi-Oh! Zexal","2","Sat, 04 May 2024 18:10:25 GMT","1714846225585","4","","","","No","No","","","1","0","2","924336354811334676","924336354811334676","797920307284934697","1","F","S","S","S","B","F","D","",""
"vbn9pzs","16879","1","Judai Yuki","Yu-Gi-Oh! GX","2","Sat, 04 May 2024 16:41:33 GMT","1714840893556","27","","","","No","No","","","58","0","2","924336354811334676","924336354811334676","797920307284934697","15","F","S","S","S","B","F","D","",""
"vbng1g8","1718","6","Sasha Braus","Attack on Titan","2","Sat, 04 May 2024 15:51:01 GMT","1714837861883","84","","","","No","No","","","253","0","2","924336354811334676","924336354811334676","797920307284934697","53","F","S","S","S","A","F","B","",""
"vbnr3bc","22004","3","Denjiro","One Piece","2","Sat, 04 May 2024 14:54:27 GMT","1714834467107","38","","","","No","No","","","5","0","2","924336354811334676","924336354811334676","797920307284934697","24","F","S","S","S","S","F","D","",""
"vbnpvm5","21229","3","Ayane","Princess Connect! Re: Dive","4","Sat, 04 May 2024 11:31:33 GMT","1714822293219","118","","","","No","No","","","1","0","4","924336354811334676","924336354811334676","797920307284934697","69","F","S","S","S","A","F","D","",""
"vbn4pld","64393","1","Umbrella Thief","Yamishibai: Japanese Ghost Stories 6th Season","2","Sat, 04 May 2024 09:07:37 GMT","1714813657106","1","","","","No","No","","","1","0","2","924336354811334676","924336354811334676","797920307284934697","0","F","S","S","S","B","F","D","",""
"vbnz9kr","9416","4","Childe","Genshin Impact","2","Sat, 04 May 2024 08:27:05 GMT","1714811225001","85","","","","No","No","genshin","","718","0","2","","924336354811334676","797920307284934697","41","F","S","S","F","B","F","D","",""
"vbnzp5k","1912","6","Tomoe Tachibana","Absolute Duo","3","Sat, 04 May 2024 08:13:41 GMT","1714810421482","100","","","","No","No","","","1","0","3","924336354811334676","924336354811334676","797920307284934697","65","F","S","S","S","A","F","B","",""
"vbn1nd9","64564","1","Recovery Girl","My Hero Academia","2","Sat, 04 May 2024 06:07:13 GMT","1714802833990","25","","","","No","No","","","2","0","2","924336354811334676","924336354811334676","797920307284934697","13","F","S","S","S","F","F","D","",""
"vbnwgp3","63467","1","Brawnz Ni","RWBY","4","Fri, 03 May 2024 20:57:20 GMT","1714769840649","15","","","","No","No","","","1","0","4","924336354811334676","924336354811334676","797920307284934697","8","F","S","S","S","B","F","D","",""
"vbnwcdl","23412","2","Darcia","Wolf's Rain","1","Fri, 03 May 2024 20:09:41 GMT","1714766981583","9","","","","No","No","","","5","0","1","924336354811334676","924336354811334676","797920307284934697","4","F","S","S","S","A","F","D","",""
"vbnh8f2","64393","1","Charity","Pokémon","1","Fri, 03 May 2024 19:27:27 GMT","1714764447702","3","","","","No","No","","","1","0","1","924336354811334676","924336354811334676","797920307284934697","1","F","S","S","S","B","F","D","",""
"vbn25sl","64451","1","Mei","Evil or Live","0","Fri, 03 May 2024 18:33:14 GMT","1714761194689","1","","","","No","No","","","0","1","0","924336354811334676","924336354811334676","797920307284934697","0","F","S","S","S","A","D","D","",""
"vbn26lg","64250","1","Homeroom Teacher","Great Teacher Onizuka","2","Fri, 03 May 2024 18:01:54 GMT","1714759314100","1","","","","No","No","","","0","0","2","1142935430342385724","924336354811334676","797920307284934697","0","F","S","S","F","F","F","D","",""
"vbnhtkh","7676","3","Ouyang Zan","Scissor Seven","2","Fri, 03 May 2024 17:26:01 GMT","1714757161247","21","","","","No","No","","","1","0","2","924336354811334676","924336354811334676","797920307284934697","13","F","S","S","S","A","F","D","",""
"vbnqjjw","60325","1","Yuuya","Seiso de Majime na Kanojo ga, Saikyou Yaricir ni Kanyuu Saretara...? The Animation","2","Fri, 03 May 2024 16:37:16 GMT","1714754236110","2","","","","No","No","","","0","0","2","924336354811334676","924336354811334676","797920307284934697","1","F","S","S","S","A","F","D","",""
"vbn0gwq","64113","1","Gira","Kyouryuu Daisensou Aizenborg","3","Fri, 03 May 2024 15:45:31 GMT","1714751131693","5","","","","No","No","","","1","0","3","924336354811334676","924336354811334676","797920307284934697","1","F","S","S","S","D","F","D","",""
"vbnqk6s","64624","1","Kurt","Minna Atsumare! Falcom Gakuen","2","Fri, 03 May 2024 15:28:34 GMT","1714750114971","1","","","","No","No","","","1","0","2","","924336354811334676","797920307284934697","0","F","S","S","F","B","F","D","",""
"vbnqs4j","64330","1","Miri Natayama","Medaka Box","1","Fri, 03 May 2024 15:10:38 GMT","1714749038963","2","","","","No","No","","","0","0","1","924336354811334676","924336354811334676","797920307284934697","1","F","S","S","S","C","F","D","",""
"vbjxs4l","47959","1","Go Myung-Hwan","Solo Leveling","2","Fri, 03 May 2024 04:33:04 GMT","1714710784043","11","","","","No","No","","","1","0","2","924336354811334676","924336354811334676","797920307284934697","5","F","S","S","S","A","F","D","",""
"vbjl1zs","49443","1","Lou","Uchuu Nanchara Kotetsu-kun","1","Thu, 02 May 2024 20:20:18 GMT","1714681218879","1","","","","No","No","","","0","0","1","924336354811334676","924336354811334676","797920307284934697","0","F","S","S","S","C","F","D","",""
"vbjfzj9","64731","1","Kenji Ogata","Ride Back","2","Thu, 02 May 2024 19:45:10 GMT","1714679110792","1","","","","No","No","","","0","0","2","924336354811334676","924336354811334676","797920307284934697","0","F","S","S","S","A","F","D","",""
"vbjfgpg","64321","1","Tetsuya Daimon","Miracle Train","2","Thu, 02 May 2024 19:18:36 GMT","1714677516532","2","","","","No","No","","","1","0","2","","924336354811334676","797920307284934697","1","F","S","S","F","C","F","D","",""
"vbjfjp3","58492","1","O-Cho","One Piece","4","Thu, 02 May 2024 19:07:01 GMT","1714676821381","51","","","","No","No","","","1","0","4","924336354811334676","924336354811334676","797920307284934697","29","F","S","S","S","B","F","D","",""
"vbjf19q","7179","2","Aoki Ryo","Yakuza: Like a Dragon","2","Thu, 02 May 2024 18:29:10 GMT","1714674550705","19","","","","No","No","","","3","0","2","1142935430342385724","924336354811334676","797920307284934697","11","F","S","S","F","C","F","D","",""
"vbj9kbd","64443","1","Tatezou","Ninja Box","2","Thu, 02 May 2024 17:47:21 GMT","1714672041920","2","","","","No","No","","","0","0","2","924336354811334676","924336354811334676","797920307284934697","1","F","S","S","S","B","F","D","",""
"vbj3tmc","64292","1","Mujina","GeGeGe no Kitarou (2018)","2","Thu, 02 May 2024 15:05:02 GMT","1714662302278","1","","","","No","No","","","0","0","2","924336354811334676","924336354811334676","797920307284934697","0","F","S","S","S","B","F","D","",""
"vbjzz2f","64868","1","Cashew Nut","Mameshiba","3","Thu, 02 May 2024 05:12:05 GMT","1714626725574","16","","","","No","No","","","1","0","3","924336354811334676","924336354811334676","797920307284934697","8","F","S","S","S","B","F","D","",""
"vbjkjh7","64549","1","Ungaikyo","Nura: Rise of the Youkai Clan","1","Wed, 01 May 2024 20:55:44 GMT","1714596944019","1","","","","No","No","","","1","0","1","924336354811334676","924336354811334676","797920307284934697","0","F","S","S","S","C","F","D","",""
"vbjwvjf","26043","1","Kei","Kotaro Lives Alone","1","Wed, 01 May 2024 20:08:33 GMT","1714594113457","2","","","","No","No","","","0","0","1","924336354811334676","924336354811334676","797920307284934697","1","F","S","S","S","A","F","C","",""
"vbj2c5d","64105","1","Kunimasa Madarame","Sex Pistols","2","Wed, 01 May 2024 18:39:33 GMT","1714588773016","2","","","","No","No","","","1","0","2","924336354811334676","924336354811334676","797920307284934697","1","F","S","S","S","D","F","D","",""
"vbj2hjl","22272","2","Yoshiaki Sakai","Ayakashi: Japanese Classic Horror","3","Wed, 01 May 2024 18:09:00 GMT","1714586940430","18","","","","No","No","","","0","0","3","924336354811334676","924336354811334676","797920307284934697","14","F","S","S","S","A","F","D","",""
"vbjhq6f","64449","1","Kouta Hyakuya","Seraph of the End","3","Wed, 01 May 2024 17:03:26 GMT","1714583006623","16","","","","No","No","","","1","0","3","924336354811334676","924336354811334676","797920307284934697","8","F","S","S","S","A","F","D","",""
"vbjqh7d","31348","2","Vohu Manah","Granblue Fantasy","2","Wed, 01 May 2024 15:32:21 GMT","1714577541216","18","","","","No","No","","","1","0","2","737980149995274240","924336354811334676","797920307284934697","10","F","S","S","F","F","F","D","",""
"vbjmpkl","12858","4","Siegfried","Fate/Apocrypha","3","Wed, 01 May 2024 13:16:30 GMT","1714569390470","90","","","","No","No","","","3","0","3","924336354811334676","924336354811334676","797920307284934697","54","F","S","S","S","S","F","D","",""
"vbb6d69","64567","1","Gaugin","Neko no Niagho","1","Wed, 01 May 2024 12:09:20 GMT","1714565360987","1","","","","No","No","","","1","0","1","924336354811334676","924336354811334676","797920307284934697","0","F","S","S","S","F","F","D","",""
"vbb6hns","61970","1","Dendenwani","Doraemon: The Records of Nobita, Spaceblazer","1","Wed, 01 May 2024 11:10:21 GMT","1714561821788","1","","","","No","No","","","0","0","1","924336354811334676","924336354811334676","797920307284934697","0","F","S","S","S","C","F","D","",""
"vbbxw34","64180","1","Zorua","Pokémon: Black & White: Adventures in Unova and Beyond","2","Wed, 01 May 2024 08:26:18 GMT","1714551978445","21","","","","No","No","","","10","0","2","924336354811334676","924336354811334676","797920307284934697","13","F","S","S","S","A","F","D","",""
"vbbsxws","64115","1","Ichi Mezato","Mob Psycho 100","4","Wed, 01 May 2024 07:48:41 GMT","1714549721393","44","","","","No","No","","","1","0","4","924336354811334676","924336354811334676","797920307284934697","25","F","S","S","S","A","F","D","",""
"vbb97sw","9789","4","Klee","Genshin Impact","4","Tue, 30 Apr 2024 20:56:09 GMT","1714510569639","348","","","","No","No","","","404","0","4","1142935430342385724","1142935430342385724","797920307284934697","174","F","S","F","F","A","F","D","",""
"vbbf414","64202","1","Iriki Kanno","Starship Operators","1","Tue, 30 Apr 2024 20:47:07 GMT","1714510027727","1","","","","No","No","","","0","0","1","924336354811334676","924336354811334676","797920307284934697","0","F","S","S","S","A","F","D","",""
"vbb9zkq","12528","1","Kyoya Asahina","Yumeiro Cast","0","Tue, 30 Apr 2024 20:02:11 GMT","1714507331011","1","","","","No","No","","","1","0","0","1142935430342385724","924336354811334676","797920307284934697","0","F","S","S","F","D","F","D","",""
"vbbg2f6","23889","2","Pen Pen","Neon Genesis Evangelion","4","Tue, 30 Apr 2024 19:16:23 GMT","1714504583027","170","","","","No","No","","","44","0","4","","924336354811334676","797920307284934697","80","F","S","S","F","F","F","D","",""
"vbb37g5","64470","1","Taiju Unazuki","Cute High Earth Defense Club Happy Kiss!","2","Tue, 30 Apr 2024 19:04:07 GMT","1714503847947","3","","","","No","No","","","0","0","2","","924336354811334676","797920307284934697","1","F","S","S","F","B","F","D","",""
"vbbg6tw","63906","1","Isshin Yuiga","Nanana's Buried Treasure","1","Tue, 30 Apr 2024 18:48:08 GMT","1714502888062","1","","","","No","No","","","0","0","1","","924336354811334676","797920307284934697","0","F","S","S","F","B","F","D","",""
"vbbgf58","64149","1","Akira Renbokouji","Valvrave the Liberator","1","Tue, 30 Apr 2024 18:37:44 GMT","1714502264720","1","","","","No","No","","","1","0","1","924336354811334676","924336354811334676","797920307284934697","0","F","S","S","S","A","F","D","",""
"vbbg6gc","54471","1","Reala Thompson","Re:ZERO -Starting Life in Another World- Season 2","3","Tue, 30 Apr 2024 18:06:02 GMT","1714500362560","32","","","","No","No","","","1","0","3","924336354811334676","737980149995274240","797920307284934697","16","F","S","F","S","F","F","D","",""
"vbbg6g6","64567","1","Nicholas Lobov","Attack on Titan: No Regrets","3","Tue, 30 Apr 2024 18:05:15 GMT","1714500315152","17","","","","No","No","","","1","0","3","924336354811334676","924336354811334676","797920307284934697","8","F","S","S","S","S","F","D","",""
"vbbr139","64288","1","Cerebellum","The Tatami Galaxy","3","Tue, 30 Apr 2024 15:12:27 GMT","1714489947651","4","","","","No","No","","","1","0","3","924336354811334676","924336354811334676","797920307284934697","1","F","S","S","S","B","F","D","",""
"vbbr3nt","63922","1","Kurt","Master Keaton OVA","3","Tue, 30 Apr 2024 14:40:02 GMT","1714488002100","6","","","","No","No","","","0","0","3","924336354811334676","924336354811334676","797920307284934697","4","F","S","S","S","A","F","D","",""
"vbbntzt","64174","1","Takeda Shingen","Ikemen Sengoku: Toki wo Kakeru Koi","0","Tue, 30 Apr 2024 07:53:45 GMT","1714463625913","1","","","","No","No","","","1","0","0","924336354811334676","924336354811334676","797920307284934697","0","F","S","S","S","B","F","D","",""
"vbbnl0q","28376","2","Thomas Berneux","The Case Study of Vanitas","3","Tue, 30 Apr 2024 06:44:26 GMT","1714459466500","38","","","","No","No","","","1","0","3","924336354811334676","924336354811334676","797920307284934697","24","F","S","S","S","A","F","D","",""
"vbbjfhq","64674","1","Kemper Boltz","Attack on Titan: Lost Girls","2","Tue, 30 Apr 2024 04:48:45 GMT","1714452525454","6","","","","No","No","","","1","0","2","924336354811334676","924336354811334676","797920307284934697","4","F","S","S","S","B","F","D","",""
"vbbq1h2","58361","1","Millennium Stone","Yu-Gi-Oh! Duel Monsters","3","Mon, 29 Apr 2024 20:35:37 GMT","1714422937944","17","","","","No","No","","","1","0","3","924336354811334676","924336354811334676","797920307284934697","8","F","S","S","S","B","F","D","",""
"vbbqtq4","64512","1","Kousei Gotou","Giant Killing","0","Mon, 29 Apr 2024 19:56:23 GMT","1714420583299","1","","","","No","No","","","0","0","0","924336354811334676","924336354811334676","797920307284934697","0","F","S","S","S","A","F","D","",""
"vbbqd9b","64302","1","Kikyou","REBORN!","1","Mon, 29 Apr 2024 19:19:52 GMT","1714418392561","2","","","","No","No","","","1","0","1","924336354811334676","924336354811334676","797920307284934697","1","F","S","S","S","A","F","D","",""
"vbbmxqc","881","1","Iverson","Reverse: 1999","1","Mon, 29 Apr 2024 17:40:33 GMT","1714412433573","3","","","","No","No","","","0","0","1","924336354811334676","924336354811334676","797920307284934697","1","F","S","S","S","A","F","A","",""
"vbbv8q8","56123","1","Goukan Kai","Reikenzan: Hoshikuzu-tachi no Utage","2","Mon, 29 Apr 2024 16:52:26 GMT","1714409546877","2","","","","No","No","","","1","0","2","924336354811334676","924336354811334676","797920307284934697","1","F","S","S","S","A","F","D","",""
"vb5c7fp","64044","1","Yamabuki","Good Luck Girl!","4","Mon, 29 Apr 2024 16:16:24 GMT","1714407384469","18","","","","No","No","","","0","0","4","924336354811334676","924336354811334676","797920307284934697","11","F","S","S","S","F","F","D","",""
"vb5czcl","791","4","Yunnan Noodles","Food Fantasy","0","Mon, 29 Apr 2024 15:38:58 GMT","1714405138941","10","","","","No","No","","","2","0","0","924336354811334676","924336354811334676","797920307284934697","6","F","S","S","S","A","F","A","",""
"vb5csf1","17021","1","Fake Tooru","The Yakuza's Guide to Babysitting","2","Mon, 29 Apr 2024 15:06:38 GMT","1714403198635","6","","","","No","No","","","0","0","2","924336354811334676","924336354811334676","797920307284934697","4","F","S","S","S","A","F","C","",""
"vb5tph6","64416","1","Sakichi Shishido","Inazuma Eleven: Saikyou Gundan Ogre Shuurai","1","Mon, 29 Apr 2024 04:05:27 GMT","1714363527568","1","","","","No","No","","","1","0","1","924336354811334676","924336354811334676","797920307284934697","0","F","S","S","S","C","F","D","",""
"vb53crh","23134","1","Tetsuya Hikawa","The Day I Became a God","2","Sun, 28 Apr 2024 20:43:09 GMT","1714336989113","4","","","","No","No","","","0","0","2","924336354811334676","924336354811334676","797920307284934697","1","F","S","S","S","C","F","D","",""
"vb5g95z","64317","1","Kota Iijima","My Roommate Is a Cat","2","Sun, 28 Apr 2024 20:10:26 GMT","1714335026804","3","","","","No","No","","","1","0","2","1142935430342385724","924336354811334676","797920307284934697","1","F","S","S","F","F","F","D","",""
"vb5rq0k","64019","1","Georg Tanner","The Qwaser of Stigmata","2","Sun, 28 Apr 2024 18:11:39 GMT","1714327899356","1","","","","No","No","","","0","0","2","924336354811334676","924336354811334676","797920307284934697","0","F","S","S","S","A","F","D","",""
"vb5pfp0","64244","1","Donragon","Cuticle Detective Inaba","0","Sun, 28 Apr 2024 17:17:54 GMT","1714324674682","1","","","","No","No","","","0","0","0","1058805575317733477","924336354811334676","797920307284934697","0","F","S","S","F","C","F","D","",""
"vb5ptc8","14833","2","Juri","Yu Yu Hakusho","1","Sun, 28 Apr 2024 17:02:03 GMT","1714323723835","10","","","","No","No","","","4","0","1","924336354811334676","924336354811334676","797920307284934697","6","F","S","S","S","A","F","D","",""
"vb5428b","4223","5","Stella Vermillion","Chivalry of a Failed Knight","2","Sun, 28 Apr 2024 16:03:48 GMT","1714320228706","73","","","","No","No","","","215","0","2","924336354811334676","924336354811334676","797920307284934697","43","F","S","S","S","A","F","C","",""
"vb54gbf","64692","1","Kazuki Hino","Papa to Kiss in the Dark","1","Sun, 28 Apr 2024 14:30:28 GMT","1714314628896","1","","","","No","No","","","1","0","1","924336354811334676","924336354811334676","797920307284934697","0","F","S","S","S","B","F","D","",""
"vb5zfnx","22056","3","Roy Bachelot","Hortensia Saga","2","Sun, 28 Apr 2024 13:55:11 GMT","1714312511268","18","","","","No","No","","","1","0","2","924336354811334676","924336354811334676","797920307284934697","13","F","S","S","S","S","F","D","",""
"vb517j2","20180","1","Jiro","Healer Girl","3","Sun, 28 Apr 2024 13:21:20 GMT","1714310480120","14","","","","No","No","","","1","0","3","924336354811334676","924336354811334676","797920307284934697","9","F","S","S","S","A","F","C","",""
"vb51f2t","1658","6","Erza Scarlet","Fairy Tail","3","Sun, 28 Apr 2024 12:15:19 GMT","1714306519858","173","","","","No","No","","","886","0","3","924336354811334676","924336354811334676","797920307284934697","109","F","S","S","S","A","F","B","",""
"vb51vrj","18968","1","Whiteking","Ousama Ranking","3","Sun, 28 Apr 2024 11:26:05 GMT","1714303565766","17","","","","No","No","","","1","0","3","1142935430342385724","924336354811334676","797920307284934697","8","F","S","S","F","C","F","C","",""
"vb5ntq1","64362","1","Nagisa Tsukikage","Mix","0","Sun, 28 Apr 2024 11:03:46 GMT","1714302226005","1","","","","No","No","","","0","0","0","924336354811334676","924336354811334676","797920307284934697","0","F","S","S","S","B","F","D","",""
"vb5n8p7","63838","1","Tyuule","GATE (2016)","2","Sun, 28 Apr 2024 09:54:17 GMT","1714298057352","6","","","","No","No","","","1","0","2","924336354811334676","924336354811334676","797920307284934697","4","F","S","S","S","A","F","D","",""
"vb5nkcc","5327","4","Toya Kanzaki","Black Summoner","3","Sun, 28 Apr 2024 09:31:17 GMT","1714296677065","50","","","","No","No","","","0","0","3","1142935430342385724","924336354811334676","797920307284934697","28","F","S","S","F","B","F","D","",""
"vb5bcck","22502","2","Yuu Kashiwagi","Otome wa Boku ni Koishiteru: Futari no Elder","1","Sun, 28 Apr 2024 09:06:44 GMT","1714295204218","10","","","","No","No","","","1","0","1","924336354811334676","924336354811334676","797920307284934697","5","F","S","S","S","A","F","D","",""
"vb5h6qg","61491","1","Dr. Asama","The Day I Became a God","2","Sat, 27 Apr 2024 22:24:05 GMT","1714256645257","2","","","","No","No","","","0","0","2","924336354811334676","924336354811334676","797920307284934697","1","F","S","S","S","B","F","D","",""
"vb5hh4n","11737","1","Daiya Oomine","Utsuro no Hako to Zero no Maria","1","Sat, 27 Apr 2024 21:05:23 GMT","1714251923927","4","","","","No","No","","","1","0","1","924336354811334676","924336354811334676","797920307284934697","1","F","S","S","S","A","F","D","",""
"vb50bw9","2437","3","Siatrich Newreal Chamos","The Reason Why Raeliana Ended Up at the Duke's Mansion","3","Sat, 27 Apr 2024 20:20:07 GMT","1714249207124","51","","","","No","No","","","1","0","3","1142935430342385724","924336354811334676","797920307284934697","29","F","S","S","F","F","F","B","",""
"vb506gb","981","4","Tsuyoshi Yamano","Saving 80,000 Gold in Another World for My Retirement","2","Sat, 27 Apr 2024 19:55:18 GMT","1714247718021","27","","","","No","No","","","0","0","2","924336354811334676","924336354811334676","797920307284934697","16","F","S","S","S","F","F","B","",""
"vb5vsk7","1872","6","Hua Cheng","Tian Guan Ci Fu","0","Sat, 27 Apr 2024 18:57:52 GMT","1714244272397","18","","","","No","No","","","670","0","0","924336354811334676","924336354811334676","797920307284934697","13","F","S","S","S","F","F","B","",""
"vb5v1s9","64308","1","Menma","Naruto Shippuden Movie 6: Road to Ninja","4","Sat, 27 Apr 2024 17:56:22 GMT","1714240582795","57","","","","No","No","","","3","0","4","924336354811334676","924336354811334676","797920307284934697","31","F","S","S","S","A","F","D","",""
"vbkc142","62861","1","Kuroda Charlie Kanbee","Oda Cinnamon Nobunaga","2","Sat, 27 Apr 2024 15:28:30 GMT","1714231710029","4","","","","No","No","","","0","0","2","924336354811334676","924336354811334676","797920307284934697","1","F","S","S","S","A","F","D","",""
"vbkxsfg","64487","1","Suzuki","SoniAni: Super Sonico the Animation","4","Sat, 27 Apr 2024 13:04:10 GMT","1714223050605","10","","","","No","No","","","0","0","4","924336354811334676","924336354811334676","797920307284934697","6","F","S","S","S","A","F","D","",""
"vbkdg96","64762","1","Doctor","Strike Witches 2","2","Sat, 27 Apr 2024 08:54:10 GMT","1714208050050","2","","","","No","No","","","0","0","2","924336354811334676","924336354811334676","797920307284934697","1","F","S","S","S","B","F","D","",""
"vbktx2k","64395","1","Souta Mishina","K-Project","2","Sat, 27 Apr 2024 05:51:26 GMT","1714197086162","5","","","","No","No","","","0","0","2","924336354811334676","924336354811334676","797920307284934697","1","F","S","S","S","B","F","D","",""
"vbk92xl","62347","1","Elf Tracker","Shadowverse","4","Fri, 26 Apr 2024 23:45:24 GMT","1714175124430","30","","","","No","No","","","1","0","4","924336354811334676","924336354811334676","797920307284934697","19","F","S","S","S","A","F","D","",""
"vbk9w9s","10705","3","Clay Berger","The Fruit of Evolution: Before I Knew It, My Life Had It Made","2","Fri, 26 Apr 2024 22:46:42 GMT","1714171602994","17","","","","No","No","","","0","0","2","924336354811334676","924336354811334676","797920307284934697","8","F","S","S","S","B","F","C","",""
"vbk90gq","1874","6","Enishi Yukishiro","Rurouni Kenshin: Tsuiokuhen","1","Fri, 26 Apr 2024 22:12:59 GMT","1714169579824","15","","","","No","No","","","1","0","1","1058805575317733477","924336354811334676","797920307284934697","8","F","S","S","F","F","F","B","",""
"vbkgm7n","64123","1","Eriko Aizawa","Death Note","0","Fri, 26 Apr 2024 21:27:54 GMT","1714166874920","2","","","","No","No","death","","1","0","0","924336354811334676","924336354811334676","797920307284934697","1","F","S","S","S","A","F","D","",""
"vbkgwnv","22938","3","Geronimo","Fate/Grand Order","1","Fri, 26 Apr 2024 20:20:20 GMT","1714162820987","12","","","","No","No","","","1","0","1","924336354811334676","924336354811334676","797920307284934697","5","F","S","S","S","C","F","D","",""
"vbkrr8k","64079","1","Red Turtle","Licca-chan Fushigi na Fushigi na Yunia Monogatari","0","Fri, 26 Apr 2024 18:31:18 GMT","1714156278123","1","","","","No","No","","","1","0","0","924336354811334676","924336354811334676","797920307284934697","0","F","S","S","S","A","F","D","",""
"vbkp904","63384","1","Cure Étoile","Hugtto! Precure","2","Fri, 26 Apr 2024 17:20:20 GMT","1714152020591","6","","","","No","No","","","2","0","2","924336354811334676","924336354811334676","797920307284934697","4","F","S","S","S","A","F","D","",""
"vbkzf01","64325","1","Zolgia","The Testament of Sister New Devil","2","Fri, 26 Apr 2024 15:10:21 GMT","1714144221743","2","","","","No","No","","","0","0","2","924336354811334676","924336354811334676","797920307284934697","1","F","S","S","S","A","F","D","",""
"vbkzv4m","64062","1","Sugio","Junji Ito Collection","0","Fri, 26 Apr 2024 14:04:13 GMT","1714140253423","1","","","","No","No","","","1","0","0","924336354811334676","924336354811334676","797920307284934697","0","F","S","S","S","A","F","D","",""
"vbknfhr","64432","1","Quincy T. Quackenpoker","Pokémon","2","Fri, 26 Apr 2024 12:43:50 GMT","1714135430102","4","","","","No","No","","","1","0","2","924336354811334676","924336354811334676","797920307284934697","1","F","S","S","S","B","F","D","",""
"vbk1347","62177","1","Runba Luseine III","Dokyuu Hentai HxEros","1","Fri, 26 Apr 2024 12:08:28 GMT","1714133308450","3","","","","No","No","","","1","0","1","924336354811334676","924336354811334676","797920307284934697","1","F","S","S","S","A","F","D","",""
"vbkj4c9","5240","2","Tanaka","Tanaka-kun is Always Listless","1","Fri, 26 Apr 2024 09:35:39 GMT","1714124139072","22","","","","No","No","","","43","0","1","924336354811334676","924336354811334676","797920307284934697","14","F","S","S","S","A","F","D","",""
"vbkkxn4","64107","1","Yui Kashii","My First Girlfriend is a Gal","3","Fri, 26 Apr 2024 03:09:58 GMT","1714100998068","24","","","","No","No","","","1","0","3","924336354811334676","924336354811334676","797920307284934697","13","F","S","S","S","F","F","D","",""
"vbkwv8v","34325","1","Siyu","Genshin Impact","2","Fri, 26 Apr 2024 02:39:14 GMT","1714099154385","21","","","","No","No","","","1","0","2","924336354811334676","924336354811334676","797920307284934697","14","F","S","S","S","A","F","D","",""
"vbkw7vk","64364","1","Ryo-ohki","Tenchi Muyo! Ryo-Ohki","2","Fri, 26 Apr 2024 00:40:08 GMT","1714092008078","5","","","","No","No","","","4","0","2","1142935430342385724","924336354811334676","797920307284934697","1","F","S","S","F","B","F","D","",""
"vbkhj07","48588","1","Oro Jackson","One Piece","3","Thu, 25 Apr 2024 23:13:59 GMT","1714086839800","51","","","","No","No","","","2","0","3","924336354811334676","924336354811334676","797920307284934697","30","F","S","S","S","S","F","D","",""
"vbkqsg8","34507","1","Shizuru","Genshin Impact","0","Thu, 25 Apr 2024 21:52:08 GMT","1714081928370","6","","","","No","No","","","1","0","0","924336354811334676","924336354811334676","797920307284934697","4","F","S","S","S","S","F","D","",""
"vbk0fds","4508","5","Akito Shinonome","Project SEKAI COLORFUL STAGE! feat. Hatsune Miku","1","Thu, 25 Apr 2024 21:19:09 GMT","1714079949697","32","","","","No","No","","","207","0","1","","924336354811334676","797920307284934697","18","F","S","S","F","C","F","C","",""
"vbk05dg","64212","1","Taki","Maburaho","2","Thu, 25 Apr 2024 21:02:24 GMT","1714078944916","1","","","","No","No","","","0","0","2","737980149995274240","924336354811334676","797920307284934697","0","F","S","S","F","A","F","D","",""
"vbk0lwc","64327","1","Narunosuke","Bleach","3","Thu, 25 Apr 2024 20:51:09 GMT","1714078269943","22","","","","No","No","","","1","0","3","924336354811334676","924336354811334676","797920307284934697","14","F","S","S","S","A","F","D","",""
"vbk0svn","49502","1","Emerl","Sonic X","0","Thu, 25 Apr 2024 20:19:19 GMT","1714076359674","1","","","","No","No","","","3","0","0","924336354811334676","924336354811334676","797920307284934697","0","F","S","S","S","B","F","D","",""
"vbk0q8z","5694","3","Natsuki Oikawa","Dance Dance Danseur","0","Thu, 25 Apr 2024 19:34:59 GMT","1714073699914","6","","","","No","No","","","1","0","0","924336354811334676","924336354811334676","797920307284934697","4","F","S","S","S","B","F","C","",""
"vbkvm2d","16919","2","Taiga Kougami","King of Prism by Pretty Rhythm","1","Thu, 25 Apr 2024 18:41:51 GMT","1714070511448","9","","","","No","No","","","1","0","1","924336354811334676","924336354811334676","797920307284934697","4","F","S","S","S","B","F","D","",""
"vbkmsnp","17182","1","Botanical Deodorant","Drugstore in Another World: The Slow Life of a Cheat Pharmacist","1","Thu, 25 Apr 2024 17:10:57 GMT","1714065057651","3","","","","No","No","","","1","0","1","924336354811334676","924336354811334676","797920307284934697","1","F","S","S","S","B","F","D","",""
"vbwch0l","64087","1","Johan Seigmund Enigma","Phi Brain: Kami no Puzzle 3","0","Thu, 25 Apr 2024 15:30:20 GMT","1714059020779","1","","","","No","No","","","0","0","0","924336354811334676","924336354811334676","797920307284934697","0","F","S","S","S","B","F","D","",""
"vbwx7wz","64310","1","Ororane","Neko Hiki no Ororane","1","Thu, 25 Apr 2024 14:06:42 GMT","1714054002490","1","","","","No","No","","","1","0","1","924336354811334676","924336354811334676","797920307284934697","0","F","S","S","S","S","F","D","",""
"vbws6s4","64204","1","Benitengutake","Chibi Airin no Yuruyaka na Nichijou","2","Thu, 25 Apr 2024 13:24:16 GMT","1714051456482","5","","","","No","No","","","1","0","2","924336354811334676","924336354811334676","797920307284934697","1","F","S","S","S","A","F","D","",""
"vbws1zj","17413","2","Diene Tali","Epic Seven","2","Thu, 25 Apr 2024 12:59:10 GMT","1714049950701","25","","","","No","No","","","1","0","2","","924336354811334676","797920307284934697","11","F","S","S","F","D","F","D","",""
"vbwx388","63893","1","Master Lord Majesty","Radiant","0","Thu, 25 Apr 2024 12:31:14 GMT","1714048274551","1","","","","No","No","","","3","0","0","","924336354811334676","797920307284934697","0","F","S","S","F","F","F","D","",""
"vbwxjhc","63771","1","Tanner","Pokémon: Genesect and the Legend Awakened","2","Thu, 25 Apr 2024 11:58:13 GMT","1714046293444","4","","","","No","No","","","1","0","2","","924336354811334676","797920307284934697","1","F","S","S","F","F","F","D","",""
"vbwsc67","9934","4","Hitoya Amaguni","Hypnosis Mic -Alternative Rap Battle-","0","Thu, 25 Apr 2024 11:44:06 GMT","1714045446366","6","","","","No","No","","","3","0","0","924336354811334676","924336354811334676","797920307284934697","4","F","S","S","S","S","F","D","",""
"vbwx1l7","22023","2","Izumi Rio","Full Moon wo Sagashite","4","Thu, 25 Apr 2024 11:13:08 GMT","1714043588040","52","","","","No","No","","","1","0","4","","924336354811334676","797920307284934697","26","F","S","S","F","C","F","D","",""
"vbwxwx4","4682","5","Gaku Sudo","Yumeiro Cast","2","Thu, 25 Apr 2024 10:48:03 GMT","1714042083197","27","","","","No","No","","","1","0","2","","924336354811334676","797920307284934697","15","F","S","S","F","A","F","C","",""
"vbw7f7x","58909","1","Sloth Bear","Brand New Animal","2","Thu, 25 Apr 2024 09:45:07 GMT","1714038307801","4","","","","No","No","","","1","0","2","924336354811334676","924336354811334676","797920307284934697","1","F","S","S","S","A","F","D","",""
"vbw8wc2","64587","1","Terumasa Nanjo","Umineko: When They Cry","4","Thu, 25 Apr 2024 02:44:52 GMT","1714013092812","5","","","","No","No","","","1","0","4","924336354811334676","924336354811334676","797920307284934697","1","F","S","S","S","A","F","D","",""
"vbwl7ft","58393","1","Elisa","Girls' Frontline","0","Thu, 25 Apr 2024 00:43:27 GMT","1714005807356","2","","","","No","No","","","1","0","0","924336354811334676","924336354811334676","797920307284934697","1","F","S","S","S","B","F","D","",""
"vbwfvhx","38369","1","Annie's Father","Attack on Titan","2","Wed, 24 Apr 2024 23:27:46 GMT","1714001266017","15","","","","No","No","","","2","0","2","924336354811334676","924336354811334676","797920307284934697","8","F","S","S","S","S","F","D","",""
"vbw9xd4","17308","3","Makoto Suzuki","Tokyo Revengers","1","Wed, 24 Apr 2024 22:07:06 GMT","1713996426842","18","","","","No","No","","","1","0","1","","924336354811334676","797920307284934697","11","F","S","S","F","B","F","D","",""
"vbw9qd6","19207","2","Raita Oguma","The Day I Became a God","3","Wed, 24 Apr 2024 21:51:28 GMT","1713995488758","24","","","","No","No","","","0","0","3","","924336354811334676","797920307284934697","13","F","S","S","F","B","F","D","",""
"vbw9q7d","63760","1","Child 4","Suite Precure","2","Wed, 24 Apr 2024 21:34:20 GMT","1713994460557","1","","","","No","No","","","0","0","2","","924336354811334676","797920307284934697","0","F","S","S","F","F","F","D","",""
"vbwgqmp","1502","6","Veldora Tempest","That Time I Got Reincarnated as a Slime","4","Wed, 24 Apr 2024 21:04:21 GMT","1713992661747","290","","","","No","No","","","164","0","4","924336354811334676","924336354811334676","797920307284934697","170","F","S","S","S","F","F","B","",""
"vbwg15v","3945","1","Tanba","The Alchemist Code","1","Wed, 24 Apr 2024 20:54:06 GMT","1713992046493","10","","","","No","No","","","1","0","1","","924336354811334676","797920307284934697","6","F","S","S","F","B","F","C","",""
"vbwg9f3","1731","6","Gray Fullbuster","Fairy Tail","0","Wed, 24 Apr 2024 20:16:51 GMT","1713989811490","20","","","","No","No","","","229","0","0","737980149995274240","924336354811334676","797920307284934697","13","F","S","S","F","S","F","B","",""
"vb2x7j6","1560","4","Kirara","Genshin Impact","1","Wed, 24 Apr 2024 18:54:11 GMT","1713984851803","41","","","","No","No","","","105","0","1","924336354811334676","589144811735351307","797920307284934697","23","F","S","F","S","F","F","B","",""
"vbwrkvv","4203","5","Monika","Doki Doki Literature Club!","3","Wed, 24 Apr 2024 18:45:58 GMT","1713984358615","163","","","","No","No","","","415","0","3","924336354811334676","924336354811334676","797920307284934697","95","F","S","S","S","A","F","C","",""
"vbwrk9m","64568","1","Luca","IGPX: Immortal Grand Prix","0","Wed, 24 Apr 2024 16:59:39 GMT","1713977979632","1","","","","No","No","","","0","0","0","924336354811334676","924336354811334676","797920307284934697","0","F","S","S","S","A","F","D","",""
"vbwz5x7","34517","2","Galina","Honkai Impact 3rd","2","Wed, 24 Apr 2024 15:12:36 GMT","1713971556646","36","","","","No","No","","","1","0","2","924336354811334676","924336354811334676","797920307284934697","21","F","S","S","S","A","F","D","",""
"vbwnf00","64447","1","Crimson Riot","My Hero Academia 2","1","Wed, 24 Apr 2024 12:54:46 GMT","1713963286373","11","","","","No","No","","","1","0","1","924336354811334676","924336354811334676","797920307284934697","5","F","S","S","S","A","F","D","",""
"vbwnqt7","1832","5","Liu","Revenger","2","Wed, 24 Apr 2024 11:10:27 GMT","1713957027334","25","","","","No","No","","","2","0","2","924336354811334676","924336354811334676","797920307284934697","16","F","S","S","S","A","F","B","",""
"vbwjsq0","34933","1","Hot Guy","My Dress-Up Darling","2","Wed, 24 Apr 2024 09:36:19 GMT","1713951379066","7","","","","No","No","mdud","","1","0","2","","924336354811334676","797920307284934697","4","F","S","S","F","F","F","D","",""
"vbw25z7","22120","3","Kodaki Kawaike","Pretty Boy Detective Club","0","Wed, 24 Apr 2024 01:32:09 GMT","1713922329635","7","","","","No","No","","","1","0","0","924336354811334676","924336354811334676","797920307284934697","4","F","S","S","S","A","F","D","",""
"vbwhbzd","63811","1","Ginga Kong","To Love Ru","0","Tue, 23 Apr 2024 23:24:08 GMT","1713914648512","1","","","","No","No","","","1","0","0","924336354811334676","924336354811334676","797920307284934697","0","F","S","S","S","A","F","D","",""
"vbwq6jf","13428","3","Xiao","Genshin Impact","2","Tue, 23 Apr 2024 22:55:39 GMT","1713912939144","87","","","","No","No","","","1203","0","2","","737980149995274240","797920307284934697","39","F","S","F","F","F","F","D","",""
"vbwqll3","10200","3","Crusch Lulu","Overlord II","2","Tue, 23 Apr 2024 22:51:06 GMT","1713912666666","29","","","","No","No","","","5","0","2","","924336354811334676","797920307284934697","15","F","S","S","F","B","F","D","",""
"vbw0cw1","64016","1","Hoto","Casshern Sins","2","Tue, 23 Apr 2024 22:35:11 GMT","1713911711532","1","","","","No","No","","","0","0","2","","924336354811334676","797920307284934697","0","F","S","S","F","D","F","D","",""
"vbw0cvt","64682","1","Heavens Arena 200th Floor Clerk","Hunter x Hunter","2","Tue, 23 Apr 2024 21:40:48 GMT","1713908448372","14","","","","No","No","","","1","0","2","924336354811334676","924336354811334676","797920307284934697","8","F","S","S","S","S","F","D","",""
"vbw0k5d","11530","1","Sarina Tendoji","Oshi no Ko","3","Tue, 23 Apr 2024 20:43:39 GMT","1713905019311","50","","","","No","No","","","2","0","3","924336354811334676","924336354811334676","797920307284934697","31","F","S","S","S","A","F","C","",""
"vbwvqxv","64298","1","Muffin","Dinozaurs: The Series","0","Tue, 23 Apr 2024 18:56:21 GMT","1713898581089","1","","","","No","No","","","1","0","0","924336354811334676","924336354811334676","797920307284934697","0","F","S","S","S","A","F","D","",""
"vb2czbg","15753","2","Perospero Charlotte","One Piece","2","Tue, 23 Apr 2024 17:08:13 GMT","1713892093939","36","","","","No","No","","","3","0","2","924336354811334676","924336354811334676","797920307284934697","21","F","S","S","S","A","F","C","",""
"vb2xtlq","63927","1","Morena Oujo","Didn't I Say to Make My Abilities Average in the Next Life?!","2","Tue, 23 Apr 2024 15:58:29 GMT","1713887909746","7","","","","No","No","","","1","0","2","924336354811334676","924336354811334676","797920307284934697","4","F","S","S","S","F","F","D","",""
"vb2x8bt","60956","1","Nosepass","Pokémon Advanced","2","Tue, 23 Apr 2024 15:24:25 GMT","1713885865729","11","","","","No","No","","","1","0","2","924336354811334676","924336354811334676","797920307284934697","5","F","S","S","S","A","F","D","",""
"vb2x7jx","1408","3","Ai Hyperion Lambda","Honkai Impact 3rd","2","Tue, 23 Apr 2024 14:43:58 GMT","1713883438118","55","","","","No","No","","","3","0","2","924336354811334676","924336354811334676","797920307284934697","35","F","S","S","S","A","F","B","",""
"vb2sqtc","63938","1","Kapoty","One Piece","2","Tue, 23 Apr 2024 12:43:07 GMT","1713876187590","7","","","","No","No","","","1","0","2","924336354811334676","924336354811334676","797920307284934697","4","F","S","S","S","A","F","D","",""
"vb2d716","64054","1","Isoka","One Piece","2","Tue, 23 Apr 2024 11:57:26 GMT","1713873446104","9","","","","No","No","","","1","0","2","924336354811334676","924336354811334676","797920307284934697","4","F","S","S","S","B","F","D","",""
"vb27sc6","64314","1","Madame President","Golden Boy","3","Tue, 23 Apr 2024 11:23:32 GMT","1713871412886","14","","","","No","No","","","2","0","3","924336354811334676","924336354811334676","797920307284934697","6","F","S","S","S","B","F","D","",""
"vb27jc4","32308","1","Asaello","Fire Emblem: Genealogy of the Holy War","3","Tue, 23 Apr 2024 10:12:51 GMT","1713867171154","22","","","","No","No","","","1","0","3","924336354811334676","924336354811334676","797920307284934697","15","F","S","S","S","S","F","D","",""
"vb27ls6","64006","1","Jukii","Boo Boo Boy","1","Tue, 23 Apr 2024 09:19:40 GMT","1713863980135","1","","","","No","No","","","1","0","1","924336354811334676","924336354811334676","797920307284934697","0","F","S","S","S","C","F","D","",""
"vb27c7d","1853","6","June","Avatar: The Last Airbender","2","Tue, 23 Apr 2024 09:06:17 GMT","1713863177250","62","","","","No","No","","","12","0","2","","924336354811334676","797920307284934697","35","F","S","S","F","F","F","B","",""
"vb2txhc","63941","1","Kajika","Kabaneri of the Iron Fortress","2","Tue, 23 Apr 2024 08:47:12 GMT","1713862032829","7","","","","No","No","","","1","0","2","","924336354811334676","797920307284934697","4","F","S","S","F","F","F","D","",""
"vb275gb","22779","1","Waruzaki's Grandson","Police in a Pod","0","Tue, 23 Apr 2024 08:33:28 GMT","1713861208959","1","","","","No","No","","","0","0","0","1167080205488226380","924336354811334676","797920307284934697","0","F","S","S","F","F","F","C","",""
"vb27vvn","64354","1","Diana","Rental Magica","3","Tue, 23 Apr 2024 08:13:07 GMT","1713859987545","5","","","","No","No","","","0","0","3","924336354811334676","924336354811334676","797920307284934697","1","F","S","S","S","B","F","D","",""
"vb2r442","64405","1","DeMille Junior","elDLIVE","2","Mon, 22 Apr 2024 20:36:09 GMT","1713818169088","1","","","","No","No","","","0","0","2","924336354811334676","924336354811334676","797920307284934697","0","F","S","S","S","C","F","D","",""
"vb2pbjf","16814","3","Slingshot","Marvel Future Avengers 2nd Season","2","Mon, 22 Apr 2024 19:00:06 GMT","1713812406416","25","","","","No","No","","","2","0","2","924336354811334676","924336354811334676","797920307284934697","14","F","S","S","S","S","F","D","",""
"vb24pmg","63856","1","Yohei Yamada","Chi's Sweet Home","0","Mon, 22 Apr 2024 18:23:47 GMT","1713810227107","1","","","","No","No","","","1","0","0","924336354811334676","924336354811334676","797920307284934697","0","F","S","S","S","A","F","D","",""
"vb24tf8","64190","1","Yoshinobu Tokugawa","Samurai Jam: Bakumatsu Rock","2","Mon, 22 Apr 2024 17:42:27 GMT","1713807747557","4","","","","No","No","","","0","0","2","924336354811334676","924336354811334676","797920307284934697","1","F","S","S","S","B","F","D","",""
"vb2ntb1","64270","1","Naga","Zegapain","0","Mon, 22 Apr 2024 15:16:17 GMT","1713798977877","1","","","","No","No","","","0","0","0","924336354811334676","924336354811334676","797920307284934697","0","F","S","S","S","A","F","D","",""
"vb2nnkn","63915","1","Paon","Kedama no Gonjiro","2","Mon, 22 Apr 2024 14:32:22 GMT","1713796342498","3","","","","No","No","","","1","0","2","","924336354811334676","797920307284934697","1","F","S","S","F","F","F","D","",""
"vb2nh32","64357","1","Sachi's Father","The Fruit of Grisaia","3","Mon, 22 Apr 2024 14:09:48 GMT","1713794988993","6","","","","No","No","","","1","0","3","924336354811334676","924336354811334676","797920307284934697","4","F","S","S","S","B","F","D","",""
"vb2j6js","64023","1","Mark Kruger","Inazuma Eleven","2","Mon, 22 Apr 2024 13:47:14 GMT","1713793634570","4","","","","No","No","","","1","0","2","","924336354811334676","797920307284934697","1","F","S","S","F","F","F","D","",""
"vb2njwt","63862","1","Altena","Noir","3","Mon, 22 Apr 2024 13:32:44 GMT","1713792764237","3","","","","No","No","","","2","0","3","924336354811334676","924336354811334676","797920307284934697","1","F","S","S","S","A","F","D","",""
"vb25md2","64257","1","Edwina's Cat","Maria the Virgin Witch","3","Mon, 22 Apr 2024 08:53:01 GMT","1713775981514","10","","","","No","No","","","1","0","3","","924336354811334676","797920307284934697","6","F","S","S","F","A","F","D","",""
"vb25lv9","63748","1","Kuma","PriPara","2","Mon, 22 Apr 2024 08:08:37 GMT","1713773317302","5","","","","No","No","","","1","0","2","924336354811334676","924336354811334676","797920307284934697","1","F","S","S","S","F","F","D","",""
"vb207q7","63624","1","Eleanor","Merc StoriA: The Apathetic Boy and the Girl in a Bottle","2","Sun, 21 Apr 2024 22:20:28 GMT","1713738028148","8","","","","No","No","","","1","0","2","924336354811334676","924336354811334676","797920307284934697","4","F","S","S","S","A","F","D","",""
"vb2mn6w","3648","3","Vera (Rozen)","Punishing Gray Raven","2","Sun, 21 Apr 2024 20:29:48 GMT","1713731388959","50","","","","No","No","","","19","0","2","924336354811334676","924336354811334676","797920307284934697","30","F","S","S","S","B","F","D","",""
"vb2m9gw","64167","1","Mitsuru Soutsuda","Food Wars! The Second Plate","1","Sun, 21 Apr 2024 19:04:54 GMT","1713726294962","3","","","","No","No","","","0","0","1","924336354811334676","924336354811334676","797920307284934697","1","F","S","S","S","F","F","D","",""
"vbhds2v","5647","4","Leo","Black Summoner","2","Sun, 21 Apr 2024 13:38:57 GMT","1713706737920","25","","","","No","No","","","1","0","2","924336354811334676","924336354811334676","797920307284934697","15","F","S","S","S","A","F","C","",""
"vbh4bwq","64394","1","Yamada","40meterP – Do Re Mi Fa Rondo","2","Sat, 20 Apr 2024 19:17:41 GMT","1713640661575","3","","","","No","No","","","1","0","2","924336354811334676","924336354811334676","797920307284934697","1","F","S","S","S","B","F","D","",""
"vbhz9gg","64203","1","Yamato","Naruto Shippuden","3","Sat, 20 Apr 2024 18:30:14 GMT","1713637814035","63","","","","No","No","","","12","0","3","737980149995274240","737980149995274240","797920307284934697","29","F","S","F","F","F","F","D","",""
"vbhz7z5","64067","1","Atsushi Nagai","Close the Last Door!","1","Sat, 20 Apr 2024 18:25:32 GMT","1713637532966","1","","","","No","No","","","1","0","1","924336354811334676","924336354811334676","797920307284934697","0","F","S","S","S","A","F","D","",""
"vbhzgh0","64060","1","Carrot","Nils no Fushigi na Tabi Movie","3","Sat, 20 Apr 2024 17:36:23 GMT","1713634583258","7","","","","No","No","","","1","0","3","924336354811334676","924336354811334676","797920307284934697","4","F","S","S","S","A","F","D","",""
"vbhnp92","64888","1","Genome","Monster Strike the Movie","2","Sat, 20 Apr 2024 15:57:34 GMT","1713628654047","2","","","","No","No","","","0","0","2","924336354811334676","924336354811334676","797920307284934697","1","F","S","S","S","B","F","D","",""
"vbhj3cx","54256","1","Emma","The Promised Neverland","3","Sat, 20 Apr 2024 13:51:20 GMT","1713621080542","38","","","","No","No","","","4","0","3","924336354811334676","924336354811334676","797920307284934697","23","F","S","S","S","B","F","D","",""
"vbhbhhm","62913","1","Fire Defense Agency Chief","Fire Force Season 2","2","Sat, 20 Apr 2024 12:45:51 GMT","1713617151632","5","","","","No","No","","","1","0","2","924336354811334676","924336354811334676","797920307284934697","1","F","S","S","S","A","F","D","",""
"vbh5km2","64319","1","Umeko","Golden Kamuy","1","Sat, 20 Apr 2024 10:58:41 GMT","1713610721722","1","","","","No","No","","","0","0","1","924336354811334676","924336354811334676","797920307284934697","0","F","S","S","S","A","F","D","",""
"vbqmdm4","1045","3","Zahhak","Epic Seven","1","Wed, 17 Apr 2024 21:32:34 GMT","1713389554174","15","","","","No","No","","","1","0","1","924336354811334676","924336354811334676","797920307284934697","10","F","S","S","S","B","F","A","",""
"vb0nbw8","63953","1","Black Lady","Sailor Moon R","3","Tue, 16 Apr 2024 17:45:17 GMT","1713289517813","40","","","","No","No","","","20","0","3","924336354811334676","924336354811334676","797920307284934697","21","F","S","S","S","B","F","D","",""
"vb02779","11383","4","Cordyceps","Food Fantasy","3","Tue, 16 Apr 2024 09:21:02 GMT","1713259262433","73","","","","No","No","","","1","0","3","","924336354811334676","797920307284934697","36","F","S","S","F","C","F","D","",""
"vbmmjv1","63917","1","Hawkwind","Wizardry","2","Fri, 12 Apr 2024 05:37:55 GMT","1712900275202","1","","","","No","No","","","0","0","2","","924336354811334676","797920307284934697","0","F","S","S","F","A","F","D","",""
"v5ct0p1","63768","1","Rika Dobashi","Hatsukoi Limited","3","Thu, 11 Apr 2024 18:59:57 GMT","1712861997569","5","","","","No","No","","","0","0","3","924336354811334676","924336354811334676","797920307284934697","1","F","S","S","S","S","F","D","",""
"v5xcz83","63648","1","Touma","eX-Driver Danger Zone","0","Mon, 08 Apr 2024 20:53:58 GMT","1712609638606","1","","","","No","No","","","0","0","0","924336354811334676","924336354811334676","797920307284934697","0","F","S","S","S","A","F","D","",""
"v5x7dgf","713","5","Unsen","Kubo Won't Let Me Be Invisible","1","Mon, 08 Apr 2024 15:44:06 GMT","1712591046295","11","","","","No","No","","","1","0","1","737980149995274240","924336354811334676","797920307284934697","6","F","S","S","F","F","F","B","",""
"v5xdq1h","23488","2","Kaoru Matsutake","Wagamama Fairy: Mirumo de Pon!","2","Mon, 08 Apr 2024 15:13:48 GMT","1712589228635","13","","","","No","No","","","1","0","2","924336354811334676","924336354811334676","797920307284934697","5","F","S","S","S","C","F","D","",""
"v5xh82z","63668","1","Dolf","Alfred J. Quack","0","Sun, 07 Apr 2024 14:31:27 GMT","1712500287697","1","","","","No","No","","","1","0","0","924336354811334676","924336354811334676","797920307284934697","0","F","S","S","S","B","F","D","",""
"v5x2qdr","11529","3","Apoo Scratchmen","One Piece","1","Sun, 07 Apr 2024 13:08:54 GMT","1712495334339","18","","","","No","No","","","4","0","1","","924336354811334676","797920307284934697","13","F","S","S","F","B","F","C","",""
"v5xqcvx","22767","1","Bad Cat Armin","Epic Seven","1","Sun, 07 Apr 2024 12:51:59 GMT","1712494319806","8","","","","No","No","","","1","0","1","924336354811334676","924336354811334676","797920307284934697","4","F","S","S","S","S","F","C","",""
"v5xmc22","63964","1","Ash's Bulbasaur","Pokémon","4","Sun, 07 Apr 2024 07:53:54 GMT","1712476434214","119","","","","No","No","","","2","0","4","924336354811334676","924336354811334676","797920307284934697","68","F","S","S","S","A","F","D","",""
"v5s8r8n","63451","1","Girl","Folktales from Japan","3","Sat, 06 Apr 2024 20:33:55 GMT","1712435635218","4","","","","No","No","","","0","0","3","924336354811334676","924336354811334676","797920307284934697","1","F","S","S","S","C","F","D","",""
"v5s80sl","63529","1","Janelyn","Sailor Moon","0","Sat, 06 Apr 2024 19:47:16 GMT","1712432836445","2","","","","No","No","","","1","0","0","924336354811334676","924336354811334676","797920307284934697","1","F","S","S","S","S","F","D","",""
"v5shtp1","63768","1","Miraijin","Miraijin Go Home","2","Fri, 05 Apr 2024 21:20:34 GMT","1712352034736","5","","","","No","No","","","3","0","2","","924336354811334676","797920307284934697","1","F","S","S","F","F","F","D","",""
"v5s292g","37989","1","Tubby","Genshin Impact","2","Fri, 05 Apr 2024 21:06:54 GMT","1712351214165","31","","","","No","No","","","1","0","2","","924336354811334676","797920307284934697","18","F","S","S","F","B","F","D","",""
"v5djsf4","33952","2","Carl Gustav","Honkai Impact 3rd","4","Thu, 04 Apr 2024 15:34:51 GMT","1712244891232","93","","","","No","No","","","1","0","4","","924336354811334676","797920307284934697","49","F","S","S","F","A","F","D","",""
"v5dnwjv","63774","1","Kastro","Hunter x Hunter","2","Thu, 04 Apr 2024 15:15:27 GMT","1712243727488","14","","","","No","No","","","3","0","2","924336354811334676","924336354811334676","797920307284934697","8","F","S","S","S","S","F","D","",""
"v576c0b","63381","1","Ellickson Gardner","Death Note","1","Wed, 03 Apr 2024 21:20:10 GMT","1712179210448","3","","","","No","No","death","","1","0","1","924336354811334676","924336354811334676","797920307284934697","1","F","S","S","S","S","F","D","",""
"v57sx43","33972","1","Lan","Genshin Impact","2","Wed, 03 Apr 2024 19:50:25 GMT","1712173825613","21","","","","No","No","","","1","0","2","924336354811334676","924336354811334676","797920307284934697","14","F","S","S","S","S","F","D","",""
"v57bgwr","16023","2","Karako Koshio","Deadman Wonderland","3","Tue, 02 Apr 2024 19:40:00 GMT","1712086800906","50","","","","No","No","","","4","0","3","924336354811334676","924336354811334676","797920307284934697","29","F","S","S","S","A","F","D","",""
"v58xh7j","63485","1","Siam","One Piece","1","Sun, 31 Mar 2024 11:35:24 GMT","1711884924331","4","","","","No","No","","","1","0","1","924336354811334676","924336354811334676","797920307284934697","1","F","S","S","S","S","F","D","",""
"v583ljp","63219","1","College Student C","Mob Psycho 100 II","2","Sat, 30 Mar 2024 22:36:14 GMT","1711838174332","3","","","","No","No","","","1","0","2","924336354811334676","924336354811334676","797920307284934697","1","F","S","S","S","B","F","D","",""
"v58jr2g","63972","1","Allan","Sailor Moon","2","Sat, 30 Mar 2024 11:43:03 GMT","1711798983662","5","","","","No","No","","","1","0","2","924336354811334676","924336354811334676","797920307284934697","1","F","S","S","S","B","F","D","",""
"v58nh8q","9702","4","Sevika","Arcane","2","Sat, 30 Mar 2024 11:05:19 GMT","1711796719320","51","","","","No","No","","","65","0","2","924336354811334676","924336354811334676","797920307284934697","29","F","S","S","S","A","F","D","",""
"v5l6fw9","1408","6","Mikako Satsukitane","Heaven's Lost Property","2","Fri, 29 Mar 2024 18:40:47 GMT","1711737647257","57","","","","No","No","","","15","0","2","","924336354811334676","797920307284934697","33","F","S","S","F","B","F","B","",""
"v5f71xt","3624","2","Neigan Bourne","The Legendary Hero Is Dead!","4","Wed, 27 Mar 2024 11:24:35 GMT","1711538675359","56","","","","No","No","","","0","0","4","924336354811334676","924336354811334676","797920307284934697","35","F","S","S","S","B","F","B","",""
"v59wz58","63145","1","Takaya Ohgi","Mirage of Blaze","0","Sun, 24 Mar 2024 12:01:48 GMT","1711281708800","1","","","","No","No","","","1","0","0","924336354811334676","924336354811334676","797920307284934697","0","F","S","S","S","A","F","D","",""
"v5pg9bc","8875","4","Hiroshi Uchiyamada","Great Teacher Onizuka","1","Sun, 17 Mar 2024 12:24:39 GMT","1710678279985","10","","","","No","No","","","7","0","1","","924336354811334676","797920307284934697","5","F","S","S","F","B","F","D","",""
"v5kzjzr","62652","1","Jita Phrygianos","The Qwaser of Stigmata","2","Fri, 01 Mar 2024 22:24:32 GMT","1709331872500","4","","","","No","No","","","0","0","2","","924336354811334676","797920307284934697","1","F","S","S","F","F","F","D","",""
"v5k40mz","33944","2","Asakura","Muv-Luv","1","Fri, 01 Mar 2024 21:57:42 GMT","1709330262335","7","","","","No","No","","","0","0","1","924336354811334676","924336354811334676","797920307284934697","4","F","S","S","S","C","F","D","",""
"v5kzbxg","63046","1","Awashima","Nura: Rise of the Youkai Clan - Demon Capital","2","Fri, 01 Mar 2024 21:43:24 GMT","1709329404226","3","","","","No","No","","","0","0","2","","924336354811334676","797920307284934697","1","F","S","S","F","B","F","D","",""
"v5wzpbd","62486","1","Wimpy Student","GANTZ","0","Thu, 29 Feb 2024 00:20:29 GMT","1709166029981","1","","","","No","No","","","1","0","0","","924336354811334676","797920307284934697","0","F","S","S","F","D","F","D","",""
"v5w4slz","62553","1","Keita Kagari","My Sweet Tyrant","2","Wed, 28 Feb 2024 23:47:13 GMT","1709164033626","3","","","","No","No","","","0","0","2","1167080205488226380","924336354811334676","797920307284934697","1","F","S","S","F","A","F","D","",""
"v5w431l","62891","1","Kurumi Azuchimomoyama","Seizei Gambare Mahou Shoujo Kurumi","4","Wed, 28 Feb 2024 23:19:44 GMT","1709162384314","21","","","","No","No","","","1","0","4","924336354811334676","924336354811334676","797920307284934697","13","F","S","S","S","A","F","D","",""
"v5w1gb8","62900","1","Shirogane","Monochrome Factor","2","Wed, 28 Feb 2024 20:54:35 GMT","1709153675497","4","","","","No","No","","","1","0","2","924336354811334676","924336354811334676","797920307284934697","1","F","S","S","S","B","F","D","",""
"v5wjxcr","62714","1","Senior Centipede","One-Punch Man 2","1","Wed, 28 Feb 2024 20:34:32 GMT","1709152472373","4","","","","No","No","","","1","0","1","","924336354811334676","797920307284934697","1","F","S","S","F","F","F","D","",""
"v5w1q95","62870","1","Kahoru Ise","Taishou Mebiusline: Chicchai-san","2","Wed, 28 Feb 2024 20:14:01 GMT","1709151241018","2","","","","No","No","","","0","0","2","924336354811334676","924336354811334676","797920307284934697","1","F","S","S","S","B","F","D","",""
"v5wj7lg","36582","2","Jemima","The Promised Neverland","1","Wed, 28 Feb 2024 19:23:53 GMT","1709148233621","14","","","","No","No","","","1","0","1","","924336354811334676","797920307284934697","6","F","S","S","F","D","F","D","",""
"v5wj15m","14007","2","Keiichi Oyamada","Mankitsu Happening","2","Wed, 28 Feb 2024 19:01:50 GMT","1709146910046","29","","","","No","No","","","1","0","2","924336354811334676","924336354811334676","797920307284934697","15","F","S","S","S","A","F","D","",""
"v5wbgtr","27748","1","Giant-Man","Marvel Disk Wars: The Avengers","1","Wed, 28 Feb 2024 18:32:11 GMT","1709145131609","4","","","","No","No","","","1","0","1","737980149995274240","924336354811334676","797920307284934697","1","F","S","S","F","C","F","C","",""
"v5wk73p","61941","1","Kiato","Black Clover","2","Wed, 28 Feb 2024 16:16:35 GMT","1709136995197","12","","","","No","No","","","1","0","2","","924336354811334676","797920307284934697","5","F","S","S","F","F","F","D","",""
"v5wmt9s","62682","1","Tucan","Cowboy Bebop","2","Wed, 28 Feb 2024 02:27:39 GMT","1709087259133","5","","","","No","No","","","1","0","2","924336354811334676","924336354811334676","797920307284934697","1","F","S","S","S","A","F","D","",""
"v52c6nr","60283","1","Basic Insect","Yu-Gi-Oh! Duel Monsters","2","Wed, 28 Feb 2024 01:55:25 GMT","1709085325360","4","","","","No","No","","","1","0","2","","924336354811334676","797920307284934697","1","F","S","S","F","B","F","D","",""
"v52xcrn","62608","1","Rob Robinson","Baki the Grappler: Maximum Tournament","3","Wed, 28 Feb 2024 00:55:47 GMT","1709081747432","7","","","","No","No","","","1","0","3","","924336354811334676","797920307284934697","4","F","S","S","F","C","F","D","",""
"v526d3r","62376","1","Kodama","Toilet-Bound Hanako-kun","1","Wed, 28 Feb 2024 00:33:53 GMT","1709080433002","4","","","","No","No","","","1","0","1","924336354811334676","924336354811334676","797920307284934697","1","F","S","S","S","B","F","D","",""
"v52ds9x","62646","1","Toby","Fairy Tail","1","Tue, 27 Feb 2024 20:33:22 GMT","1709066002448","3","","","","No","No","","","1","0","1","","924336354811334676","797920307284934697","1","F","S","S","F","B","F","D","",""
"v52t91b","57409","1","Amazoness Paladin","Yu-Gi-Oh! GX","4","Tue, 27 Feb 2024 16:33:49 GMT","1709051629812","29","","","","No","No","","","1","0","4","","924336354811334676","797920307284934697","14","F","S","S","F","D","F","D","",""
"v52tf52","62744","1","Nolma","Monster Hunter Stories: RIDE ON","1","Tue, 27 Feb 2024 16:23:21 GMT","1709051001698","1","","","","No","No","","","0","0","1","924336354811334676","924336354811334676","797920307284934697","0","F","S","S","S","A","F","D","",""
"v5215hb","892","6","Tenma Sumeragi","A3! Season Spring & Summer","2","Mon, 26 Feb 2024 22:35:45 GMT","1708986945423","37","","","","No","No","","","4","0","2","924336354811334676","924336354811334676","797920307284934697","23","F","S","S","S","B","F","A","",""
"v500ttd","45472","1","Aaron","Tears of Themis","4","Tue, 20 Feb 2024 19:48:10 GMT","1708458490239","32","","","","No","No","","","1","0","4","924336354811334676","924336354811334676","797920307284934697","19","F","S","S","S","A","F","D","",""
"v50vfr6","21725","1","Moro","Epic Seven","2","Tue, 20 Feb 2024 18:04:51 GMT","1708452291448","20","","","","No","No","","","1","0","2","924336354811334676","924336354811334676","797920307284934697","14","F","S","S","S","A","F","C","",""
"v5vn7b8","62392","1","Tsukasa",".hack//SIGN","3","Mon, 19 Feb 2024 14:09:06 GMT","1708351746222","10","","","","No","No","","","3","0","3","924336354811334676","924336354811334676","797920307284934697","5","F","S","S","S","A","F","D","",""
"v5v5trm","36652","2","Rika Sugawara","Collar X Malice","1","Mon, 19 Feb 2024 11:03:16 GMT","1708340596804","11","","","","No","No","","","1","0","1","","924336354811334676","797920307284934697","5","F","S","S","F","B","F","D","",""
"vkc3ljr","62018","1","Bakenyan","Star Twinkle Precure","2","Fri, 16 Feb 2024 06:13:22 GMT","1708064002717","3","","","","No","No","","","1","0","2","924336354811334676","924336354811334676","797920307284934697","1","F","S","S","S","A","F","D","",""
"vk7pnt5","4029","3","Shamash","Shaman King","0","Wed, 07 Feb 2024 06:15:16 GMT","1707286516176","5","","","","No","No","","","0","0","0","924336354811334676","924336354811334676","797920307284934697","1","F","S","S","S","A","F","C","",""
"vk9jhqj","1178","6","Rody Soul","My Hero Academia: World Heroes' Mission","1","Sun, 28 Jan 2024 14:06:42 GMT","1706450802285","28","","","","No","No","","","28","0","1","924336354811334676","924336354811334676","797920307284934697","19","F","S","S","S","A","F","B","",""
"vkzh9hz","58376","1","Spritzee","Pokémon XY","3","Wed, 17 Jan 2024 06:29:09 GMT","1705472949731","23","","","","No","No","","","1","0","3","924336354811334676","924336354811334676","797920307284934697","14","F","S","S","S","C","F","D","",""
"vknmh9z","61210","1","Atum","JoJo's Bizarre Adventure: Stardust Crusaders","3","Sat, 13 Jan 2024 08:09:16 GMT","1705133356951","37","","","","No","No","","","1","0","3","924336354811334676","924336354811334676","797920307284934697","21","F","S","S","S","S","F","D","",""
"vkk10ft","20508","2","Candy Apple","Food Fantasy","3","Sat, 06 Jan 2024 22:23:00 GMT","1704579780553","70","","","","No","No","","","4","0","3","924336354811334676","924336354811334676","797920307284934697","43","F","S","S","S","S","F","D","",""
"vkk5w33","61261","1","Dium","Dragon Ball Super","2","Sat, 06 Jan 2024 19:10:54 GMT","1704568254021","4","","","","No","No","","","1","0","2","924336354811334676","924336354811334676","797920307284934697","1","F","S","S","S","A","F","D","",""
"vkkwc10","4167","5","Rangiku Matsumoto","Bleach","1","Sat, 06 Jan 2024 16:06:25 GMT","1704557185169","39","","","","No","No","","","355","0","1","924336354811334676","924336354811334676","797920307284934697","25","F","S","S","S","A","F","C","",""
"vkw2n2x","54971","1","Azalea Formia","Epic Seven","0","Thu, 04 Jan 2024 19:45:10 GMT","1704397510785","2","","","","No","No","","","1","0","0","924336354811334676","924336354811334676","797920307284934697","1","F","S","S","S","A","F","D","",""
"vkw27dd","61505","1","Mim","Mim Mam Mint","0","Thu, 04 Jan 2024 19:23:13 GMT","1704396193656","1","","","","No","No","","","1","0","0","1058805575317733477","924336354811334676","797920307284934697","0","F","S","S","F","F","F","D","",""
"vk2p4ft","18658","2","Red Stone of Aja","JoJo's Bizarre Adventure","2","Wed, 03 Jan 2024 16:57:48 GMT","1704301068356","40","","","","No","No","","","2","0","2","924336354811334676","924336354811334676","797920307284934697","24","F","S","S","S","A","F","D","",""
"vk2481x","32706","1","Nishida Store Manager","Josee, the Tiger and the Fish","1","Wed, 03 Jan 2024 15:46:00 GMT","1704296760783","1","","","","No","No","","","1","0","1","924336354811334676","924336354811334676","797920307284934697","0","F","S","S","S","B","F","C","",""
"vwfc1l3","49968","1","Jave","Seven Knights Revolution: Hero Successor","3","Sun, 10 Dec 2023 19:14:46 GMT","1702235686428","12","","","","No","No","","","1","0","3","924336354811334676","924336354811334676","797920307284934697","6","F","S","S","S","A","F","D","",""
"vwpc1tz","35167","2","Lyra","Fairy Tail","2","Sat, 02 Dec 2023 18:31:41 GMT","1701541901989","27","","","","No","No","","","1","0","2","924336354811334676","924336354811334676","797920307284934697","16","F","S","S","S","A","F","D","",""
"vwp5w9f","59631","1","Wyborg","Beyblade","1","Fri, 01 Dec 2023 17:31:36 GMT","1701451896374","4","","","","No","No","","","0","0","1","737980149995274240","924336354811334676","797920307284934697","1","F","S","S","F","A","F","D","",""
"vw4lg0w","59861","1","Ellie","Attack on Titan","2","Thu, 30 Nov 2023 18:24:33 GMT","1701368673875","10","","","","No","No","","","1","0","2","924336354811334676","924336354811334676","797920307284934697","6","F","S","S","S","S","F","D","",""
"vwnph53","49635","1","Amuru","The Hidden Dungeon Only I Can Enter","2","Sat, 25 Nov 2023 21:52:08 GMT","1700949128207","2","","","","No","No","","","0","0","2","924336354811334676","924336354811334676","797920307284934697","1","F","S","S","S","B","F","D","",""
"vwnnn4l","54658","1","Jotaro","Urusei Yatsura","3","Sat, 25 Nov 2023 18:16:57 GMT","1700936217261","6","","","","No","No","","","1","0","3","924336354811334676","924336354811334676","797920307284934697","4","F","S","S","S","A","F","D","",""
"vw5qmqd","38506","1","Delta","Boruto: Naruto Next Generations","2","Mon, 20 Nov 2023 21:11:11 GMT","1700514671979","15","","","","No","No","","","1","0","2","924336354811334676","924336354811334676","797920307284934697","9","F","S","S","S","A","F","C","",""
"vwkq5j4","59227","1","Mochi","Nandaka Velonica","1","Sun, 19 Nov 2023 11:49:19 GMT","1700394559214","4","","","","No","No","","","1","0","1","924336354811334676","924336354811334676","797920307284934697","1","F","S","S","S","A","F","D","",""
"vw26kpw","59237","1","Throh","Pokémon: Black & White","2","Fri, 17 Nov 2023 18:48:15 GMT","1700246895317","10","","","","No","No","","","1","0","2","924336354811334676","924336354811334676","797920307284934697","5","F","S","S","S","B","F","D","",""
"vw2xfq8","59274","1","Shuuji Kuga","Omiai Aite wa Oshiego, Tsuyoki na, Mondaiji.","1","Fri, 17 Nov 2023 17:29:12 GMT","1700242152543","2","","","","No","No","","","1","0","1","924336354811334676","924336354811334676","797920307284934697","1","F","S","S","S","A","F","D","",""
"vw2gjr3","56663","1","Xing-Xing","Titipo Titipo","0","Fri, 17 Nov 2023 05:47:09 GMT","1700200029022","1","","","","No","No","","","1","0","0","924336354811334676","924336354811334676","797920307284934697","0","F","S","S","S","B","F","D","",""
"vw257t6","3578","5","Anastasia Palma","Shin Sakura Wars","3","Thu, 16 Nov 2023 18:13:31 GMT","1700158411481","58","","","","No","No","","","1","0","3","924336354811334676","924336354811334676","797920307284934697","39","F","S","S","S","A","F","C","",""
"vwh9hvt","10397","4","Kikurage","Dorohedoro","2","Wed, 15 Nov 2023 19:46:50 GMT","1700077610398","26","","","","No","No","","","12","0","2","924336354811334676","924336354811334676","797920307284934697","16","F","S","S","S","B","F","C","",""
"vwq699g","59445","1","Thomson's Gazelle","Kemono Friends 2","0","Tue, 14 Nov 2023 18:35:48 GMT","1699986948765","1","","","","No","No","","","1","0","0","924336354811334676","924336354811334676","797920307284934697","0","F","S","S","S","A","F","D","",""
"vwqx0cg","56258","1","Kakeru Yuiga","Norn9","3","Tue, 14 Nov 2023 16:53:17 GMT","1699980797275","8","","","","No","No","","","1","0","3","924336354811334676","924336354811334676","797920307284934697","4","F","S","S","S","A","F","D","",""
"vwq8dnz","26244","2","Taketo Aida","Miss Kobayashi's Dragon Maid S","2","Tue, 14 Nov 2023 11:48:35 GMT","1699962515106","28","","","","No","No","","","2","0","2","924336354811334676","924336354811334676","797920307284934697","16","F","S","S","S","A","F","C","",""
"vw0ffcd","34228","2","Artemisia","Wandering Witch: The Journey of Elaina","2","Sun, 12 Nov 2023 21:18:58 GMT","1699823938179","25","","","","No","No","","","1","0","2","924336354811334676","924336354811334676","797920307284934697","15","F","S","S","S","A","F","D","",""
"vw0rrrm","8489","4","Abarenbou","Di Gi Charat","4","Sun, 12 Nov 2023 17:10:09 GMT","1699809009664","73","","","","No","No","","","1","0","4","924336354811334676","924336354811334676","797920307284934697","44","F","S","S","S","A","F","C","",""
"vw013gf","9629","2","Ohachiyo","Shaman King (2021)","0","Sun, 12 Nov 2023 14:00:26 GMT","1699797626402","4","","","","No","No","","","0","0","0","924336354811334676","924336354811334676","797920307284934697","1","F","S","S","S","A","F","C","",""
"vw0n6mz","58816","1","Male Kobold","Kemono Michi: Rise Up","2","Sun, 12 Nov 2023 12:19:56 GMT","1699791596022","2","","","","No","No","","","1","0","2","924336354811334676","924336354811334676","797920307284934697","1","F","S","S","S","A","F","D","",""
"vw0m7jb","59153","1","Announcer","Angelic Layer","4","Sat, 11 Nov 2023 22:53:28 GMT","1699743208682","8","","","","No","No","","","0","0","4","924336354811334676","924336354811334676","797920307284934697","4","F","S","S","S","A","F","D","",""
"vwv1p1v","31283","1","Hana Misaki","Haikyuu!! Second Season","2","Sat, 11 Nov 2023 01:13:55 GMT","1699665235022","19","","","","No","No","","","1","0","2","924336354811334676","924336354811334676","797920307284934697","13","F","S","S","S","B","F","D","",""
"vwvjl27","3877","5","Kuzuha","Nijisanji","2","Fri, 10 Nov 2023 23:17:41 GMT","1699658261689","58","","","","No","No","","","43","0","2","924336354811334676","924336354811334676","797920307284934697","39","F","S","S","S","S","F","C","",""
"vwvwfnz","54885","1","Daichi Ishizaki","Classroom of the Elite","4","Fri, 10 Nov 2023 19:19:01 GMT","1699643941896","23","","","","No","No","","","1","0","4","737980149995274240","737980149995274240","797920307284934697","11","F","S","F","F","F","F","D","",""
"vwvwf86","52584","1","Jirou Shima","Shikoyaka Naru Toki mo Hameru Toki mo","2","Fri, 10 Nov 2023 19:17:53 GMT","1699643873718","3","","","","No","No","","","1","0","2","924336354811334676","924336354811334676","797920307284934697","1","F","S","S","S","A","F","D","",""
"vwv26p1","59058","1","Atoli",".hack//G.U. Trilogy","1","Fri, 10 Nov 2023 17:36:11 GMT","1699637771453","1","","","","No","No","","","1","0","1","924336354811334676","924336354811334676","797920307284934697","0","F","S","S","S","A","F","D","",""
"vwvq2rl","6408","1","Kei Shinomiya","Tomodachi Game","3","Fri, 10 Nov 2023 16:14:13 GMT","1699632853799","21","","","","No","No","","","2","0","3","924336354811334676","924336354811334676","797920307284934697","14","F","S","S","S","B","F","C","",""
"vwm4g9w","59309","1","Grasshopper","Aesop's Fables","2","Thu, 09 Nov 2023 17:54:37 GMT","1699552477157","2","","","","No","No","","","1","0","2","924336354811334676","924336354811334676","797920307284934697","1","F","S","S","S","A","F","D","",""
"v2c69kb","58848","1","Shinichirou Asano","Isuca: Gokuraku","3","Wed, 08 Nov 2023 20:47:55 GMT","1699476475312","2","","","","No","No","","","0","0","3","924336354811334676","924336354811334676","797920307284934697","1","F","S","S","S","A","F","D","",""
"v2ckm69","12334","1","Baku","Edens Zero","1","Tue, 07 Nov 2023 19:42:48 GMT","1699386168599","1","","","","No","No","","","0","0","1","924336354811334676","924336354811334676","797920307284934697","0","F","S","S","S","A","F","C","",""
"v2c09ns","2095","4","Hajime Kokonoi","Tokyo Revengers","3","Tue, 07 Nov 2023 15:20:56 GMT","1699370456746","129","","","","No","No","","","44","0","3","924336354811334676","924336354811334676","797920307284934697","84","F","S","S","S","A","F","B","",""
"v26r6r4","6105","3","Carla","Doraemon: Nobita no Nankyoku Kachi Kochi Daibouken","1","Mon, 06 Nov 2023 18:46:27 GMT","1699296387808","8","","","","No","No","","","1","0","1","924336354811334676","924336354811334676","797920307284934697","4","F","S","S","S","A","F","D","",""
"v26zcsd","59382","1","Cecilie","Military!","1","Mon, 06 Nov 2023 16:17:52 GMT","1699287472480","2","","","","No","No","","","1","0","1","924336354811334676","924336354811334676","797920307284934697","1","F","S","S","S","B","F","D","",""
"v2xwbsc","58722","1","Ayami Cherryblossom","Heavy Object","2","Sat, 04 Nov 2023 19:23:51 GMT","1699125831526","1","","","","No","No","","","0","0","2","924336354811334676","924336354811334676","797920307284934697","0","F","S","S","S","B","F","D","",""
"v2ss6xc","34456","2","Rei Kibutsuji","Demon Slayer: Kimetsu no Yaiba","1","Sat, 04 Nov 2023 08:49:41 GMT","1699087781579","23","","","","No","No","","","1","0","1","924336354811334676","924336354811334676","797920307284934697","15","F","S","S","S","A","F","D","",""
"v2dskvc","27426","1","Jintouban","Genshin Impact","2","Thu, 02 Nov 2023 23:33:29 GMT","1698968009830","23","","","","No","No","","","1","0","2","","924336354811334676","797920307284934697","13","F","S","S","F","F","F","C","",""
"v2dqdnv","58541","1","Haraji","Bem","3","Wed, 01 Nov 2023 21:11:35 GMT","1698873095870","7","","","","No","No","","","1","0","3","924336354811334676","924336354811334676","797920307284934697","4","F","S","S","S","A","F","D","",""
"v27cssj","1293","1","Xue Yuyong","Raven of the Inner Palace","1","Wed, 01 Nov 2023 18:04:05 GMT","1698861845178","3","","","","No","No","","","1","0","1","924336354811334676","924336354811334676","797920307284934697","1","F","S","S","S","B","F","C","",""
"v27xk2c","55622","1","Swordsman of Landstar","Yu-Gi-Oh! Duel Monsters","1","Wed, 01 Nov 2023 14:41:40 GMT","1698849700571","1","","","","No","No","","","1","0","1","1058805575317733477","924336354811334676","797920307284934697","0","F","S","S","F","C","F","D","",""
"v27p3s2","58478","1","Kumazaki","Inazuma Eleven GO","2","Tue, 31 Oct 2023 23:44:46 GMT","1698795886399","2","","","","No","No","","","1","0","2","","924336354811334676","797920307284934697","1","F","S","S","F","B","F","D","",""
"v2tf7jq","55044","1","Afasys","Sword Art Online: Fatal Bullet","4","Mon, 30 Oct 2023 19:54:58 GMT","1698695698748","57","","","","No","No","","","1","0","4","924336354811334676","924336354811334676","797920307284934697","30","F","S","S","S","B","F","D","",""
"v2trjgg","33490","2","Oden","Food Fantasy","3","Mon, 30 Oct 2023 15:52:30 GMT","1698681150537","57","","","","No","No","","","1","0","3","924336354811334676","924336354811334676","797920307284934697","31","F","S","S","S","A","F","D","",""
"v28cr6l","59077","1","Tanis","Frankenstein Family","1","Sun, 29 Oct 2023 20:06:49 GMT","1698610009968","1","","","","No","No","","","0","0","1","924336354811334676","924336354811334676","797920307284934697","0","F","S","S","S","A","F","D","",""
"v28jfrw","58662","1","Mary Ford","Zettai Karen Children","3","Sat, 28 Oct 2023 22:14:11 GMT","1698531251101","15","","","","No","No","","","1","0","3","1058805575317733477","924336354811334676","797920307284934697","8","F","S","S","F","A","F","D","",""
"v28bvv8","3583","2","Long-Range Uncle","Miss Kuroitsu from the Monster Development Department","2","Sat, 28 Oct 2023 21:52:13 GMT","1698529933023","14","","","","No","No","","","0","0","2","924336354811334676","924336354811334676","797920307284934697","9","F","S","S","S","A","F","C","",""
"v28htzp","11982","1","Laba Noodles","Food Fantasy","2","Sat, 28 Oct 2023 17:24:39 GMT","1698513879325","20","","","","No","No","","","1","0","2","924336354811334676","924336354811334676","797920307284934697","13","F","S","S","S","A","F","D","",""
"v2lc2xx","3403","5","Eda","Black Lagoon","1","Sat, 28 Oct 2023 11:33:08 GMT","1698492788468","21","","","","No","No","","","16","0","1","924336354811334676","924336354811334676","797920307284934697","14","F","S","S","S","A","F","C","",""
"v2l9f07","58687","1","Naga","Beelzebub","3","Fri, 27 Oct 2023 23:04:08 GMT","1698447848160","12","","","","No","No","","","0","0","3","924336354811334676","924336354811334676","797920307284934697","6","F","S","S","S","A","F","D","",""
"v2l33bk","58693","1","Kyousuke Iwaki","Haru wo Daiteita","0","Fri, 27 Oct 2023 20:21:21 GMT","1698438081517","1","","","","No","No","","","1","0","0","924336354811334676","924336354811334676","797920307284934697","0","F","S","S","S","A","F","D","",""
"v2lm6rp","58623","1","Chief of Heaven","07-Ghost","4","Fri, 27 Oct 2023 00:45:14 GMT","1698367514712","10","","","","No","No","","","1","0","4","924336354811334676","924336354811334676","797920307284934697","6","F","S","S","S","A","F","D","",""
"v2f6cn6","2922","1","Amusement Park Part-Timer","Buddy Daddies","2","Thu, 26 Oct 2023 22:24:23 GMT","1698359063749","4","","","","No","No","","","0","0","2","924336354811334676","924336354811334676","797920307284934697","1","F","S","S","S","A","F","A","",""
"v2fskqk","25574","2","777","The World Ends with You","1","Thu, 26 Oct 2023 21:01:14 GMT","1698354074802","10","","","","No","No","","","1","0","1","924336354811334676","924336354811334676","797920307284934697","5","F","S","S","S","B","F","C","",""
"v2f8mf4","2863","5","Murata Himeko","Honkai Impact 3rd","2","Thu, 26 Oct 2023 16:10:39 GMT","1698336639950","76","","","","No","No","","","96","0","2","737980149995274240","737980149995274240","797920307284934697","44","F","S","F","F","B","F","B","",""
"v2f8lzw","31382","2","Akio Tademaru","Kemono Jihen","2","Thu, 26 Oct 2023 16:10:08 GMT","1698336608220","17","","","","No","No","","","1","0","2","924336354811334676","924336354811334676","797920307284934697","8","F","S","S","S","A","F","D","",""
"v2f8549","58379","1","Katsuragi","Pet","2","Thu, 26 Oct 2023 15:31:49 GMT","1698334309895","1","","","","No","No","","","0","0","2","924336354811334676","924336354811334676","797920307284934697","0","F","S","S","S","B","F","D","",""
"v2fl09v","58522","1","Kyousuke Shiroyama","A Certain Magical Index 10th Anniversary PV","2","Thu, 26 Oct 2023 14:53:44 GMT","1698332024605","5","","","","No","No","","","1","0","2","737980149995274240","924336354811334676","797920307284934697","1","F","S","S","F","S","F","D","",""
"v2fw9hd","58506","1","Narazaki","Hyper Speed GranDoll","3","Wed, 25 Oct 2023 21:17:37 GMT","1698268657427","3","","","","No","No","","","0","0","3","924336354811334676","924336354811334676","1164995008403877939","1","F","S","S","S","S","F","D","",""
"v2f2md5","58376","1","Musou Miyata","Keijo!!!!!!!!","2","Wed, 25 Oct 2023 20:11:29 GMT","1698264689162","2","","","","No","No","","","1","0","2","924336354811334676","924336354811334676","797920307284934697","1","F","S","S","S","A","F","D","",""
"v2f2ndq","8284","4","Luna","Sailor Moon","1","Wed, 25 Oct 2023 19:57:38 GMT","1698263858828","34","","","","No","No","","","109","0","1","","924336354811334676","797920307284934697","19","F","S","S","F","B","F","D","",""
"v2f0xq3","58503","1","Hiko","Sunday Without God","4","Wed, 25 Oct 2023 19:17:34 GMT","1698261454179","24","","","","No","No","","","1","0","4","924336354811334676","924336354811334676","797920307284934697","14","F","S","S","S","F","F","D","",""
"v2fqvh9","58876","1","White Kitten","Meow no Hoshi","2","Wed, 25 Oct 2023 17:40:28 GMT","1698255628223","7","","","","No","No","","","1","0","2","924336354811334676","924336354811334676","797920307284934697","4","F","S","S","S","A","F","D","",""
"v29d91p","57908","1","Abalone","Deluxe Da yo! Kaishain","2","Wed, 25 Oct 2023 09:46:37 GMT","1698227197748","1","","","","No","No","","","1","0","2","924336354811334676","924336354811334676","797920307284934697","0","F","S","S","S","A","F","D","",""
"v29nsl9","8396","4","Sora","No Game No Life","0","Tue, 24 Oct 2023 19:04:47 GMT","1698174287974","19","","","","No","No","","","185","0","0","924336354811334676","924336354811334676","797920307284934697","14","F","S","S","S","A","F","C","",""
"v29583d","58361","1","Hideo","Teekyuu 9","2","Tue, 24 Oct 2023 16:05:57 GMT","1698163557681","3","","","","No","No","","","1","0","2","924336354811334676","924336354811334676","797920307284934697","1","F","S","S","S","A","F","D","",""
"v2g77rz","58626","1","Aki Kashii","Dynamic Chord","1","Mon, 23 Oct 2023 22:46:39 GMT","1698101199292","1","","","","No","No","","","0","0","1","924336354811334676","924336354811334676","797920307284934697","0","F","S","S","S","A","F","D","",""
"v2g1dhw","57965","1","Tomnyan","Yo-kai Watch","2","Mon, 23 Oct 2023 10:39:52 GMT","1698057592384","9","","","","No","No","","","1","0","2","924336354811334676","924336354811334676","797920307284934697","4","F","S","S","S","A","F","D","",""
"v2gn4m3","58152","1","Sayaka Kinomoto","SoniAni: Super Sonico the Animation","1","Mon, 23 Oct 2023 09:19:51 GMT","1698052791907","2","","","","No","No","","","0","0","1","924336354811334676","924336354811334676","797920307284934697","1","F","S","S","S","B","F","D","",""
"v2gvdh3","58098","1","Tauryu","Phantom in the Twilight","4","Sun, 22 Oct 2023 21:49:44 GMT","1698011384899","10","","","","No","No","","","1","0","4","924336354811334676","924336354811334676","797920307284934697","6","F","S","S","S","A","F","D","",""
"v23cl7v","58552","1","Jumpluff","Pokémon","1","Sun, 22 Oct 2023 20:35:53 GMT","1698006953265","6","","","","No","No","","","1","0","1","924336354811334676","924336354811334676","797920307284934697","4","F","S","S","S","A","F","D","",""
"v23dmfn","58210","1","Fake Hishamaru","Tokyo Ravens","2","Sun, 22 Oct 2023 17:11:09 GMT","1697994669741","4","","","","No","No","","","1","0","2","","924336354811334676","797920307284934697","1","F","S","S","F","F","F","D","",""
"v23s56v","45071","1","Teruhiko Takada","Hajime no Ippo: The Fighting!","0","Sun, 22 Oct 2023 16:36:23 GMT","1697992583670","1","","","","No","No","","","0","0","0","924336354811334676","924336354811334676","797920307284934697","0","F","S","S","S","A","F","D","",""
"v23f5s1","58393","1","Groke","Delightful Moomin Family","1","Sun, 22 Oct 2023 11:58:16 GMT","1697975896618","1","","","","No","No","","","4","0","1","924336354811334676","924336354811334676","1164995008403877939","0","F","S","S","S","A","F","D","",""
"v23f10t","19912","3","Natsuki Nakagawa","Sound! Euphonium","0","Sun, 22 Oct 2023 10:22:04 GMT","1697970124138","6","","","","No","No","","","4","0","0","924336354811334676","924336354811334676","797920307284934697","4","F","S","S","S","A","F","C","",""
"v235hkd","58883","1","Wandle","The Seven Deadly Sins OVA","4","Sat, 21 Oct 2023 20:47:30 GMT","1697921250526","29","","","","No","No","","","1","0","4","924336354811334676","924336354811334676","797920307284934697","16","F","S","S","S","A","F","D","",""
"v23qxvx","54428","1","Arles","Is It Wrong to Try to Pick Up Girls in a Dungeon? III","2","Sat, 21 Oct 2023 16:32:18 GMT","1697905938093","6","","","","No","No","","","1","0","2","924336354811334676","924336354811334676","797920307284934697","4","F","S","S","S","B","F","D","",""
"v2r6613","58120","1","Umio","Denki-Gai","2","Sat, 21 Oct 2023 12:28:56 GMT","1697891336891","2","","","","No","No","","","1","0","2","","924336354811334676","797920307284934697","1","F","S","S","F","F","F","D","",""
"v23mnhp","3901","2","Ryuken Ishida","Bleach","4","Sat, 21 Oct 2023 12:13:05 GMT","1697890385851","172","","","","No","No","","","12","0","4","924336354811334676","924336354811334676","797920307284934697","108","F","S","S","S","A","F","B","",""
"v2r6b59","58285","1","Abel Nightroad","Trinity Blood","3","Sat, 21 Oct 2023 11:18:41 GMT","1697887121978","11","","","","No","No","","","13","0","3","924336354811334676","924336354811334676","797920307284934697","6","F","S","S","S","A","F","D","",""
"v2rsg92","58354","1","Salma Rufis","Tokyo Underground","4","Sat, 21 Oct 2023 09:12:40 GMT","1697879560700","12","","","","No","No","","","0","0","4","924336354811334676","924336354811334676","797920307284934697","5","F","S","S","S","B","F","D","",""
"v2rgw5n","58198","1","Itaku","Nura: Rise of the Youkai Clan - Demon Capital","1","Fri, 20 Oct 2023 21:35:52 GMT","1697837752660","2","","","","No","No","","","1","0","1","924336354811334676","924336354811334676","1164995008403877939","1","F","S","S","S","S","F","D","",""
"v2rr5g8","58255","1","Shira","Blade of the Immortal","2","Fri, 20 Oct 2023 20:12:44 GMT","1697832764037","2","","","","No","No","","","1","0","2","924336354811334676","924336354811334676","1164995008403877939","1","F","S","S","S","A","F","D","",""
"v2rpxxl","32239","1","Murray Morrison","Edens Zero","2","Fri, 20 Oct 2023 19:46:23 GMT","1697831183724","5","","","","No","No","","","1","0","2","","924336354811334676","1164995008403877939","1","F","S","S","F","B","F","C","",""
"v2r199r","58648","1","Shiro","Nanbaka","2","Fri, 20 Oct 2023 16:17:00 GMT","1697818620862","3","","","","No","No","","","1","0","2","924336354811334676","924336354811334676","797920307284934697","1","F","S","S","S","A","F","D","",""
"v2rnb98","57839","1","Kiri Putin","Chronos Ruler","0","Fri, 20 Oct 2023 14:55:54 GMT","1697813754110","1","","","","No","No","","","1","0","0","924336354811334676","924336354811334676","797920307284934697","0","F","S","S","S","S","F","D","",""
"v2r05kt","58103","1","Tohru","Muromi-san OVA","2","Fri, 20 Oct 2023 04:25:55 GMT","1697775955721","1","","","","No","No","","","1","0","2","924336354811334676","924336354811334676","797920307284934697","0","F","S","S","S","C","F","D","",""
"v2p7btq","8794","4","Sevilbarra","Granblue Fantasy","2","Thu, 19 Oct 2023 20:28:36 GMT","1697747316359","26","","","","No","No","","","1","0","2","924336354811334676","924336354811334676","797920307284934697","16","F","S","S","S","A","F","C","",""
"v2prw6r","58751","1","Ben","Daisougen no Chiisana Tenshi Bush Baby","4","Thu, 19 Oct 2023 11:55:57 GMT","1697716557973","21","","","","No","No","","","2","0","4","924336354811334676","924336354811334676","797920307284934697","14","F","S","S","S","A","F","D","",""
"v2pnxfx","58087","1","Sara","Sonic the Hedgehog: The Movie","0","Thu, 19 Oct 2023 06:39:01 GMT","1697697541520","1","","","","No","No","","","1","0","0","924336354811334676","924336354811334676","797920307284934697","0","F","S","S","S","B","F","D","",""
"v2p1qh4","329","3","Pela","Honkai: Star Rail","2","Thu, 19 Oct 2023 05:09:21 GMT","1697692161976","71","","","","No","No","","","32","0","2","924336354811334676","737980149995274240","797920307284934697","43","F","S","F","S","F","F","A","",""
"v2p1qh1","34235","2","Hikawa","Gleipnir","2","Thu, 19 Oct 2023 05:08:32 GMT","1697692112928","20","","","","No","No","","","1","0","2","924336354811334676","924336354811334676","797920307284934697","14","F","S","S","S","A","F","D","",""
"v2p0tn6","58175","1","Pansear","Pokémon: Black & White","2","Wed, 18 Oct 2023 20:13:35 GMT","1697660015421","14","","","","No","No","","","1","0","2","924336354811334676","924336354811334676","797920307284934697","6","F","S","S","S","B","F","D","",""
"v2pmcb1","10438","4","Machiko","Death Parade","3","Wed, 18 Oct 2023 18:50:53 GMT","1697655053454","52","","","","No","No","","","1","0","3","924336354811334676","924336354811334676","797920307284934697","30","F","S","S","S","A","F","C","",""
"v24xg4h","8990","4","Merlin","The Seven Deadly Sins","3","Wed, 18 Oct 2023 13:46:53 GMT","1697636813625","147","","","","No","No","","","97","0","3","924336354811334676","924336354811334676","797920307284934697","86","F","S","S","S","A","F","D","",""
"v24lknr","57833","1","Tsukasa Ayatsuji","Amagami SS Special","1","Wed, 18 Oct 2023 06:01:13 GMT","1697608873308","3","","","","No","No","","","4","0","1","924336354811334676","924336354811334676","797920307284934697","1","F","S","S","S","B","F","D","",""
"v24jq0v","6592","1","Gatekeeper","Fire Emblem: Three Houses","0","Tue, 17 Oct 2023 19:44:17 GMT","1697571857486","2","","","","No","No","","","5","0","0","924336354811334676","924336354811334676","797920307284934697","1","F","S","S","S","B","F","C","",""
"v24wm6f","57945","1","King Endymion","Sailor Moon R","1","Tue, 17 Oct 2023 14:09:37 GMT","1697551777096","4","","","","No","No","","","1","0","1","924336354811334676","924336354811334676","797920307284934697","1","F","S","S","S","B","F","D","",""
"v2zxmwx","58797","1","Acid Anubis","Beyblade: Burst","2","Tue, 17 Oct 2023 04:01:14 GMT","1697515274695","4","","","","No","No","","","1","0","2","924336354811334676","924336354811334676","797920307284934697","1","F","S","S","S","B","F","D","",""
"v2zlzk0","57998","1","Aquamarine","Mamotte! Lollipop","2","Mon, 16 Oct 2023 20:07:29 GMT","1697486849792","6","","","","No","No","","","0","0","2","924336354811334676","924336354811334676","797920307284934697","4","F","S","S","S","B","F","D","",""
"v2zg4jx","46326","1","G.I. Book","Hunter x Hunter (2011)","2","Mon, 16 Oct 2023 16:58:23 GMT","1697475503145","13","","","","No","No","","","2","0","2","924336354811334676","737980149995274240","797920307284934697","5","F","S","F","S","F","F","D","",""
"v2zg4j7","58333","1","Boulo","GATE (2016)","2","Mon, 16 Oct 2023 16:57:05 GMT","1697475425954","2","","","","No","No","","","1","0","2","924336354811334676","924336354811334676","797920307284934697","1","F","S","S","S","A","F","D","",""
"v2zb9g1","58171","1","Oyamada Nobushige","Sengoku Basara: Samurai Kings Movie - The Last Party","0","Mon, 16 Oct 2023 06:53:51 GMT","1697439231044","1","","","","No","No","","","1","0","0","924336354811334676","924336354811334676","797920307284934697","0","F","S","S","S","A","F","D","",""
"v2zvsp9","57491","1","Natsufusa Tsukuba","Chihayafuru 2","4","Sun, 15 Oct 2023 20:40:38 GMT","1697402438378","4","","","","No","No","","","0","0","4","924336354811334676","924336354811334676","797920307284934697","1","F","S","S","S","B","F","D","",""
"v21s73v","46698","1","Emperor Penguin","Heaven's Design Team","3","Sun, 15 Oct 2023 16:06:19 GMT","1697385979306","24","","","","No","No","","","1","0","3","924336354811334676","924336354811334676","797920307284934697","15","F","S","S","S","A","F","D","",""
"v21t138","55235","1","Genbu","Doraemon: Nobita's Little Space War","2","Sun, 15 Oct 2023 13:33:39 GMT","1697376819415","2","","","","No","No","","","0","0","2","924336354811334676","924336354811334676","797920307284934697","1","F","S","S","S","A","F","D","",""
"v21t0kc","1740","5","Lurie Abendroth","The Strongest Sage with the Weakest Crest","2","Sun, 15 Oct 2023 12:30:04 GMT","1697373004034","34","","","","No","No","","","3","0","2","924336354811334676","924336354811334676","797920307284934697","24","F","S","S","S","A","F","B","",""
"v218bcn","58447","1","Zashikiwarashi","Folktales from Japan","2","Sun, 15 Oct 2023 10:49:13 GMT","1697366953959","1","","","","No","No","","","0","0","2","924336354811334676","924336354811334676","797920307284934697","0","F","S","S","S","A","F","D","",""
"v21lw6q","58373","1","Kasumi Barnet Midou","Ragnastrike Angels","2","Sun, 15 Oct 2023 08:42:53 GMT","1697359373936","7","","","","No","No","","","0","0","2","924336354811334676","924336354811334676","797920307284934697","4","F","S","S","S","A","F","D","",""
"v21gt41","35971","1","Magikarp","Pokémon","3","Sun, 15 Oct 2023 07:06:36 GMT","1697353596061","61","","","","No","No","","","14","0","3","924336354811334676","924336354811334676","797920307284934697","34","F","S","S","S","S","F","D","",""
"v214jlv","58395","1","Pozun","MÄR","2","Sat, 14 Oct 2023 23:50:58 GMT","1697327458952","2","","","","No","No","","","1","0","2","924336354811334676","924336354811334676","797920307284934697","1","F","S","S","S","A","F","D","",""
"v21nttq","28157","1","Shitou","Genshin Impact","1","Sat, 14 Oct 2023 23:12:11 GMT","1697325131997","8","","","","No","No","","","1","0","1","924336354811334676","924336354811334676","797920307284934697","4","F","S","S","S","A","F","C","",""
"v211gdz","57841","1","Kafka","Needless","0","Sat, 14 Oct 2023 22:29:32 GMT","1697322572299","1","","","","No","No","","","1","0","0","1058805575317733477","924336354811334676","797920307284934697","0","F","S","S","F","D","F","D","",""
"v215r55","58232","1","Nagomi Fujikura","Haru no Ashioto the Movie: Ourin Dakkan","0","Sat, 14 Oct 2023 18:40:48 GMT","1697308848330","1","","","","No","No","","","0","0","0","924336354811334676","924336354811334676","797920307284934697","0","F","S","S","S","A","F","D","",""
"v21wfcw","33580","2","Oshizu Murasame","To Love Ru: Darkness 2nd","2","Sat, 14 Oct 2023 16:08:38 GMT","1697299718754","24","","","","No","No","","","1","0","2","924336354811334676","924336354811334676","797920307284934697","15","F","S","S","S","A","F","D","",""
"v210pr8","10359","2","Opus","In the Land of Leadale","4","Sat, 14 Oct 2023 13:33:01 GMT","1697290381578","71","","","","No","No","","","1","0","4","924336354811334676","924336354811334676","797920307284934697","44","F","S","S","S","A","F","C","",""
"v210zrc","53834","1","Red Mantle","Urusei Yatsura","2","Sat, 14 Oct 2023 12:36:51 GMT","1697287011309","2","","","","No","No","","","0","0","2","924336354811334676","924336354811334676","797920307284934697","1","F","S","S","S","A","F","D","",""
"v2ncwbx","58041","1","Manamin","Hidamari Sketch x Hoshimittsu Specials","3","Sat, 14 Oct 2023 08:10:50 GMT","1697271050262","4","","","","No","No","","","0","0","3","924336354811334676","924336354811334676","797920307284934697","1","F","S","S","S","A","F","D","",""
"v2n6t9n","57806","1","Riko's Father","Miss Kobayashi's Dragon Maid","2","Sat, 14 Oct 2023 06:18:40 GMT","1697264320745","3","","","","No","No","","","1","0","2","924336354811334676","924336354811334676","797920307284934697","1","F","S","S","S","B","F","D","",""
"v2ns2b7","20516","2","Tsuguha","Noragami","0","Sat, 14 Oct 2023 04:18:14 GMT","1697257094728","5","","","","No","No","","","1","0","0","924336354811334676","924336354811334676","797920307284934697","1","F","S","S","S","F","F","D","",""
"v2n8rkr","57950","1","Leonard","Devils and Realist","1","Fri, 13 Oct 2023 23:29:49 GMT","1697239789808","2","","","","No","No","","","0","0","1","924336354811334676","924336354811334676","797920307284934697","1","F","S","S","S","B","F","D","",""
"v2n9dz0","12996","3","Lyon","Fire Emblem: The Sacred Stones","1","Fri, 13 Oct 2023 20:35:12 GMT","1697229312564","14","","","","No","No","","","7","0","1","924336354811334676","924336354811334676","797920307284934697","8","F","S","S","S","A","F","D","",""
"v2n3j9j","57419","1","Yuukimaru","Naruto Shippuden","2","Fri, 13 Oct 2023 17:45:11 GMT","1697219111090","10","","","","No","No","","","1","0","2","924336354811334676","924336354811334676","797920307284934697","6","F","S","S","S","A","F","D","",""
"v2npgps","57380","1","Mage","Bikini Warriors Special","2","Fri, 13 Oct 2023 15:24:42 GMT","1697210682782","22","","","","No","No","","","6","0","2","924336354811334676","924336354811334676","797920307284934697","15","F","S","S","S","A","F","D","",""
"v2n4fw3","6494","3","Milo Nekoyanagi","Sabikui Bisco","3","Fri, 13 Oct 2023 14:26:06 GMT","1697207166617","79","","","","No","No","","","21","0","3","924336354811334676","924336354811334676","797920307284934697","46","F","S","S","S","S","F","D","",""
"v2n51cr","19739","3","Yuka Nakano","The iDOLM@STER: Cinderella Girls","2","Fri, 13 Oct 2023 05:24:34 GMT","1697174674524","27","","","","No","No","","","1","0","2","924336354811334676","924336354811334676","797920307284934697","15","F","S","S","S","C","F","C","",""
"v2nkqr4","58035","1","Jum-P","Danganronpa 3: The End of Hope's Peak Academy - Despair Arc","1","Fri, 13 Oct 2023 04:03:52 GMT","1697169832461","7","","","","No","No","","","3","0","1","924336354811334676","924336354811334676","797920307284934697","4","F","S","S","S","A","F","D","",""
"v2js891","58076","1","Mika-chan","Puri Puri Chii-chan!!","2","Thu, 12 Oct 2023 18:04:04 GMT","1697133844038","6","","","","No","No","","","1","0","2","924336354811334676","924336354811334676","797920307284934697","4","F","S","S","S","A","F","D","",""
"v2jsm7h","17836","1","Gargand","The Fruit of Evolution: Before I Knew It, My Life Had It Made","2","Thu, 12 Oct 2023 16:20:35 GMT","1697127635500","3","","","","No","No","","","1","0","2","924336354811334676","924336354811334676","797920307284934697","1","F","S","S","S","S","F","C","",""
"v2jdzl7","58113","1","Anchor","Lucky Star","2","Thu, 12 Oct 2023 15:09:52 GMT","1697123392527","1","","","","No","No","","","1","0","2","924336354811334676","924336354811334676","797920307284934697","0","F","S","S","S","S","F","D","",""
"v2j3vtt","58097","1","Snow Bug","The Ancient Magus' Bride","3","Thu, 12 Oct 2023 05:11:19 GMT","1697087479565","10","","","","No","No","","","1","0","3","924336354811334676","924336354811334676","797920307284934697","6","F","S","S","S","A","F","D","",""
"v2j5xgp","57642","1","Kon Hokaze","Ixion Saga: Dimension Transfer","0","Wed, 11 Oct 2023 19:14:15 GMT","1697051655103","1","","","","No","No","","","1","0","0","924336354811334676","924336354811334676","797920307284934697","0","F","S","S","S","A","F","D","",""
"v2jw4c2","57912","1","Daisuke Dojima","revisions","2","Wed, 11 Oct 2023 17:49:19 GMT","1697046559671","2","","","","No","No","","","1","0","2","924336354811334676","924336354811334676","797920307284934697","1","F","S","S","S","A","F","D","",""
"v2jhcf0","2720","5","Misao Makimachi","Rurouni Kenshin","2","Wed, 11 Oct 2023 16:15:30 GMT","1697040930410","38","","","","No","No","","","11","0","2","924336354811334676","924336354811334676","797920307284934697","26","F","S","S","S","S","F","B","",""
"v2j0tqs","2761","2","Shunrai Yamamoto","Orient","2","Wed, 11 Oct 2023 14:22:38 GMT","1697034158564","33","","","","No","No","","","1","0","2","924336354811334676","924336354811334676","797920307284934697","20","F","S","S","S","A","F","B","",""
"v2bc8j8","11968","2","Keika You","Spiritpact","3","Wed, 11 Oct 2023 10:21:11 GMT","1697019671101","43","","","","No","No","","","7","0","3","924336354811334676","924336354811334676","797920307284934697","25","F","S","S","S","A","F","D","",""
"v2bxkw0","12753","3","PoH","Sword Art Online","2","Wed, 11 Oct 2023 05:57:14 GMT","1697003834695","31","","","","No","No","","","1","0","2","924336354811334676","924336354811334676","797920307284934697","20","F","S","S","S","S","F","D","",""
"v2bxm41","2795","3","Garrett","She Professed Herself Pupil of the Wise Man","4","Wed, 11 Oct 2023 05:21:18 GMT","1697001678213","79","","","","No","No","","","0","0","4","924336354811334676","924336354811334676","797920307284934697","50","F","S","S","S","A","F","B","",""
"v2bs5hr","32911","2","Great Angel","High-Rise Invasion","0","Wed, 11 Oct 2023 04:00:58 GMT","1696996858603","6","","","","No","No","","","2","0","0","924336354811334676","924336354811334676","797920307284934697","4","F","S","S","S","D","F","D","",""
"v2b342q","57808","1","Chuta Uzaki","Nanami-chan","2","Tue, 10 Oct 2023 17:59:34 GMT","1696960774050","1","","","","No","No","","","0","0","2","924336354811334676","924336354811334676","797920307284934697","0","F","S","S","S","A","F","D","",""
"v2b4hb7","57746","1","Hideo Toyotomi","YU-NO: A Girl Who Chants Love at the Bound of This World","2","Tue, 10 Oct 2023 15:07:41 GMT","1696950461957","2","","","","No","No","","","0","0","2","924336354811334676","924336354811334676","797920307284934697","1","F","S","S","S","S","F","D","",""
"v2bkzx2","3151","3","Arbiter Vildred","Epic Seven","3","Tue, 10 Oct 2023 06:31:09 GMT","1696919469436","64","","","","No","No","","","7","0","3","924336354811334676","924336354811334676","797920307284934697","44","F","S","S","S","A","F","B","",""
"v256wc5","33696","2","Michiru Hyoudo","Saekano: How to Raise a Boring Girlfriend","2","Mon, 09 Oct 2023 19:25:46 GMT","1696879546323","28","","","","No","No","","","2","0","2","924336354811334676","924336354811334676","797920307284934697","16","F","S","S","S","A","F","D","",""
"v25xlf5","57462","1","Sahuagin","Miss Kobayashi's Dragon Maid","2","Mon, 09 Oct 2023 18:06:21 GMT","1696874781308","6","","","","No","No","","","1","0","2","924336354811334676","924336354811334676","797920307284934697","4","F","S","S","S","A","F","D","",""
"v25s5x8","58041","1","Reiko Ichikawa","Infinite Ryvius","2","Mon, 09 Oct 2023 16:18:14 GMT","1696868294185","1","","","","No","No","","","0","0","2","924336354811334676","924336354811334676","797920307284934697","0","F","S","S","S","A","F","D","",""
"v257h5p","7621","4","Artem Wing","Tears of Themis","4","Mon, 09 Oct 2023 15:04:23 GMT","1696863863241","245","","","","No","No","","","116","0","4","924336354811334676","924336354811334676","797920307284934697","143","F","S","S","S","S","F","C","",""
"v25rxtx","21563","2","Teru Teru Bozu","Weathering with You","2","Mon, 09 Oct 2023 05:00:17 GMT","1696827617679","31","","","","No","No","","","2","0","2","924336354811334676","924336354811334676","797920307284934697","19","F","S","S","S","B","F","D","",""
"v25b9m4","614","3","Lotiyah","The Alchemist Code","1","Sun, 08 Oct 2023 20:04:35 GMT","1696795475894","22","","","","No","No","","","9","0","1","924336354811334676","924336354811334676","797920307284934697","16","F","S","S","S","C","F","A","",""
"v25k8ss","58110","1","Neighbor","Himouto! Umaru-chan","3","Sun, 08 Oct 2023 19:26:48 GMT","1696793208826","2","","","","No","No","","","0","0","3","924336354811334676","924336354811334676","797920307284934697","1","F","S","S","S","C","F","D","",""
"v25k3d4","57853","1","Angela","Kurogane Communication","3","Sun, 08 Oct 2023 18:48:43 GMT","1696790923975","4","","","","No","No","","","0","0","3","924336354811334676","924336354811334676","797920307284934697","1","F","S","S","S","D","F","D","",""
"v252sz3","57580","1","Maya","If It's for My Daughter, I'd Even Defeat a Demon Lord","1","Sun, 08 Oct 2023 17:57:38 GMT","1696787858936","3","","","","No","No","","","1","0","1","924336354811334676","924336354811334676","797920307284934697","1","F","S","S","S","C","F","D","",""
"v2528qs","57108","1","Eiji Nobunishi","Battery","3","Sun, 08 Oct 2023 16:15:55 GMT","1696781755532","2","","","","No","No","","","0","0","3","924336354811334676","924336354811334676","797920307284934697","1","F","S","S","S","A","F","D","",""
"v25v1bf","21083","2","Bucchi","Food Wars! Toutsuki Juukketsu","1","Sun, 08 Oct 2023 11:13:37 GMT","1696763617294","12","","","","No","No","","","1","0","1","924336354811334676","924336354811334676","797920307284934697","5","F","S","S","S","A","F","D","",""
"v25m1lb","57671","1","Zwei Februar","Senyuu. 2","2","Sun, 08 Oct 2023 10:29:51 GMT","1696760991169","2","","","","No","No","","","0","0","2","924336354811334676","924336354811334676","797920307284934697","1","F","S","S","S","S","F","D","",""
"v2kczwv","58029","1","Eisuke Tsunozaki","Yotsuiro Biyori","2","Sun, 08 Oct 2023 08:23:26 GMT","1696753406236","1","","","","No","No","","","0","0","2","924336354811334676","924336354811334676","797920307284934697","0","F","S","S","S","A","F","D","",""
"v2k8lkj","57430","1","Cheeta","Dragon Ball","4","Sun, 08 Oct 2023 01:03:47 GMT","1696727027862","34","","","","No","No","","","1","0","4","924336354811334676","924336354811334676","797920307284934697","20","F","S","S","S","B","F","D","",""
"v2kfmlf","57623","1","Fritz Kaiser","Lupin III: The Woman Called Fujiko Mine","4","Sat, 07 Oct 2023 21:45:45 GMT","1696715145100","5","","","","No","No","","","1","0","4","924336354811334676","924336354811334676","797920307284934697","1","F","S","S","S","A","F","D","",""
"v2kgxjt","17994","1","Yuma Mukami","Diabolik Lovers More, Blood","3","Sat, 07 Oct 2023 20:14:27 GMT","1696709667497","33","","","","No","No","","","8","0","3","737980149995274240","924336354811334676","797920307284934697","16","F","S","S","F","F","F","D","",""
"v2kgmjb","14223","1","Eden Academy Applicant","Spy x Family","2","Sat, 07 Oct 2023 19:58:27 GMT","1696708707337","13","","","","No","No","","","1","0","2","","924336354811334676","797920307284934697","6","F","S","S","F","F","F","B","",""
"v2kgjts","57611","1","Shinnosuke Tsuji","History's Strongest Disciple Kenichi","2","Sat, 07 Oct 2023 19:20:37 GMT","1696706437831","2","","","","No","No","","","0","0","2","924336354811334676","924336354811334676","797920307284934697","1","F","S","S","S","A","F","D","",""
"v2k3pxm","16491","2","Momo Belia Deviluke","Motto To Love Ru","3","Sat, 07 Oct 2023 18:13:16 GMT","1696702396382","119","","","","No","No","","","100","0","3","924336354811334676","924336354811334676","797920307284934697","66","F","S","S","S","A","F","D","",""
"v2k4dbh","57472","1","Miharu Rokujou","Nabari no Ou","3","Sat, 07 Oct 2023 16:47:39 GMT","1696697259914","6","","","","No","No","","","1","0","3","924336354811334676","924336354811334676","797920307284934697","4","F","S","S","S","B","F","D","",""
"v2kpj4s","25337","2","Sammy","I-CHU: Halfway Through the Idol","1","Sat, 07 Oct 2023 15:41:33 GMT","1696693293042","8","","","","No","No","","","1","0","1","924336354811334676","924336354811334676","797920307284934697","4","F","S","S","S","A","F","C","",""
"v2k19m4","18158","2","Mirumo","Wagamama Fairy: Mirumo de Pon!","0","Sat, 07 Oct 2023 14:23:26 GMT","1696688606677","3","","","","No","No","","","2","0","0","924336354811334676","924336354811334676","797920307284934697","1","F","S","S","S","B","F","D","",""
"v2knrr1","51746","1","Jin Karasue","Project Scard: Praeter no Kizu","2","Sat, 07 Oct 2023 12:31:03 GMT","1696681863869","6","","","","No","No","","","1","0","2","924336354811334676","924336354811334676","797920307284934697","4","F","S","S","S","F","F","D","",""
"v2kn1ld","877","5","Akane Ryuuzouji","World's End Harem","2","Sat, 07 Oct 2023 10:57:53 GMT","1696676273812","55","","","","No","No","","","9","0","2","924336354811334676","924336354811334676","797920307284934697","34","F","S","S","S","F","F","A","",""
"v2kbqfr","19088","3","Tactimon","Digimon Xros Wars","2","Sat, 07 Oct 2023 09:15:56 GMT","1696670156911","17","","","","No","No","","","1","0","2","924336354811334676","924336354811334676","797920307284934697","8","F","S","S","S","F","F","C","",""
"v2kw4f6","9214","4","Halbert Magna","How a Realist Hero Rebuilt the Kingdom","0","Sat, 07 Oct 2023 04:16:33 GMT","1696652193037","6","","","","No","No","","","1","0","0","924336354811334676","924336354811334676","797920307284934697","4","F","S","S","S","A","F","C","",""
"v2khcgv","6383","2","Lord Carignano","Luminous Witches","2","Sat, 07 Oct 2023 03:23:51 GMT","1696649031611","11","","","","No","No","","","0","0","2","924336354811334676","924336354811334676","797920307284934697","8","F","S","S","S","A","F","B","",""
"v2kh93t","2823","5","Will Sprout","HELIOS Rising Heroes","2","Sat, 07 Oct 2023 02:01:02 GMT","1696644062811","28","","","","No","No","","","4","0","2","924336354811334676","924336354811334676","797920307284934697","18","F","S","S","S","A","F","B","",""
"v2wss05","57617","1","Ume Ryuuzouji","YU-NO: A Girl Who Chants Love at the Bound of This World","3","Fri, 06 Oct 2023 18:28:37 GMT","1696616917986","3","","","","No","No","","","0","0","3","924336354811334676","924336354811334676","797920307284934697","1","F","S","S","S","C","F","D","",""
"v2ws5t3","58051","1","Nanami","xxxHOLiC","0","Fri, 06 Oct 2023 17:25:21 GMT","1696613121896","1","","","","No","No","","","0","0","0","924336354811334676","924336354811334676","797920307284934697","0","F","S","S","S","A","F","D","",""
"v2wsplp","51053","1","Kana","Kimi ga Suki. The Animation","2","Fri, 06 Oct 2023 16:51:23 GMT","1696611083984","8","","","","No","No","","","1","0","2","924336354811334676","924336354811334676","797920307284934697","4","F","S","S","S","B","F","D","",""
"v2w7m1c","57823","1","Jishou Nun Ghost","Dororo (2019)","2","Fri, 06 Oct 2023 15:40:18 GMT","1696606818502","3","","","","No","No","","","0","0","2","737980149995274240","924336354811334676","797920307284934697","1","F","S","S","F","B","F","D","",""
"v2w7fql","26873","1","Koinatsu's Kamuro A","Demon Slayer: Kimetsu no Yaiba: Entertainment District Arc","2","Fri, 06 Oct 2023 14:44:18 GMT","1696603458701","25","","","","No","No","","","1","0","2","924336354811334676","924336354811334676","797920307284934697","15","F","S","S","S","A","F","C","",""
"v2w7165","57456","1","Polinchu Man","Stalker Higai, Mizen ni Fusegou ""Cafe Mizen","3","Fri, 06 Oct 2023 14:12:42 GMT","1696601562420","4","","","","No","No","","","0","0","3","924336354811334676","924336354811334676","797920307284934697","1","F","S","S","S","B","F","D","",""
"v2w3k99","15640","2","Cider-man Ramune","The Disastrous Life of Saiki K.","0","Fri, 06 Oct 2023 05:26:28 GMT","1696569988064","5","","","","No","No","","","1","0","0","924336354811334676","924336354811334676","797920307284934697","1","F","S","S","S","B","F","C","",""
"v2w32k6","8466","4","Rika Seto","D4DJ First Mix","1","Fri, 06 Oct 2023 04:31:45 GMT","1696566705728","20","","","","No","No","","","11","0","1","924336354811334676","924336354811334676","797920307284934697","14","F","S","S","S","A","F","C","",""
"v2w5st8","57614","1","Yui Mikoze","LocoDol","2","Thu, 05 Oct 2023 19:13:12 GMT","1696533192758","6","","","","No","No","","","1","0","2","924336354811334676","924336354811334676","797920307284934697","4","F","S","S","S","A","F","D","",""
"v2wkm6f","57438","1","Maya","If It's for My Daughter, I'd Even Defeat a Demon Lord","0","Thu, 05 Oct 2023 17:56:23 GMT","1696528583859","1","","","","No","No","","","1","0","0","924336354811334676","924336354811334676","797920307284934697","0","F","S","S","S","F","F","D","",""
"v2w2sm4","57989","1","Weezing","Pokémon","4","Thu, 05 Oct 2023 16:44:16 GMT","1696524256575","65","","","","No","No","","","1","0","4","924336354811334676","924336354811334676","797920307284934697","39","F","S","S","S","A","F","D","",""
"v2w2btf","54952","1","Ernst","Angelique: Shiroi Tsubasa no Memoire","1","Thu, 05 Oct 2023 15:38:31 GMT","1696520311696","1","","","","No","No","","","0","0","1","924336354811334676","924336354811334676","797920307284934697","0","F","S","S","S","A","F","D","",""
"v2w2d9t","57675","1","Cherry","Oshiri Kajiri Mushi","4","Thu, 05 Oct 2023 15:07:12 GMT","1696518432658","7","","","","No","No","","","0","0","4","924336354811334676","924336354811334676","797920307284934697","4","F","S","S","S","B","F","D","",""
"v2wvc2p","57379","1","Nataku","X TV","1","Thu, 05 Oct 2023 10:10:09 GMT","1696500609507","1","","","","No","No","","","1","0","1","924336354811334676","924336354811334676","797920307284934697","0","F","S","S","S","A","F","D","",""
"v2wmqb5","57471","1","Theta","Tobot Athlon","0","Thu, 05 Oct 2023 07:59:11 GMT","1696492751458","1","","","","No","No","","","0","0","0","924336354811334676","924336354811334676","797920307284934697","0","F","S","S","S","A","F","D","",""
"v2266ck","494","4","Agate","Ningen Fushin: Adventurers Who Don't Believe in Humanity Will Save the World","3","Thu, 05 Oct 2023 07:01:52 GMT","1696489312049","68","","","","No","No","","","2","0","3","924336354811334676","924336354811334676","797920307284934697","45","F","S","S","S","B","F","A","",""
"v22d9bs","57766","1","Hiden","Mobile Suit Gundam Evolve","2","Thu, 05 Oct 2023 05:01:11 GMT","1696482071760","2","","","","No","No","","","0","0","2","924336354811334676","924336354811334676","797920307284934697","1","F","S","S","S","F","F","D","",""
"v22fvd7","40011","1","Edo","Ultraman","0","Wed, 04 Oct 2023 20:32:06 GMT","1696451526919","1","","","","No","No","","","1","0","0","924336354811334676","924336354811334676","797920307284934697","0","F","S","S","S","B","F","D","",""
"v223wsb","13344","1","Xiuyu Xia","Shenmue the Animation","2","Wed, 04 Oct 2023 19:16:30 GMT","1696446990618","1","","","","No","No","","","0","0","2","924336354811334676","924336354811334676","797920307284934697","0","F","S","S","S","C","F","B","",""
"v22r4kh","57852","1","Younger Merchant","Folktales from Japan","3","Wed, 04 Oct 2023 18:12:56 GMT","1696443176781","1","","","","No","No","","","0","0","3","924336354811334676","924336354811334676","797920307284934697","0","F","S","S","S","A","F","D","",""
"v22rslh","57882","1","Pachi Ranger Bad Guy","Aho-Girl","0","Wed, 04 Oct 2023 16:58:32 GMT","1696438712154","1","","","","No","No","","","0","0","0","924336354811334676","924336354811334676","797920307284934697","0","F","S","S","S","S","F","D","",""
"v22r2sb","3175","5","Robert E. O. Speedwagon","JoJo's Bizarre Adventure","2","Wed, 04 Oct 2023 16:28:28 GMT","1696436908483","75","","","","No","No","","","143","0","2","924336354811334676","924336354811334676","797920307284934697","48","F","S","S","S","A","F","B","",""
"v22zb83","17379","2","Amaimon","Blue Exorcist","1","Wed, 04 Oct 2023 13:50:01 GMT","1696427401466","18","","","","No","No","","","14","0","1","924336354811334676","924336354811334676","797920307284934697","13","F","S","S","S","A","F","D","",""
"v221jmt","2492","5","Fujieda Mio","Phantom: Requiem for the Phantom","0","Wed, 04 Oct 2023 13:08:06 GMT","1696424886211","6","","","","No","No","","","1","0","0","924336354811334676","924336354811334676","797920307284934697","5","F","S","S","S","B","F","B","",""
"v22j719","3823","3","Ryuken Ishida","Bleach","3","Wed, 04 Oct 2023 12:00:04 GMT","1696420804887","89","","","","No","No","","","12","0","3","924336354811334676","924336354811334676","797920307284934697","56","F","S","S","S","A","F","B","",""
"v22ns4d","33095","2","Takako Sugiura","Another","3","Wed, 04 Oct 2023 11:10:59 GMT","1696417859741","47","","","","No","No","","","1","0","3","924336354811334676","924336354811334676","797920307284934697","26","F","S","S","S","A","F","D","",""
"v22jgsm","57573","1","Yuki","GeGeGe no Kitarou (2018)","0","Wed, 04 Oct 2023 10:15:49 GMT","1696414549137","1","","","","No","No","","","0","0","0","924336354811334676","924336354811334676","797920307284934697","0","F","S","S","S","A","F","D","",""
"v22jnwf","6882","3","Nanami","Summer Pockets","1","Wed, 04 Oct 2023 09:17:16 GMT","1696411036247","13","","","","No","No","","","2","0","1","924336354811334676","924336354811334676","797920307284934697","8","F","S","S","S","A","F","C","",""
"v225vzx","33678","2","Taurus","Sword Art Online: Alicization - War of Underworld","1","Wed, 04 Oct 2023 05:39:42 GMT","1696397982783","10","","","","No","No","","","1","0","1","924336354811334676","737980149995274240","797920307284934697","5","F","S","F","S","F","F","D","",""
"v225vzs","12968","3","Li Qian","Shi Yi Chang An: Ming Yue Ji Shi You","4","Wed, 04 Oct 2023 05:38:47 GMT","1696397927621","81","","","","No","No","","","1","0","4","924336354811334676","924336354811334676","797920307284934697","46","F","S","S","S","A","F","D","",""
"v22w917","43372","1","Mael","The Seven Deadly Sins: Dragon's Judgement","2","Wed, 04 Oct 2023 05:07:01 GMT","1696396021396","18","","","","No","No","","","9","0","2","924336354811334676","924336354811334676","797920307284934697","14","F","S","S","S","B","F","C","",""
"v22kb34","12412","3","Lisbeth","Sword Art Online","2","Wed, 04 Oct 2023 04:11:40 GMT","1696392700441","58","","","","No","No","","","38","0","2","924336354811334676","924336354811334676","797920307284934697","35","F","S","S","S","A","F","D","",""
"v222g8p","57670","1","Yuuya Masaoka","Domestic Girlfriend","1","Wed, 04 Oct 2023 03:33:26 GMT","1696390406868","2","","","","No","No","","","1","0","1","924336354811334676","924336354811334676","797920307284934697","1","F","S","S","S","A","F","D","",""
"v22mh2p","33312","2","Kuppuru","Uta no Prince-sama: Maji Love 1000%","4","Tue, 03 Oct 2023 20:28:38 GMT","1696364918925","98","","","","No","No","","","1","0","4","924336354811334676","924336354811334676","797920307284934697","60","F","S","S","S","A","F","D","",""
"v2h6xwc","57736","1","Miss Pony","Candy Candy Movie","2","Tue, 03 Oct 2023 19:03:50 GMT","1696359830145","1","","","","No","No","","","1","0","2","924336354811334676","924336354811334676","797920307284934697","0","F","S","S","S","F","F","D","",""
"v2hxp0g","13311","3","CereCere","Sailor Moon Super S","4","Tue, 03 Oct 2023 17:49:23 GMT","1696355363720","133","","","","No","No","","","2","0","4","924336354811334676","924336354811334676","797920307284934697","75","F","S","S","S","A","F","D","",""
"v2hxm1b","8775","4","Zushonosuke Himekawa","Ayakashi: Japanese Classic Horror","2","Tue, 03 Oct 2023 17:15:19 GMT","1696353319847","17","","","","No","No","","","2","0","2","924336354811334676","924336354811334676","797920307284934697","8","F","S","S","S","A","F","D","",""
"v2hs31s","30972","2","Professor Hojo","Final Fantasy VII","1","Tue, 03 Oct 2023 16:22:19 GMT","1696350139619","9","","","","No","No","","","1","1","1","924336354811334676","924336354811334676","797920307284934697","4","F","S","S","S","A","D","C","",""
"v2hs05c","12119","2","Santa","Zero Escape","2","Tue, 03 Oct 2023 15:47:06 GMT","1696348026788","24","","","","No","No","","","8","0","2","924336354811334676","924336354811334676","797920307284934697","14","F","S","S","S","A","F","D","",""
"v2htbm8","57362","1","Otoya Takechi","Riddle Story of Devil","1","Tue, 03 Oct 2023 14:09:17 GMT","1696342157308","3","","","","No","No","","","1","0","1","924336354811334676","924336354811334676","797920307284934697","1","F","S","S","S","A","F","D","",""
"v2hlrp3","57557","1","Anden Yamidoro","Ninja Scroll: The Series","2","Tue, 03 Oct 2023 11:36:49 GMT","1696333009961","1","","","","No","No","","","0","0","2","924336354811334676","924336354811334676","797920307284934697","0","F","S","S","S","A","F","D","",""
"v2h9cbx","57212","1","Gregorio","100% Pascal-sensei (2017)","3","Tue, 03 Oct 2023 08:24:56 GMT","1696321496973","6","","","","No","No","","","1","0","3","924336354811334676","924336354811334676","797920307284934697","4","F","S","S","S","A","F","D","",""
"v2hgzvd","16738","2","Decoe","Sonic X","3","Tue, 03 Oct 2023 05:56:16 GMT","1696312576538","32","","","","No","No","","","1","0","3","924336354811334676","924336354811334676","797920307284934697","19","F","S","S","S","B","F","D","",""
"v2hj9fg","57735","1","Mikiyasu Yasumori","Shiki","2","Mon, 02 Oct 2023 20:25:40 GMT","1696278340684","1","","","","No","No","","","0","0","2","1058805575317733477","924336354811334676","797920307284934697","0","F","S","S","F","F","F","D","",""
"v2hbn9w","11318","1","Dagon-kun","Haiyore! Nyaruko-san","2","Mon, 02 Oct 2023 19:59:13 GMT","1696276753022","2","","","","No","No","","","0","0","2","924336354811334676","924336354811334676","797920307284934697","1","F","S","S","S","B","F","B","",""
"v2h5lq6","57488","1","Priest","009-1","1","Mon, 02 Oct 2023 18:55:06 GMT","1696272906860","1","","","","No","No","","","0","0","1","924336354811334676","924336354811334676","797920307284934697","0","F","S","S","S","B","F","D","",""
"v2hkzff","13605","1","Pearlhorizon","Epic Seven","2","Mon, 02 Oct 2023 16:59:57 GMT","1696265997532","15","","","","No","No","","","1","0","2","924336354811334676","924336354811334676","797920307284934697","8","F","S","S","S","B","F","D","",""
"v2h245j","3261","5","Ryouta Watari","Your lie in April","1","Mon, 02 Oct 2023 15:37:41 GMT","1696261061834","22","","","","No","No","","","6","0","1","924336354811334676","924336354811334676","797920307284934697","16","F","S","S","S","A","F","B","",""
"v2hh11x","57528","1","Itsue","Otome Youkai Zakuro","1","Mon, 02 Oct 2023 15:07:09 GMT","1696259229884","1","","","","No","No","","","1","0","1","924336354811334676","924336354811334676","797920307284934697","0","F","S","S","S","A","F","D","",""
"v2q6x88","16527","1","Lucky","Over the Sky","4","Mon, 02 Oct 2023 06:09:00 GMT","1696226940634","43","","","","No","No","","","1","0","4","924336354811334676","924336354811334676","797920307284934697","28","F","S","S","S","A","F","C","",""
"v2qff93","57622","1","Magaki","Air Gear","1","Sun, 01 Oct 2023 20:24:29 GMT","1696191869129","1","","","","No","No","","","1","0","1","924336354811334676","924336354811334676","797920307284934697","0","F","S","S","S","A","F","D","",""
"v2qf3d3","55045","1","Harakawa","Kangoku Jikken","2","Sun, 01 Oct 2023 19:43:50 GMT","1696189430577","4","","","","No","No","","","1","0","2","924336354811334676","924336354811334676","797920307284934697","1","F","S","S","S","S","F","D","",""
"v2qghqx","57679","1","Hampnie Hambart","Sunday Without God","1","Sun, 01 Oct 2023 17:34:54 GMT","1696181694704","2","","","","No","No","","","1","0","1","737980149995274240","737980149995274240","797920307284934697","1","F","S","F","F","A","F","D","",""
"v2qrfdg","3276","5","Aguri Sakurano","Gamers!","2","Sun, 01 Oct 2023 17:32:00 GMT","1696181520818","40","","","","No","No","","","7","0","2","924336354811334676","924336354811334676","797920307284934697","26","F","S","S","S","S","F","B","",""
"v2q1738","735","4","Alexia Midgar","The Eminence in Shadow","4","Sun, 01 Oct 2023 11:41:35 GMT","1696160495725","284","","","","No","No","","","108","0","4","924336354811334676","924336354811334676","797920307284934697","186","F","S","S","S","A","F","A","",""
"v2qbssh","57323","1","Fritz Gantz","Hundred","2","Sun, 01 Oct 2023 08:29:08 GMT","1696148948633","2","","","","No","No","","","0","0","2","924336354811334676","924336354811334676","797920307284934697","1","F","S","S","S","A","F","D","",""
"v206424","57479","1","Sentarou Miya","Kono Oto Tomare!","2","Sat, 30 Sep 2023 18:42:16 GMT","1696099336051","2","","","","No","No","","","0","0","2","737980149995274240","737980149995274240","797920307284934697","1","F","S","F","F","F","F","D","",""
"v206s3h","33145","2","M4 SOPMOD II","Girls' Frontline","3","Sat, 30 Sep 2023 18:41:02 GMT","1696099262911","62","","","","No","No","","","11","0","3","924336354811334676","924336354811334676","797920307284934697","39","F","S","S","S","A","F","D","",""
"v20c1kz","13712","1","Jail House Lock","JoJo's Bizarre Adventure: Stone Ocean","2","Sat, 30 Sep 2023 18:05:55 GMT","1696097155226","13","","","","No","No","","","1","0","2","924336354811334676","924336354811334676","797920307284934697","6","F","S","S","S","A","F","B","",""
"v206rg0","2199","2","Sword of Bonds","Ningen Fushin: Adventurers Who Don't Believe in Humanity Will Save the World","1","Sat, 30 Sep 2023 17:23:47 GMT","1696094627822","8","","","","No","No","","","1","0","1","924336354811334676","924336354811334676","797920307284934697","5","F","S","S","S","A","F","A","",""
"v206z73","33773","2","Meg Kataoka","Assassination Classroom","3","Sat, 30 Sep 2023 16:52:21 GMT","1696092741345","61","","","","No","No","","","1","0","3","924336354811334676","924336354811334676","797920307284934697","36","F","S","S","S","S","F","D","",""
"v20lgg1","57580","1","Sasazuka","Speed Grapher","3","Sat, 30 Sep 2023 08:28:56 GMT","1696062536713","1","","","","No","No","","","0","0","3","924336354811334676","924336354811334676","797920307284934697","0","F","S","S","S","B","F","D","",""
"v20972c","57641","1","Orange Fairy","Kirakira Precure a la Mode","4","Sat, 30 Sep 2023 06:58:17 GMT","1696057097406","14","","","","No","No","","","0","0","4","924336354811334676","924336354811334676","797920307284934697","8","F","S","S","S","B","F","D","",""
"v20zrv2","57431","1","Haruki Ishikawa","Miami Guns","0","Fri, 29 Sep 2023 20:46:09 GMT","1696020369807","1","","","","No","No","","","0","0","0","924336354811334676","924336354811334676","797920307284934697","0","F","S","S","S","A","F","D","",""
"v2011xx","57422","1","Ami Kirio","Welcome to Demon School, Iruma-kun","1","Fri, 29 Sep 2023 18:44:33 GMT","1696013073349","4","","","","No","No","","","5","0","1","","737980149995274240","797920307284934697","1","F","S","F","F","F","F","D","",""
"v2011x7","12748","3","Kotaro Kobayashi","Angelic Layer","0","Fri, 29 Sep 2023 18:44:10 GMT","1696013050599","3","","","","No","No","","","1","0","0","","924336354811334676","797920307284934697","1","F","S","S","F","A","F","C","",""
"v20n0f8","57151","1","Leo Regulus","Saint Seiya: The Lost Canvas - Meiou Shinwa 2nd Chapter","3","Fri, 29 Sep 2023 17:59:01 GMT","1696010341523","8","","","","No","No","","","1","0","3","924336354811334676","924336354811334676","797920307284934697","4","F","S","S","S","B","F","D","",""
"v205jpq","3744","2","Doppel","Monster Musume no Iru Nichijou","1","Fri, 29 Sep 2023 15:05:15 GMT","1695999915807","18","","","","No","No","","","4","0","1","924336354811334676","924336354811334676","797920307284934697","14","F","S","S","S","A","F","B","",""
"v200dsk","7555","4","Karin Sarayashiki","The Ones Within","1","Fri, 29 Sep 2023 04:46:58 GMT","1695962818488","19","","","","No","No","","","2","0","1","924336354811334676","924336354811334676","797920307284934697","14","F","S","S","S","B","F","C","",""
"v20v0df","9352","4","Ainosuke Shindo","SK8 the Infinity","2","Fri, 29 Sep 2023 04:01:49 GMT","1695960109752","44","","","","No","No","","","26","0","2","924336354811334676","924336354811334676","797920307284934697","26","F","S","S","S","A","F","C","",""
"v2vdw33","57240","1","Meguru Otsu","Yutori-chan","0","Thu, 28 Sep 2023 18:56:54 GMT","1695927414935","1","","","","No","No","","","1","0","0","924336354811334676","924336354811334676","797920307284934697","0","F","S","S","S","F","F","D","",""
"v2v8rbd","8709","2","Xiba","Soulcalibur V","1","Thu, 28 Sep 2023 16:20:10 GMT","1695918010016","8","","","","No","No","","","1","0","1","924336354811334676","924336354811334676","797920307284934697","4","F","S","S","S","A","F","C","",""
"v2vlf60","18139","2","Hanako Kamado","Demon Slayer: Kimetsu no Yaiba","2","Thu, 28 Sep 2023 15:28:16 GMT","1695914896254","51","","","","No","No","","","3","0","2","","924336354811334676","797920307284934697","25","F","S","S","F","F","F","D","",""
"v2vlprl","4249","2","Future Devil","Chainsaw Man","3","Thu, 28 Sep 2023 15:05:25 GMT","1695913525787","112","","","","No","No","","","12","0","3","924336354811334676","924336354811334676","797920307284934697","75","F","S","S","S","S","F","B","",""
"v2vpbmx","57583","1","Yuri","The Book of Bantorra","3","Thu, 28 Sep 2023 05:07:53 GMT","1695877673408","11","","","","No","No","","","1","0","3","924336354811334676","924336354811334676","797920307284934697","5","F","S","S","S","B","F","D","",""
"v2vbhts","25567","2","Yaki","Peach Boy Riverside","2","Wed, 27 Sep 2023 19:55:11 GMT","1695844511829","15","","","","No","No","","","1","0","2","924336354811334676","924336354811334676","797920307284934697","9","F","S","S","S","S","F","C","",""
"v2vhqcb","10081","4","Theoto Rikka","86 EIGHTY-SIX","1","Wed, 27 Sep 2023 16:28:59 GMT","1695832139932","23","","","","No","No","","","12","0","1","924336354811334676","924336354811334676","797920307284934697","15","F","S","S","S","A","F","C","",""
"v2v2hkl","8410","2","Pool Instructor","Spy x Family","2","Wed, 27 Sep 2023 15:40:48 GMT","1695829248863","27","","","","No","No","","","1","0","2","924336354811334676","924336354811334676","797920307284934697","18","F","S","S","S","A","F","B","",""
"v2vq68q","57259","1","Jeeves","Clean Freak! Aoyama-kun","3","Wed, 27 Sep 2023 14:33:53 GMT","1695825233681","2","","","","No","No","","","0","0","3","924336354811334676","924336354811334676","797920307284934697","1","F","S","S","S","A","F","D","",""
"v2vvcc1","57200","1","Kaname Izuma","Beelzebub","2","Wed, 27 Sep 2023 13:42:11 GMT","1695822131677","3","","","","No","No","","","0","0","2","924336354811334676","924336354811334676","797920307284934697","1","F","S","S","S","B","F","D","",""
"v2v048v","4750","1","Alistia","Reborn to Master the Blade: From Hero-King to Extraordinary Squire","2","Wed, 27 Sep 2023 12:27:38 GMT","1695817658557","14","","","","No","No","","","1","0","2","924336354811334676","924336354811334676","797920307284934697","10","F","S","S","S","A","F","A","",""
"v2mcsjr","57289","1","Nadia","Resident Evil: Vendetta","2","Wed, 27 Sep 2023 10:16:00 GMT","1695809760403","7","","","","No","No","","","1","0","2","924336354811334676","924336354811334676","797920307284934697","4","F","S","S","S","A","F","D","",""
"v2msxpp","54098","1","Yuu","Star Smash","1","Wed, 27 Sep 2023 05:09:56 GMT","1695791396358","2","","","","No","No","","","1","0","1","924336354811334676","924336354811334676","797920307284934697","1","F","S","S","S","A","F","D","",""
"v2ms25v","57186","1","Yoshiki Bitou","Food Wars! Shokugeki no Souma","3","Wed, 27 Sep 2023 04:01:47 GMT","1695787307247","8","","","","No","No","","","0","0","3","924336354811334676","924336354811334676","797920307284934697","4","F","S","S","S","B","F","D","",""
"v2m9cz2","57573","1","Kanamiya","Sin Strange+","2","Tue, 26 Sep 2023 19:33:32 GMT","1695756812463","2","","","","No","No","","","0","0","2","924336354811334676","924336354811334676","797920307284934697","1","F","S","S","S","A","F","D","",""
"v2mg8rs","57430","1","Connla","High School DxD Hero","0","Tue, 26 Sep 2023 18:14:43 GMT","1695752083922","1","","","","No","No","","","1","0","0","924336354811334676","924336354811334676","797920307284934697","0","F","S","S","S","A","F","D","",""
"v2mgm83","42977","1","Mutsue Yasuri","Katanagatari","1","Tue, 26 Sep 2023 17:02:12 GMT","1695747732654","2","","","","No","No","","","1","0","1","924336354811334676","924336354811334676","797920307284934697","1","F","S","S","S","A","F","D","",""
"v2m44s4","56977","1","Shunichirou Sakaki","Okamikakushi: Masque of the Wolf","3","Tue, 26 Sep 2023 12:16:24 GMT","1695730584973","5","","","","No","No","","","0","0","3","924336354811334676","924336354811334676","797920307284934697","1","F","S","S","S","F","F","D","",""
"v2m4hf1","10962","1","Kasumi Miwa","Jujutsu Kaisen","3","Tue, 26 Sep 2023 11:38:32 GMT","1695728312016","151","","","","No","No","","","220","0","3","924336354811334676","924336354811334676","797920307284934697","84","F","S","S","S","A","F","D","",""
"v2mz43r","56936","1","Haruka Fujinami","Yebisu Celebrities","4","Tue, 26 Sep 2023 10:07:23 GMT","1695722843106","5","","","","No","No","","","0","0","4","924336354811334676","924336354811334676","797920307284934697","1","F","S","S","S","A","F","D","",""
"v2m1nf8","57167","1","Klefki","Pokémon XY","2","Tue, 26 Sep 2023 07:36:28 GMT","1695713788796","11","","","","No","No","","","1","0","2","924336354811334676","924336354811334676","797920307284934697","5","F","S","S","S","B","F","D","",""
"v2mb2pw","56916","1","Nira","Run with the Wind","0","Tue, 26 Sep 2023 04:30:09 GMT","1695702609498","2","","","","No","No","","","1","0","0","924336354811334676","924336354811334676","797920307284934697","1","F","S","S","S","A","F","D","",""
"v2mqm60","1339","4","Miranda","Nikke: Goddess of Victory","2","Mon, 25 Sep 2023 19:35:00 GMT","1695670500158","48","","","","No","No","","","4","0","2","924336354811334676","924336354811334676","797920307284934697","31","F","S","S","S","B","F","A","",""
"v2m08l6","57369","1","Kashii","One Piece","1","Mon, 25 Sep 2023 18:13:35 GMT","1695665615242","4","","","","No","No","","","1","0","1","924336354811334676","924336354811334676","797920307284934697","1","F","S","S","S","A","F","D","",""
"v2mm8p9","57002","1","Ken'ichi","Hanamaru Kindergarten","1","Mon, 25 Sep 2023 16:54:20 GMT","1695660860280","1","","","","No","No","","","0","0","1","924336354811334676","924336354811334676","797920307284934697","0","F","S","S","S","A","F","D","",""
"vhccb9m","20041","1","Edgar Chang Martin","D.Gray-man Hallow","2","Mon, 25 Sep 2023 14:13:20 GMT","1695651200925","3","","","","No","No","","","1","0","2","924336354811334676","924336354811334676","797920307284934697","1","F","S","S","S","S","F","D","",""
"vhcxr59","57607","1","Jiemei","Ushio and Tora TV","2","Mon, 25 Sep 2023 11:37:36 GMT","1695641856462","4","","","","No","No","","","1","0","2","924336354811334676","924336354811334676","797920307284934697","1","F","S","S","S","B","F","D","",""
"vhc8nsf","57005","1","Kiririmaru","Hana no Zundamaru","2","Mon, 25 Sep 2023 05:04:15 GMT","1695618255933","1","","","","No","No","","","0","0","2","924336354811334676","924336354811334676","797920307284934697","0","F","S","S","S","F","F","D","",""
"vhcp1ff","45883","1","Kitka","Shaman King","1","Sun, 24 Sep 2023 20:23:46 GMT","1695587026552","1","","","","No","No","","","1","0","1","924336354811334676","924336354811334676","797920307284934697","0","F","S","S","S","B","F","D","",""
"vhcpq5b","27191","2","Taku Itou","Slam Dunk","2","Sun, 24 Sep 2023 19:47:36 GMT","1695584856507","13","","","","No","No","","","1","0","2","924336354811334676","924336354811334676","797920307284934697","5","F","S","S","S","F","F","C","",""
"vhcpvhs","57267","1","Natsume Nozomu","Tamayura: More Aggressive","2","Sun, 24 Sep 2023 18:03:41 GMT","1695578621928","2","","","","No","No","","","0","0","2","924336354811334676","924336354811334676","797920307284934697","1","F","S","S","S","S","F","D","",""
"vhc104t","57413","1","Caldina","Magic Knight Rayearth","1","Sun, 24 Sep 2023 15:21:27 GMT","1695568887541","1","","","","No","No","","","1","0","1","924336354811334676","924336354811334676","797920307284934697","0","F","S","S","S","B","F","D","",""
"vhcwll9","32908","2","Hinaki Ubuyashiki","Demon Slayer: Kimetsu no Yaiba","1","Sun, 24 Sep 2023 08:11:36 GMT","1695543096355","27","","","","No","No","","","3","0","1","924336354811334676","924336354811334676","797920307284934697","16","F","S","S","S","A","F","D","",""
"vh6c3d5","54994","1","Woman in Black","Fire Force Season 2","1","Sat, 23 Sep 2023 22:03:09 GMT","1695506589890","7","","","","No","No","","","1","0","1","924336354811334676","924336354811334676","797920307284934697","4","F","S","S","S","B","F","D","",""
"vh6slm1","57341","1","Nobunaga Oda","Sengoku Night Blood","3","Sat, 23 Sep 2023 17:19:35 GMT","1695489575883","10","","","","No","No","","","1","0","3","737980149995274240","924336354811334676","797920307284934697","6","F","S","S","F","A","F","D","",""
"vh6dzz1","57497","1","Moe Velariore","The Legend of the Legendary Heroes: Iris Report","1","Sat, 23 Sep 2023 16:49:32 GMT","1695487772563","1","","","","No","No","","","0","0","1","924336354811334676","924336354811334676","797920307284934697","0","F","S","S","S","A","F","D","",""
"vh676gn","3016","5","Norma Beatty","Tales of Legendia","2","Sat, 23 Sep 2023 15:27:20 GMT","1695482840172","29","","","","No","No","","","1","0","2","924336354811334676","924336354811334676","797920307284934697","18","F","S","S","S","B","F","B","",""
"vh68k41","57143","1","Gunther Schultz","Attack on Titan","2","Sat, 23 Sep 2023 13:25:05 GMT","1695475505817","14","","","","No","No","","","1","0","2","737980149995274240","924336354811334676","797920307284934697","8","F","S","S","F","A","F","D","",""
"vh6lc10","57065","1","Katsuragi","07-Ghost","3","Sat, 23 Sep 2023 12:46:29 GMT","1695473189550","3","","","","No","No","","","1","0","3","924336354811334676","924336354811334676","797920307284934697","1","F","S","S","S","A","F","D","",""
"vh6lck3","57540","1","Ogino","Watamote: No Matter How I Look at It, It's You Guys' Fault I'm Not Popular!","1","Sat, 23 Sep 2023 11:42:36 GMT","1695469356025","1","","","","No","No","","","0","0","1","737980149995274240","924336354811334676","797920307284934697","0","F","S","S","F","F","F","D","",""
"vh69cg0","57407","1","Taishin Yamamoto","Kono Oto Tomare! 2nd Season","0","Sat, 23 Sep 2023 07:29:12 GMT","1695454152579","1","","","","No","No","","","0","0","0","924336354811334676","924336354811334676","797920307284934697","0","F","S","S","S","A","F","D","",""
"vh6zddr","55020","1","Space Marine","Shin Megami Tensei: Strange Journey Redux","2","Fri, 22 Sep 2023 23:22:13 GMT","1695424933053","3","","","","No","No","","","3","0","2","924336354811334676","924336354811334676","797920307284934697","1","F","S","S","S","A","F","D","",""
"vh61sn9","57268","1","Honami Yasumoto","A place further than the Universe","2","Fri, 22 Sep 2023 22:00:06 GMT","1695420006908","3","","","","No","No","","","1","0","2","924336354811334676","924336354811334676","797920307284934697","1","F","S","S","S","B","F","D","",""
"vh6n1hx","33234","2","Cloud Nyne","D.Gray-man","0","Fri, 22 Sep 2023 21:04:38 GMT","1695416678439","4","","","","No","No","","","1","0","0","924336354811334676","924336354811334676","797920307284934697","1","F","S","S","S","B","F","D","",""
"vh6n53l","32809","2","Yamato Kai","Project Scard: Praeter no Kizu","1","Fri, 22 Sep 2023 20:51:42 GMT","1695415902698","9","","","","No","No","","","1","0","1","737980149995274240","737980149995274240","797920307284934697","4","F","S","F","F","A","F","D","",""
"vh6nxgh","57157","1","Goz","Hunter x Hunter","1","Fri, 22 Sep 2023 20:51:23 GMT","1695415883919","3","","","","No","No","","","1","0","1","1058805575317733477","924336354811334676","797920307284934697","1","F","S","S","F","F","F","D","",""
"vh6np0w","57375","1","Erbach","Altair: A Record of Battles","2","Fri, 22 Sep 2023 20:10:39 GMT","1695413439816","2","","","","No","No","","","0","0","2","737980149995274240","924336354811334676","797920307284934697","1","F","S","S","F","F","F","D","",""
"vh6jcvm","57207","1","Nai","Karneval","3","Fri, 22 Sep 2023 19:32:46 GMT","1695411166152","24","","","","No","No","","","7","0","3","737980149995274240","924336354811334676","797920307284934697","14","F","S","S","F","A","F","D","",""
"vh65g64","57380","1","Reiichirou Miyanoshita","Ghost Stories","1","Fri, 22 Sep 2023 16:52:17 GMT","1695401537262","1","","","","No","No","","","1","0","1","924336354811334676","924336354811334676","797920307284934697","0","F","S","S","S","C","F","D","",""
"vh6k53t","57608","1","Souta's Father","Working!!! Lord of the Takanashi","2","Fri, 22 Sep 2023 16:04:39 GMT","1695398679131","2","","","","No","No","","","0","0","2","924336354811334676","924336354811334676","797920307284934697","1","F","S","S","S","A","F","D","",""
"vh6wjqq","56855","1","Furue","This Boy Caught a Merman","2","Fri, 22 Sep 2023 14:18:41 GMT","1695392321339","2","","","","No","No","","","0","0","2","924336354811334676","924336354811334676","797920307284934697","1","F","S","S","S","A","F","D","",""
"vh6vnzr","57820","1","Koichi's Mother","JoJo's Bizarre Adventure: Diamond Is Unbreakable","2","Fri, 22 Sep 2023 05:46:08 GMT","1695361568980","11","","","","No","No","","","1","0","2","924336354811334676","924336354811334676","797920307284934697","5","F","S","S","S","D","F","D","",""
"vhxc9l7","54913","1","Allex","Magical Girl Lyrical Nanoha","3","Fri, 22 Sep 2023 04:58:49 GMT","1695358729315","5","","","","No","No","","","1","0","3","924336354811334676","924336354811334676","797920307284934697","1","F","S","S","S","C","F","D","",""
"vhxc7xb","9861","1","Regis Altare","Holostars EN","0","Fri, 22 Sep 2023 04:06:55 GMT","1695355615104","5","","","","No","No","","","9","0","0","924336354811334676","924336354811334676","797920307284934697","1","F","S","S","S","A","F","B","",""
"vhx77r7","57374","1","Graham","Shamanic Princess","0","Thu, 21 Sep 2023 20:16:52 GMT","1695327412992","1","","","","No","No","","","1","0","0","924336354811334676","924336354811334676","797920307284934697","0","F","S","S","S","B","F","D","",""
"vhxtzjj","2292","3","Demikas","Log Horizon","3","Thu, 21 Sep 2023 18:36:47 GMT","1695321407259","42","","","","No","No","","","1","0","3","924336354811334676","924336354811334676","797920307284934697","28","F","S","S","S","A","F","B","",""
"vhxt40f","18265","3","Karen Houjou","The iDOLM@STER: Cinderella Girls","2","Thu, 21 Sep 2023 17:57:21 GMT","1695319041626","26","","","","No","No","","","1","0","2","924336354811334676","924336354811334676","797920307284934697","16","F","S","S","S","B","F","C","",""
"vhx8kh7","13049","2","Ginti","Death Parade","3","Thu, 21 Sep 2023 17:20:53 GMT","1695316853588","55","","","","No","No","","","3","0","3","924336354811334676","924336354811334676","797920307284934697","30","F","S","S","S","A","F","D","",""
"vhxfcx1","57514","1","Ryou Sakaguchi","The Highschool Life of a Fudanshi","3","Thu, 21 Sep 2023 15:41:47 GMT","1695310907565","5","","","","No","No","","","1","0","3","924336354811334676","924336354811334676","797920307284934697","1","F","S","S","S","F","F","D","",""
"vhx91w1","57151","1","Taro Tonobe","Sasami: Magical Girls Club","2","Thu, 21 Sep 2023 15:07:45 GMT","1695308865871","1","","","","No","No","","","0","0","2","737980149995274240","924336354811334676","797920307284934697","0","F","S","S","F","B","F","D","",""
"vhx435s","57361","1","Miran Froaude","The Legend of the Legendary Heroes","1","Thu, 21 Sep 2023 08:57:53 GMT","1695286673288","2","","","","No","No","","","0","0","1","924336354811334676","924336354811334676","797920307284934697","1","F","S","S","S","A","F","D","",""
"vhx4r26","18612","2","Tempest Surin","Epic Seven","4","Thu, 21 Sep 2023 07:07:48 GMT","1695280068301","100","","","","No","No","","","1","0","4","924336354811334676","924336354811334676","797920307284934697","60","F","S","S","S","A","F","C","",""
"vhxprbw","13245","3","Usada Pekora","Hololive: Holo no Graffiti","2","Thu, 21 Sep 2023 06:28:15 GMT","1695277695869","77","","","","No","No","","","245","0","2","924336354811334676","924336354811334676","797920307284934697","43","F","S","S","S","A","F","D","",""
"vhxht2c","57186","1","Bukyoku","Nura: Rise of the Youkai Clan","2","Wed, 20 Sep 2023 17:47:59 GMT","1695232079178","3","","","","No","No","","","0","0","2","924336354811334676","924336354811334676","797920307284934697","1","F","S","S","S","F","F","D","",""
"vhxqmq3","57264","1","Rapier","Those Who Hunt Elves","1","Wed, 20 Sep 2023 16:54:39 GMT","1695228879287","3","","","","No","No","","","1","0","1","737980149995274240","737980149995274240","797920307284934697","1","F","S","F","F","F","F","D","",""
"vhxqmqr","57474","1","Shouichi Imayoshi","Kuroko's Basketball","3","Wed, 20 Sep 2023 16:54:07 GMT","1695228847853","22","","","","No","No","","","1","0","3","737980149995274240","924336354811334676","797920307284934697","14","F","S","S","F","A","F","D","",""
"vhx0xwd","56988","1","Zepile","Hunter x Hunter","0","Wed, 20 Sep 2023 15:32:19 GMT","1695223939446","2","","","","No","No","","","1","0","0","924336354811334676","924336354811334676","797920307284934697","1","F","S","S","S","A","F","D","",""
"vhs632g","56991","1","Magician","Pop Team Epic","3","Wed, 20 Sep 2023 10:15:19 GMT","1695204919254","7","","","","No","No","","","0","0","3","924336354811334676","924336354811334676","797920307284934697","4","F","S","S","S","B","F","D","",""
"vhs44qb","57144","1","Kyrie Illunis","Sands of Destruction","0","Tue, 19 Sep 2023 14:00:10 GMT","1695132010400","1","","","","No","No","","","1","0","0","924336354811334676","924336354811334676","797920307284934697","0","F","S","S","S","B","F","D","",""
"vhs128n","18957","3","Osamu","ERASED","4","Tue, 19 Sep 2023 11:17:55 GMT","1695122275763","77","","","","No","No","","","1","0","4","924336354811334676","924336354811334676","797920307284934697","46","F","S","S","S","S","F","C","",""
"vhs1vkg","54419","1","Ritsu Kawashima","The Magic of Chocolate","4","Tue, 19 Sep 2023 10:44:23 GMT","1695120263434","13","","","","No","No","","","0","0","4","924336354811334676","924336354811334676","797920307284934697","5","F","S","S","S","F","F","D","",""
"vhsj1w2","57693","1","Kumagaya","Sweetness & Lightning","2","Tue, 19 Sep 2023 05:59:25 GMT","1695103165502","2","","","","No","No","","","1","0","2","924336354811334676","924336354811334676","797920307284934697","1","F","S","S","S","A","F","D","",""
"vhs0gw6","57365","1","Midari's Lackey B","Kakegurui","2","Mon, 18 Sep 2023 20:26:43 GMT","1695068803407","14","","","","No","No","","","1","0","2","924336354811334676","924336354811334676","797920307284934697","8","F","S","S","S","A","F","D","",""
"vhs0l2t","4547","3","Master Asia","Mobile Fighter G Gundam","4","Mon, 18 Sep 2023 19:48:58 GMT","1695066538333","73","","","","No","No","","","4","0","4","924336354811334676","924336354811334676","797920307284934697","41","F","S","S","S","B","F","C","",""
"vhsvdcq","46787","1","Kokone Kirino","Utsuro no Hako to Zero no Maria","2","Mon, 18 Sep 2023 19:07:54 GMT","1695064074479","6","","","","No","No","","","1","0","2","924336354811334676","924336354811334676","797920307284934697","4","F","S","S","S","B","F","C","",""
"vhsv0dl","57375","1","Saku Kabeyama","Inazuma Eleven: Saikyou Gundan Ogre Shuurai","2","Mon, 18 Sep 2023 18:22:51 GMT","1695061371140","1","","","","No","No","","","1","0","2","924336354811334676","924336354811334676","797920307284934697","0","F","S","S","S","A","F","D","",""
"vhsmppj","57366","1","Koume Yukimi","Urara Meirochou","2","Mon, 18 Sep 2023 17:50:22 GMT","1695059422716","9","","","","No","No","","","1","0","2","924336354811334676","924336354811334676","797920307284934697","4","F","S","S","S","C","F","D","",""
"vhdcx8g","5653","3","Asuramaru","Seraph of the End: Battle in Nagoya","0","Mon, 18 Sep 2023 16:53:47 GMT","1695056027102","12","","","","No","No","","","46","0","0","924336354811334676","924336354811334676","797920307284934697","6","F","S","S","S","B","F","C","",""
"vhsml6n","57119","1","Patrasche","Satellite Girl and Milk Cow","1","Mon, 18 Sep 2023 16:29:18 GMT","1695054558531","1","","","","No","No","","","0","0","1","","924336354811334676","797920307284934697","0","F","S","S","F","F","F","D","",""
"vhdcxhf","56813","1","Father","Assassins Pride","2","Mon, 18 Sep 2023 15:52:53 GMT","1695052373030","4","","","","No","No","","","0","0","2","924336354811334676","924336354811334676","797920307284934697","1","F","S","S","S","A","F","D","",""
"vhd88g2","15115","2","Colm","Fire Emblem: The Sacred Stones","3","Mon, 18 Sep 2023 05:20:02 GMT","1695014402785","45","","","","No","No","","","2","0","3","737980149995274240","737980149995274240","797920307284934697","21","F","S","F","F","F","F","C","",""
"vhd88gh","7751","4","Hitoka Yachi","Haikyuu!! Second Season","3","Mon, 18 Sep 2023 05:19:37 GMT","1695014377010","118","","","","No","No","","","31","0","3","737980149995274240","924336354811334676","797920307284934697","65","F","S","S","F","B","F","C","",""
"vhdlszt","57003","1","Dirk","Attack on Titan 3rd Season","4","Mon, 18 Sep 2023 04:33:07 GMT","1695011587878","45","","","","No","No","","","1","0","4","924336354811334676","924336354811334676","797920307284934697","25","F","S","S","S","A","F","D","",""
"vhdr252","56927","1","Otsu Sawatari","Zombie-Loan","1","Sun, 17 Sep 2023 20:10:31 GMT","1694981431302","1","","","","No","No","","","1","0","1","924336354811334676","924336354811334676","797920307284934697","0","F","S","S","S","A","F","D","",""
"vhd4358","56790","1","Huey","Cowboy Bebop","3","Sun, 17 Sep 2023 18:10:20 GMT","1694974220458","9","","","","No","No","","","1","0","3","924336354811334676","924336354811334676","797920307284934697","4","F","S","S","S","B","F","D","",""
"vhdz47s","5046","1","Leonardo Luna","Blue Lock","2","Sun, 17 Sep 2023 17:05:20 GMT","1694970320825","30","","","","No","No","","","4","0","2","924336354811334676","924336354811334676","797920307284934697","21","F","S","S","S","A","F","A","",""
"vhdnxrt","33358","2","Gakushu Asano","Assassination Classroom","2","Sun, 17 Sep 2023 14:24:51 GMT","1694960691769","40","","","","No","No","","","9","0","2","924336354811334676","924336354811334676","797920307284934697","24","F","S","S","S","A","F","D","",""
"vhdjmzq","56629","1","Bat","Hunter x Hunter (2011)","3","Sun, 17 Sep 2023 12:42:49 GMT","1694954569500","27","","","","No","No","","","1","0","3","924336354811334676","924336354811334676","797920307284934697","16","F","S","S","S","S","F","D","",""
"vhdb4j0","57097","1","Seiichiro Nada","Try Knights","3","Sun, 17 Sep 2023 11:09:37 GMT","1694948977803","4","","","","No","No","","","0","0","3","924336354811334676","924336354811334676","797920307284934697","1","F","S","S","S","A","F","D","",""
"vhdw7zf","6113","4","Seteth","Fire Emblem: Three Houses","2","Sun, 17 Sep 2023 07:26:51 GMT","1694935611994","32","","","","No","No","","","3","0","2","924336354811334676","924336354811334676","797920307284934697","20","F","S","S","S","A","F","C","",""
"vhdv0m0","57391","1","Connelly's Grandfather","Master Keaton","2","Sat, 16 Sep 2023 22:53:07 GMT","1694904787491","1","","","","No","No","","","0","0","2","924336354811334676","924336354811334676","797920307284934697","0","F","S","S","S","D","F","D","",""
"vh7ccmx","57449","1","Theo Escher","Galilei Donna","4","Sat, 16 Sep 2023 21:06:43 GMT","1694898403764","10","","","","No","No","","","0","0","4","924336354811334676","924336354811334676","797920307284934697","5","F","S","S","S","A","F","D","",""
"vh7c8jt","57079","1","Tonpeti","JoJo's Bizarre Adventure","2","Sat, 16 Sep 2023 20:35:00 GMT","1694896500894","12","","","","No","No","","","1","0","2","924336354811334676","924336354811334676","797920307284934697","6","F","S","S","S","A","F","D","",""
"vh760qq","56891","1","Errand Soldier","Snow White with the Red Hair","1","Sat, 16 Sep 2023 18:33:40 GMT","1694889220363","1","","","","No","No","","","1","0","1","924336354811334676","924336354811334676","797920307284934697","0","F","S","S","S","A","F","D","",""
"vh7snnv","20531","2","Hanatarou Yamada","Bleach","2","Sat, 16 Sep 2023 16:03:42 GMT","1694880222303","32","","","","No","No","","","3","0","2","924336354811334676","924336354811334676","797920307284934697","19","F","S","S","S","A","F","D","",""
"vh7dcd5","19011","3","Goten","Dragon Ball Z","0","Sat, 16 Sep 2023 15:32:02 GMT","1694878322882","13","","","","No","No","","","32","0","0","924336354811334676","924336354811334676","797920307284934697","5","F","S","S","S","B","F","C","",""
"vh7d9q1","18151","2","Yui Tamura","Yarichin Bitch-bu","2","Sat, 16 Sep 2023 14:44:23 GMT","1694875463591","48","","","","No","No","","","27","0","2","1058805575317733477","924336354811334676","797920307284934697","25","F","S","S","F","B","F","D","",""
"vh7drdl","56888","1","Sekingar","One-Punch Man","1","Sat, 16 Sep 2023 14:28:39 GMT","1694874519177","3","","","","No","No","","","1","0","1","924336354811334676","924336354811334676","797920307284934697","1","F","S","S","S","S","F","D","",""
"vh7t41l","57210","1","Old Man Zangetsu","Bleach","0","Sat, 16 Sep 2023 13:12:09 GMT","1694869929854","7","","","","No","No","","","30","0","0","737980149995274240","737980149995274240","797920307284934697","4","F","S","F","F","F","F","D","",""
"vh77gjw","56874","1","Lieutenant Kyte","Crest of the Stars","1","Sat, 16 Sep 2023 13:08:37 GMT","1694869717471","1","","","","No","No","","","1","0","1","924336354811334676","924336354811334676","797920307284934697","0","F","S","S","S","A","F","D","",""
"vh7t49h","56962","1","Souya Kuroi","Planet With","2","Sat, 16 Sep 2023 11:30:28 GMT","1694863828854","2","","","","No","No","","","1","0","2","924336354811334676","924336354811334676","797920307284934697","1","F","S","S","S","D","F","D","",""
"vh7thtz","56703","1","Shikama Douji","Seraph of the End","1","Sat, 16 Sep 2023 10:32:24 GMT","1694860344839","6","","","","No","No","","","2","0","1","737980149995274240","924336354811334676","797920307284934697","4","F","S","S","F","F","F","D","",""
"vh7lj7r","13064","1","Octogigant","Black Summoner","1","Sat, 16 Sep 2023 09:08:32 GMT","1694855312227","2","","","","No","No","","","1","0","1","924336354811334676","924336354811334676","797920307284934697","1","F","S","S","S","B","F","B","",""
"vh7rv5x","56909","1","Chiaki Serizawa","Our love has always been 10 centimeters apart.","1","Sat, 16 Sep 2023 00:24:00 GMT","1694823840321","1","","","","No","No","","","1","0","1","924336354811334676","924336354811334676","797920307284934697","0","F","S","S","S","A","F","D","",""
"vh7r7rt","57364","1","Kai Wong","Gosick","3","Fri, 15 Sep 2023 23:53:38 GMT","1694822018714","4","","","","No","No","","","0","0","3","924336354811334676","924336354811334676","797920307284934697","1","F","S","S","S","A","F","D","",""
"vh74g1b","56649","1","Asase","Business Fish","2","Fri, 15 Sep 2023 21:02:59 GMT","1694811779452","1","","","","No","No","","","1","0","2","924336354811334676","924336354811334676","797920307284934697","0","F","S","S","S","A","F","D","",""
"vh7z14h","56995","1","Tsuyoshi Minamoto","Bihada Ichizoku","3","Fri, 15 Sep 2023 20:25:05 GMT","1694809505565","2","","","","No","No","","","2","0","3","924336354811334676","924336354811334676","797920307284934697","1","F","S","S","S","F","F","D","",""
"vh711fd","6401","3","Kurama","Kamisama Kiss","0","Fri, 15 Sep 2023 18:46:42 GMT","1694803602536","9","","","","No","No","","","36","0","0","737980149995274240","924336354811334676","797920307284934697","4","F","S","S","F","A","F","C","",""
"vh71539","56605","1","Kuroki Ange","Majestic Prince","4","Fri, 15 Sep 2023 18:10:40 GMT","1694801440869","7","","","","No","No","","","0","0","4","924336354811334676","924336354811334676","797920307284934697","4","F","S","S","S","B","F","D","",""
"vh7j6lt","57423","1","Uemaru","Sword Art Online II","2","Fri, 15 Sep 2023 16:51:53 GMT","1694796713771","6","","","","No","No","","","1","0","2","924336354811334676","924336354811334676","797920307284934697","4","F","S","S","S","B","F","D","",""
"vh7j9tl","56963","1","Beardy","Ben-To","2","Fri, 15 Sep 2023 16:18:29 GMT","1694794709252","2","","","","No","No","","","0","0","2","924336354811334676","924336354811334676","797920307284934697","1","F","S","S","S","B","F","D","",""
"vh7b4pt","28414","1","Abnes","Hyperdimension Neptunia","4","Fri, 15 Sep 2023 14:29:56 GMT","1694788196194","35","","","","No","No","","","1","0","4","737980149995274240","924336354811334676","797920307284934697","18","F","S","S","F","D","F","D","",""
"vh75fj1","56950","1","Dorou","Shounen Onmyouji","2","Fri, 15 Sep 2023 14:14:31 GMT","1694787271787","2","","","","No","No","","","0","0","2","924336354811334676","924336354811334676","797920307284934697","1","F","S","S","S","C","F","D","",""
"vh7qs3c","56745","1","Giran","My Hero Academia 2","2","Fri, 15 Sep 2023 05:29:00 GMT","1694755740693","11","","","","No","No","","","1","0","2","924336354811334676","924336354811334676","797920307284934697","5","F","S","S","S","B","F","D","",""
"vh70ts8","9789","4","Tamaki Anzai","Devils' Line","1","Fri, 15 Sep 2023 04:29:37 GMT","1694752177457","15","","","","No","No","","","6","0","1","924336354811334676","924336354811334676","797920307284934697","9","F","S","S","S","A","F","C","",""
"vhtxlxv","57398","1","C-3PO","Star Wars: Saigo no Jedai - Tokubetsu Eizou","2","Thu, 14 Sep 2023 20:58:03 GMT","1694725083458","17","","","","No","No","","","4","0","2","924336354811334676","924336354811334676","797920307284934697","8","F","S","S","S","B","F","D","",""
"vhtxz9l","57055","1","Ui Inaba","Killing Bites","0","Thu, 14 Sep 2023 19:12:30 GMT","1694718750235","2","","","","No","No","","","1","0","0","924336354811334676","924336354811334676","797920307284934697","1","F","S","S","S","C","F","D","",""
"vhtsr00","56905","1","Daichi Miyahara","The Pet Girl of Sakurasou","0","Thu, 14 Sep 2023 18:35:13 GMT","1694716513162","1","","","","No","No","","","1","0","0","924336354811334676","924336354811334676","797920307284934697","0","F","S","S","S","C","F","D","",""
"vhtd770","8433","4","Shoutarou Tatewaki","Beautiful Bones: Sakurako's Investigation","0","Thu, 14 Sep 2023 17:12:53 GMT","1694711573609","5","","","","No","No","","","1","0","0","924336354811334676","924336354811334676","797920307284934697","1","F","S","S","S","B","F","C","",""
"vht8cbb","57153","1","Jirou Shimada","Un-Go","2","Thu, 14 Sep 2023 15:43:48 GMT","1694706228235","1","","","","No","No","","","0","0","2","924336354811334676","924336354811334676","797920307284934697","0","F","S","S","S","B","F","D","",""
"vht8pv5","6515","2","Sousuke Yaotome","IDOLiSH7","3","Thu, 14 Sep 2023 15:11:19 GMT","1694704279021","38","","","","No","No","","","1","0","3","737980149995274240","737980149995274240","797920307284934697","21","F","S","F","F","F","F","B","",""
"vhtt1xb","56899","1","Eva-R","The Qwaser of Stigmata","3","Thu, 14 Sep 2023 15:04:58 GMT","1694703898141","19","","","","No","No","","","1","0","3","924336354811334676","924336354811334676","797920307284934697","14","F","S","S","S","S","F","D","",""
"vhtf214","9237","4","Plumeria","Fire Emblem Heroes","2","Thu, 14 Sep 2023 08:03:31 GMT","1694678611810","43","","","","No","No","","","4","0","2","737980149995274240","924336354811334676","797920307284934697","24","F","S","S","F","B","F","C","",""
"vht96fd","57100","1","Haruhiko Beppu","Cute High Earth Defense Club LOVE! LOVE!","2","Thu, 14 Sep 2023 07:22:30 GMT","1694676150891","4","","","","No","No","","","1","0","2","924336354811334676","924336354811334676","797920307284934697","1","F","S","S","S","A","F","D","",""
"vht170w","56583","1","Tocino Shachmono","Hunter x Hunter","0","Wed, 13 Sep 2023 20:30:08 GMT","1694637008501","2","","","","No","No","","","1","0","0","924336354811334676","691570905029017632","797920307284934697","1","F","S","F","S","F","F","D","",""
"vht170h","56768","1","Brahman","Buddha 2: Tezuka Osamu no Buddha: Owarinaki Tabi","2","Wed, 13 Sep 2023 20:28:20 GMT","1694636900904","2","","","","No","No","","","1","0","2","924336354811334676","924336354811334676","797920307284934697","1","F","S","S","S","A","F","D","",""
"vhtjkqw","56772","1","Wan-chan","Rizelmine","1","Wed, 13 Sep 2023 19:56:41 GMT","1694635001225","2","","","","No","No","","","0","0","1","924336354811334676","924336354811334676","797920307284934697","1","F","S","S","S","S","F","D","",""
"vhtbr50","14890","1","Bartender","Endro~!","1","Wed, 13 Sep 2023 17:40:54 GMT","1694626854057","2","","","","No","No","","","0","0","1","924336354811334676","924336354811334676","797920307284934697","1","F","S","S","S","B","F","B","",""
"vhtbmv7","57078","1","Makino","Naruto Movie 1: Ninja Clash in the Land of Snow","2","Wed, 13 Sep 2023 16:48:25 GMT","1694623705525","2","","","","No","No","","","0","0","2","924336354811334676","924336354811334676","797920307284934697","1","F","S","S","S","B","F","D","",""
"vht290p","57152","1","Modeus","Devil May Cry","2","Wed, 13 Sep 2023 14:04:18 GMT","1694613858443","6","","","","No","No","","","1","0","2","924336354811334676","924336354811334676","797920307284934697","4","F","S","S","S","A","F","D","",""
"vhtqqt8","57019","1","Touichirou Kanae","Maria Holic Alive","1","Wed, 13 Sep 2023 12:04:40 GMT","1694606680178","1","","","","No","No","","","1","0","1","924336354811334676","924336354811334676","797920307284934697","0","F","S","S","S","A","F","D","",""
"vhtq3bf","2511","5","Hiiro Yano","D4DJ First Mix","4","Wed, 13 Sep 2023 11:09:01 GMT","1694603341001","177","","","","No","No","","","4","0","4","924336354811334676","924336354811334676","797920307284934697","110","F","S","S","S","A","F","B","",""
"vhtmnd1","54467","1","Maha Zoldyck","Hunter x Hunter","2","Wed, 13 Sep 2023 05:57:19 GMT","1694584639271","15","","","","No","No","","","9","0","2","924336354811334676","737980149995274240","797920307284934697","6","F","S","F","S","D","F","D","",""
"vhtmndj","2547","5","Ange Serena","Tales of Innocence","2","Wed, 13 Sep 2023 05:56:54 GMT","1694584614627","34","","","","No","No","","","1","0","2","924336354811334676","924336354811334676","797920307284934697","24","F","S","S","S","A","F","B","",""
"vhtmzm8","57672","1","Henriette Mystere","Tantei Opera Milky Holmes 2","2","Wed, 13 Sep 2023 05:03:29 GMT","1694581409575","4","","","","No","No","","","0","0","2","924336354811334676","924336354811334676","797920307284934697","1","F","S","S","S","D","F","D","",""
"vh8t88q","56947","1","Takeishi","Persona 5 the Animation","0","Tue, 12 Sep 2023 20:37:22 GMT","1694551042652","1","","","","No","No","","","1","0","0","","924336354811334676","797920307284934697","0","F","S","S","F","F","F","D","",""
"vh8tp1g","839","5","Zain","For Whom the Alchemist Exists","0","Tue, 12 Sep 2023 19:24:47 GMT","1694546687314","7","","","","No","No","","","4","0","0","924336354811334676","924336354811334676","797920307284934697","5","F","S","S","S","S","F","A","",""
"vh8l1jd","55662","1","Cure Melody","Suite Precure","2","Tue, 12 Sep 2023 17:10:49 GMT","1694538649477","8","","","","No","No","","","1","0","2","","924336354811334676","797920307284934697","4","F","S","S","F","B","F","D","",""
"vh8fx9n","8734","4","Himari Uehara","BanG Dream!","2","Tue, 12 Sep 2023 16:19:24 GMT","1694535564218","42","","","","No","No","","","10","0","2","924336354811334676","924336354811334676","797920307284934697","25","F","S","S","S","A","F","C","",""
"vh8gggd","56701","1","Takayuki's Brother","Kenka Banchou Otome: Girl Beats Boys","3","Tue, 12 Sep 2023 15:02:58 GMT","1694530978870","6","","","","No","No","","","0","0","3","924336354811334676","924336354811334676","797920307284934697","4","F","S","S","S","A","F","D","",""
"vh840xh","17740","2","Mikazuki Hanai","MUSICUS!","4","Tue, 12 Sep 2023 06:45:04 GMT","1694501104930","108","","","","No","No","","","1","0","4","924336354811334676","924336354811334676","797920307284934697","61","F","S","S","S","A","F","D","",""
"vh8zpcg","56962","1","Saiji Oba","Kemonozume","3","Tue, 12 Sep 2023 05:57:14 GMT","1694498234932","1","","","","No","No","","","0","0","3","924336354811334676","924336354811334676","797920307284934697","0","F","S","S","S","C","F","D","",""
"vh8zq20","24592","1","Itona Horibe","Assassination Classroom","3","Tue, 12 Sep 2023 05:14:35 GMT","1694495675122","59","","","","No","No","","","11","0","3","688687114128588823","924336354811334676","797920307284934697","31","F","S","S","F","B","F","D","",""
"vh819sc","3258","4","Rizu Ogata","We Never Learn","4","Tue, 12 Sep 2023 05:02:41 GMT","1694494961009","183","","","","No","No","","","14","0","4","924336354811334676","924336354811334676","797920307284934697","114","F","S","S","S","A","F","C","",""
"vh8k1x2","56913","1","Hell of Mirrors","Toilet-Bound Hanako-kun","1","Mon, 11 Sep 2023 21:18:49 GMT","1694467129032","5","","","","No","No","","","2","0","1","","924336354811334676","797920307284934697","1","F","S","S","F","B","F","D","",""
"vh8kvdn","33201","2","Dodonko","KonoSuba: God's blessing on this wonderful world! Legend of Crimson","2","Mon, 11 Sep 2023 21:07:04 GMT","1694466424496","25","","","","No","No","","","1","0","2","","924336354811334676","797920307284934697","11","F","S","S","F","F","F","D","",""
"vh8k0wc","26123","1","Child C","Uramichi Oniisan","2","Mon, 11 Sep 2023 20:56:56 GMT","1694465816640","3","","","","No","No","","","1","0","2","924336354811334676","924336354811334676","797920307284934697","1","F","S","S","S","A","F","C","",""
"vh8w1tw","56900","1","Icky Virus","Venus Versus Virus","2","Mon, 11 Sep 2023 20:43:17 GMT","1694464997288","2","","","","No","No","","","1","1","2","","924336354811334676","797920307284934697","1","F","S","S","F","D","D","D","",""
"vh8w81l","56794","1","Yoshiyuki","The Highschool Life of a Fudanshi","2","Mon, 11 Sep 2023 20:19:56 GMT","1694463596774","2","","","","No","No","","","1","0","2","688687114128588823","924336354811334676","797920307284934697","1","F","S","S","F","F","F","D","",""
"vh8h38b","16477","2","Pain","Naruto Shippuden","2","Mon, 11 Sep 2023 19:07:51 GMT","1694459271786","82","","","","No","No","","","276","0","2","924336354811334676","924336354811334676","797920307284934697","45","F","S","S","S","A","F","D","",""
"vh82whs","56631","1","King Donuts","Yes! Precure 5 GoGo!","3","Mon, 11 Sep 2023 18:11:30 GMT","1694455890993","11","","","","No","No","","","1","0","3","924336354811334676","924336354811334676","797920307284934697","5","F","S","S","S","B","F","D","",""
"vh8qtkk","9523","1","Hidenari Momoyama","The Yakuza's Guide to Babysitting","2","Mon, 11 Sep 2023 17:39:28 GMT","1694453968914","6","","","","No","No","","","1","0","2","924336354811334676","924336354811334676","797920307284934697","5","F","S","S","S","A","F","B","",""
"vh805zn","1785","1","Newscaster","Mayo Chiki!","2","Mon, 11 Sep 2023 16:29:48 GMT","1694449788417","1","","","","No","No","","","0","0","2","924336354811334676","924336354811334676","797920307284934697","0","F","S","S","S","B","F","A","",""
"vh800s3","56812","1","Hideaki Tsurukawa","Yamada-kun and the Seven Witches","2","Mon, 11 Sep 2023 15:02:36 GMT","1694444556138","2","","","","No","No","","","1","0","2","924336354811334676","924336354811334676","797920307284934697","1","F","S","S","S","A","F","D","",""
"vhlxph7","57134","1","Hand Demon","Demon Slayer: Kimetsu no Yaiba","2","Mon, 11 Sep 2023 07:50:41 GMT","1694418641420","22","","","","No","No","","","2","0","2","924336354811334676","924336354811334676","797920307284934697","15","F","S","S","S","A","F","D","",""
"vhlxt1m","3830","4","Inverse Tohka","Date a Live","1","Mon, 11 Sep 2023 06:31:07 GMT","1694413867676","33","","","","No","No","","","56","0","1","924336354811334676","924336354811334676","797920307284934697","20","F","S","S","S","A","F","C","",""
"vhlx4pm","57413","1","Peshurian","Overlord II","1","Mon, 11 Sep 2023 06:00:35 GMT","1694412035285","4","","","","No","No","","","1","0","1","924336354811334676","924336354811334676","797920307284934697","1","F","S","S","S","B","F","D","",""
"vhldwdl","57318","1","Kazuto","Mezzo","1","Mon, 11 Sep 2023 05:06:24 GMT","1694408784218","1","","","","No","No","","","0","0","1","924336354811334676","924336354811334676","797920307284934697","0","F","S","S","S","A","F","D","",""
"vhl9mc2","56904","1","Yang Kwei-Fei","Hozuki's Coolheadedness","1","Sun, 10 Sep 2023 20:31:05 GMT","1694377865617","1","","","","No","No","","","1","0","1","924336354811334676","924336354811334676","797920307284934697","0","F","S","S","S","F","F","D","",""
"vhlgcrl","40645","1","Manako Jouten","The Disastrous Life of Saiki K. 2nd Season","2","Sun, 10 Sep 2023 20:16:58 GMT","1694377018022","6","","","","No","No","","","1","0","2","688687114128588823","924336354811334676","797920307284934697","4","F","S","S","F","D","F","D","",""
"vhlggh4","56736","1","Dick","One Piece","2","Sun, 10 Sep 2023 19:53:51 GMT","1694375631545","20","","","","No","No","","","33","0","2","924336354811334676","924336354811334676","797920307284934697","14","F","S","S","S","A","F","D","",""
"vhl38w1","28345","1","Chiko","Mieruko-chan","0","Sun, 10 Sep 2023 18:33:19 GMT","1694370799689","2","","","","No","No","","","0","0","0","924336354811334676","924336354811334676","797920307284934697","1","F","S","S","S","A","F","C","",""
"vhl46ld","56441","1","Tsukasa Mikogami","High School Prodigies Have It Easy Even in Another World!","1","Sun, 10 Sep 2023 15:54:35 GMT","1694361275595","4","","","","No","No","","","1","0","1","737980149995274240","924336354811334676","797920307284934697","1","F","S","S","F","B","F","D","",""
"vhlzjjg","56699","1","Powan","Idol Time PriPara","2","Sun, 10 Sep 2023 14:30:24 GMT","1694356224940","4","","","","No","No","","","0","0","2","924336354811334676","924336354811334676","797920307284934697","1","F","S","S","S","A","F","D","",""
"vhl1x0l","52911","1","Dan Ascart","My Next Life as a Villainess: All Routes Lead to Doom!","0","Sun, 10 Sep 2023 13:34:32 GMT","1694352872457","1","","","","No","No","","","1","0","0","924336354811334676","924336354811334676","797920307284934697","0","F","S","S","S","A","F","D","",""
"vhl1vsr","31562","2","Lady Brian Battler","The King of Fighters All Star","1","Sun, 10 Sep 2023 10:54:30 GMT","1694343270798","12","","","","No","No","","","1","0","1","924336354811334676","924336354811334676","797920307284934697","5","F","S","S","S","A","F","C","",""
"vhlb133","56917","1","Sheshe","Mermaid Melody: Pichi Pichi Pitch","2","Sun, 10 Sep 2023 09:06:35 GMT","1694336795677","6","","","","No","No","","","2","0","2","924336354811334676","924336354811334676","797920307284934697","4","F","S","S","S","A","F","D","",""
"vhlbcw4","55235","1","Claire Bennett","Tales of Rebirth","2","Sun, 10 Sep 2023 07:39:49 GMT","1694331589110","5","","","","No","No","","","1","0","2","924336354811334676","924336354811334676","797920307284934697","1","F","S","S","S","D","F","D","",""
"vhlbqc4","3556","1","Spy","The Reincarnation of the Strongest Exorcist in Another World","3","Sun, 10 Sep 2023 06:24:54 GMT","1694327094976","8","","","","No","No","","","0","0","3","924336354811334676","924336354811334676","797920307284934697","5","F","S","S","S","A","F","A","",""
"vhl0j1t","51071","1","Fine Tybur","Attack on Titan: The Final Season","1","Sat, 09 Sep 2023 22:19:09 GMT","1694297949524","7","","","","No","No","","","1","0","1","","924336354811334676","797920307284934697","4","F","S","S","F","B","F","D","",""
"vhl0fcv","9013","3","Say'ri","Fire Emblem Awakening","4","Sat, 09 Sep 2023 21:50:10 GMT","1694296210059","108","","","","No","No","","","1","0","4","924336354811334676","924336354811334676","797920307284934697","63","F","S","S","S","C","F","C","",""
"vhl05xs","56644","1","Yocchan","Welcome to Demon School, Iruma-kun","3","Sat, 09 Sep 2023 21:30:58 GMT","1694295058417","11","","","","No","No","","","1","0","3","","924336354811334676","797920307284934697","5","F","S","S","F","F","F","D","",""
"vhlvgjt","26751","1","Huixing","Genshin Impact","2","Sat, 09 Sep 2023 21:15:34 GMT","1694294134179","25","","","","No","No","","","1","0","2","924336354811334676","737980149995274240","797920307284934697","13","F","S","F","S","C","F","C","",""
"vhlvgj8","56470","1","Kyuaran","Dame x Prince Anime Caravan","1","Sat, 09 Sep 2023 21:13:50 GMT","1694294030000","3","","","","No","No","","","0","0","1","924336354811334676","924336354811334676","797920307284934697","1","F","S","S","S","A","F","D","",""
"vhlmn4b","20744","2","Ritsu","Assassination Classroom","0","Sat, 09 Sep 2023 20:56:53 GMT","1694293013534","11","","","","No","No","","","5","0","0","","924336354811334676","797920307284934697","5","F","S","S","F","D","F","D","",""
"vhlmmtn","27032","1","Serpico","Berserk: Golden Age Arc II - The Battle for Doldrey","2","Sat, 09 Sep 2023 20:39:39 GMT","1694291979292","6","","","","No","No","","","13","0","2","737980149995274240","737980149995274240","797920307284934697","4","F","S","F","F","F","F","D","",""
"vhlm9dh","56976","1","Kai Kudou","E's Otherwise","1","Sat, 09 Sep 2023 20:37:45 GMT","1694291865168","1","","","","No","No","","","0","0","1","","924336354811334676","797920307284934697","0","F","S","S","F","A","F","D","",""
"vhlm2zz","22910","1","Temur","Genshin Impact","0","Sat, 09 Sep 2023 19:39:47 GMT","1694288387436","6","","","","No","No","","","1","0","0","","924336354811334676","797920307284934697","4","F","S","S","F","B","F","C","",""
"vhfcskr","50178","1","Aida","Toshoshitsu no Kanojo: Seiso na Kimi ga Ochiru made - The Animation","0","Sat, 09 Sep 2023 18:49:42 GMT","1694285382677","1","","","","No","No","","","1","0","0","737980149995274240","924336354811334676","797920307284934697","0","F","S","S","F","F","F","D","",""
"vhf6f3c","57063","1","Reporter","Strike the Blood","3","Sat, 09 Sep 2023 17:55:07 GMT","1694282107121","4","","","","No","No","","","0","0","3","924336354811334676","924336354811334676","797920307284934697","1","F","S","S","S","B","F","D","",""
"vhfxq8j","56959","1","Iyami","GeGeGe no Kitarou (2018)","2","Sat, 09 Sep 2023 17:05:23 GMT","1694279123486","1","","","","No","No","","","0","0","2","924336354811334676","924336354811334676","797920307284934697","0","F","S","S","S","F","F","D","",""
"vhft8kd","560","5","Sui Yamada","World's End Harem","3","Sat, 09 Sep 2023 11:44:58 GMT","1694259898938","69","","","","No","No","","","1","0","3","924336354811334676","924336354811334676","797920307284934697","44","F","S","S","S","C","F","A","",""
"vhf7vzj","2618","5","Kira","Koi to Producer: EVOL×LOVE","2","Sat, 09 Sep 2023 10:44:03 GMT","1694256243444","33","","","","No","No","","","11","0","2","688687114128588823","737980149995274240","797920307284934697","18","F","S","F","F","B","F","B","",""
"vhf8dxx","2785","5","Kyohei Misumi","Burning Kabaddi","3","Sat, 09 Sep 2023 10:43:33 GMT","1694256213183","50","","","","No","No","","","1","0","3","","688687114128588823","797920307284934697","28","F","S","F","F","F","F","B","",""
"vhftrjw","2703","2","Shitan","Fena: Pirate Princess","2","Sat, 09 Sep 2023 10:41:55 GMT","1694256115562","24","","","","No","No","","","1","1","2","924336354811334676","924336354811334676","797920307284934697","15","F","S","S","S","B","D","C","",""
"vhf851l","57471","1","Shiro","This Boy Can Fight Aliens!","4","Sat, 09 Sep 2023 09:37:26 GMT","1694252246690","11","","","","No","No","","","0","0","4","924336354811334676","924336354811334676","797920307284934697","5","F","S","S","S","A","F","D","",""
"vhff8dl","27365","1","Caspar","Genshin Impact","3","Sat, 09 Sep 2023 07:55:58 GMT","1694246158988","32","","","","No","No","genshin","","1","0","3","924336354811334676","924336354811334676","797920307284934697","19","F","S","S","S","A","F","C","",""
"vhfl809","57017","1","Haruto Nanjo","Haunted Junction","1","Sat, 09 Sep 2023 07:18:14 GMT","1694243894327","1","","","","No","No","","","0","0","1","737980149995274240","924336354811334676","797920307284934697","0","F","S","S","F","B","F","D","",""
"vhf1hgp","3665","4","Eri Ibusaki","D_Cide Traumerei","2","Fri, 08 Sep 2023 20:35:38 GMT","1694205338376","35","","","","No","No","","","2","0","2","924336354811334676","924336354811334676","797920307284934697","21","F","S","S","S","B","F","C","",""
"vhf1qhx","56759","1","Nichirin","One-Punch Man 2","2","Fri, 08 Sep 2023 20:01:44 GMT","1694203304191","5","","","","No","No","","","1","0","2","924336354811334676","924336354811334676","797920307284934697","1","F","S","S","S","F","F","D","",""
"vhfjs17","56799","1","Instructor","Z-Kai: Cross Road","4","Fri, 08 Sep 2023 19:29:22 GMT","1694201362414","5","","","","No","No","","","0","0","4","1058805575317733477","924336354811334676","797920307284934697","1","F","S","S","F","F","F","D","",""
"vhfjb6r","14097","3","Ryouma Ichijou","Love Stage!!","1","Fri, 08 Sep 2023 18:38:49 GMT","1694198329501","13","","","","No","No","","","3","0","1","924336354811334676","924336354811334676","797920307284934697","5","F","S","S","S","A","F","D","",""
"vhfjkgf","56931","1","Raita Fujii","Tonkatsu DJ Agetarou","2","Fri, 08 Sep 2023 17:54:53 GMT","1694195693433","1","","","","No","No","","","0","0","2","924336354811334676","924336354811334676","797920307284934697","0","F","S","S","S","B","F","D","",""
"vhfbh1l","56498","1","Yaemon Ikeda","Gintama°","4","Fri, 08 Sep 2023 17:23:26 GMT","1694193806685","16","","","","No","No","","","1","0","4","924336354811334676","924336354811334676","797920307284934697","8","F","S","S","S","A","F","D","",""
"vhf5qvm","56502","1","Krovanh Olfred","Hundred","2","Fri, 08 Sep 2023 16:49:14 GMT","1694191754055","2","","","","No","No","","","0","0","2","924336354811334676","924336354811334676","797920307284934697","1","F","S","S","S","A","F","D","",""
"vhfk48n","56790","1","Azuki Shinatsu","Maken-ki!","1","Fri, 08 Sep 2023 15:47:08 GMT","1694188028426","1","","","","No","No","","","1","0","1","924336354811334676","924336354811334676","797920307284934697","0","F","S","S","S","A","F","D","",""
"vhfknp3","56930","1","Banchina","One Piece","2","Fri, 08 Sep 2023 15:12:22 GMT","1694185942031","10","","","","No","No","","","1","0","2","924336354811334676","924336354811334676","797920307284934697","5","F","S","S","S","B","F","D","",""
"vhf28tw","54793","1","Ken Kakura","Altered Carbon: Resleeved","3","Fri, 08 Sep 2023 14:10:37 GMT","1694182237038","7","","","","No","No","","","1","0","3","924336354811334676","924336354811334676","797920307284934697","4","F","S","S","S","C","F","D","",""
"vhfm2w0","56683","1","Grumman","Fullmetal Alchemist","0","Fri, 08 Sep 2023 05:18:14 GMT","1694150294689","1","","","","No","No","","","1","0","0","924336354811334676","924336354811334676","797920307284934697","0","F","S","S","S","B","F","D","",""
"vh9c2qf","56531","1","Serika Onoe","Chaos;Child: Silent Sky","0","Fri, 08 Sep 2023 04:35:24 GMT","1694147724214","1","","","","No","No","","","2","0","0","924336354811334676","924336354811334676","797920307284934697","0","F","S","S","S","F","F","D","",""
"vh9lc0h","56771","1","Amana","Hunter x Hunter OVA 3: Greed Island Final","3","Thu, 07 Sep 2023 19:30:58 GMT","1694115058199","18","","","","No","No","","","1","0","3","924336354811334676","924336354811334676","797920307284934697","14","F","S","S","S","B","F","D","",""
"vh98v6b","56479","1","Kim","Toward the Terra TV","3","Thu, 07 Sep 2023 18:23:52 GMT","1694111032885","2","","","","No","No","","","1","0","3","924336354811334676","924336354811334676","797920307284934697","1","F","S","S","S","B","F","D","",""
"vh9fbj9","57097","1","Narancia's Father","JoJo's Bizarre Adventure: Golden Wind","2","Thu, 07 Sep 2023 17:41:48 GMT","1694108508942","12","","","","No","No","","","1","0","2","924336354811334676","924336354811334676","797920307284934697","6","F","S","S","S","A","F","D","",""
"vh99krb","23248","1","Mito","Hunter x Hunter","1","Thu, 07 Sep 2023 15:15:54 GMT","1694099754302","11","","","","No","No","","","1","0","1","924336354811334676","924336354811334676","797920307284934697","5","F","S","S","S","A","F","D","",""
"vh9115g","56598","1","Tohru","Muromi-san OVA","4","Thu, 07 Sep 2023 05:25:21 GMT","1694064321742","6","","","","No","No","","","1","0","4","924336354811334676","924336354811334676","797920307284934697","4","F","S","S","S","A","F","D","",""
"vh9q5cj","8839","4","Kaede Akamatsu","Danganronpa V3: Killing Harmony","1","Wed, 06 Sep 2023 18:17:59 GMT","1694024279773","33","","","","No","No","","","61","0","1","924336354811334676","924336354811334676","797920307284934697","19","F","S","S","S","A","F","C","",""
"vhgc94h","56586","1","Rajikku","Cardfight!! Vanguard: Asia Circuit","3","Wed, 06 Sep 2023 13:18:43 GMT","1694006323740","5","","","","No","No","","","0","0","3","924336354811334676","924336354811334676","797920307284934697","1","F","S","S","S","A","F","D","",""
"vhgxpx8","56665","1","Arashi","Naruto","1","Wed, 06 Sep 2023 10:12:08 GMT","1693995128975","3","","","","No","No","","","1","0","1","924336354811334676","924336354811334676","797920307284934697","1","F","S","S","S","A","F","D","",""
"vhg7xmf","56551","1","Abraham Dawson","Banana Fish","2","Wed, 06 Sep 2023 06:55:11 GMT","1693983311060","4","","","","No","No","","","1","0","2","924336354811334676","924336354811334676","797920307284934697","1","F","S","S","S","B","F","D","",""
"vhgrg5x","24787","1","Kyon","The Melancholy of Haruhi Suzumiya","4","Tue, 05 Sep 2023 19:06:03 GMT","1693940763404","34","","","","No","No","","","16","0","4","924336354811334676","924336354811334676","797920307284934697","20","F","S","S","S","A","F","D","",""
"vhgz9cs","56725","1","Hassad","Kengan Ashura","3","Tue, 05 Sep 2023 15:55:01 GMT","1693929301213","5","","","","No","No","","","1","0","3","924336354811334676","924336354811334676","797920307284934697","1","F","S","S","S","A","F","D","",""
"vhgnnks","30600","2","Jun Minegishi","Nagi no Asukara","2","Tue, 05 Sep 2023 14:10:07 GMT","1693923007404","15","","","","No","No","","","1","0","2","924336354811334676","924336354811334676","797920307284934697","9","F","S","S","S","A","F","C","",""
"vhgwfq8","56306","1","Yuzuki","Tamako Market","2","Tue, 05 Sep 2023 04:54:35 GMT","1693889675087","4","","","","No","No","","","1","0","2","924336354811334676","924336354811334676","797920307284934697","1","F","S","S","S","A","F","D","",""
"vh3xfsp","56701","1","Takashi Sakuma","Summer Wars","2","Mon, 04 Sep 2023 19:09:44 GMT","1693854584237","1","","","","No","No","","","0","0","2","924336354811334676","924336354811334676","797920307284934697","0","F","S","S","S","A","F","D","",""
"vh3ddzt","56745","1","Shidenkai","Glamorous Heroes","0","Mon, 04 Sep 2023 17:44:03 GMT","1693849443239","1","","","","No","No","","","0","0","0","924336354811334676","924336354811334676","797920307284934697","0","F","S","S","S","S","F","D","",""
"vh3srhr","46660","1","Corey","Pacific Rim: The Black","1","Mon, 04 Sep 2023 17:04:40 GMT","1693847080912","1","","","","No","No","","","1","0","1","","924336354811334676","797920307284934697","0","F","S","S","F","A","F","C","",""
"vh37jnx","56596","1","Haru Yoshida","My Little Monster OVA","1","Mon, 04 Sep 2023 14:57:33 GMT","1693839453623","11","","","","No","No","","","35","0","1","924336354811334676","924336354811334676","797920307284934697","5","F","S","S","S","B","F","D","",""
"vh3l7fq","2701","5","Kozue Matsumoto","Baki the Grappler","4","Mon, 04 Sep 2023 13:49:19 GMT","1693835359322","157","","","","No","No","","","2","0","4","924336354811334676","924336354811334676","797920307284934697","103","F","S","S","S","S","F","B","",""
"vh3lkvh","56739","1","Captain Napolipolita","Project A-Ko","2","Mon, 04 Sep 2023 09:59:57 GMT","1693821597085","2","","","","No","No","","","1","0","2","924336354811334676","924336354811334676","797920307284934697","1","F","S","S","S","B","F","D","",""
"vh39t9f","56338","1","Empress","JoJo's Bizarre Adventure: Stardust Crusaders","1","Mon, 04 Sep 2023 08:38:20 GMT","1693816700755","6","","","","No","No","","","2","0","1","924336354811334676","924336354811334676","797920307284934697","4","F","S","S","S","A","F","D","",""
"vh310js","57029","1","Lugh","Trinity Seven","2","Sun, 03 Sep 2023 21:23:14 GMT","1693776194098","12","","","","No","No","","","1","0","2","691570905029017632","924336354811334676","797920307284934697","5","F","S","S","F","F","F","D","",""
"vh351zg","57020","1","Shusaku Matsuno","Aiura","2","Sun, 03 Sep 2023 20:27:59 GMT","1693772879512","1","","","","No","No","","","0","0","2","688687114128588823","688687114128588823","797920307284934697","0","F","S","F","F","F","F","D","",""
"vh3589p","50054","1","Takuma Fujii","Tiger Mask W","2","Sun, 03 Sep 2023 20:26:08 GMT","1693772768108","2","","","","No","No","","","0","0","2","924336354811334676","924336354811334676","797920307284934697","1","F","S","S","S","S","F","D","",""
"vh351fs","2620","3","Grieffas Kredo","Megaton-kyuu Musashi","0","Sun, 03 Sep 2023 19:37:47 GMT","1693769867597","4","","","","No","No","","","0","0","0","","924336354811334676","797920307284934697","1","F","S","S","F","F","F","C","",""
"vh359fw","32581","2","Pharos","Persona 3 the Movie 2: Midsummer Knight's Dream","2","Sun, 03 Sep 2023 19:04:20 GMT","1693767860528","21","","","","No","No","","","1","0","2","924336354811334676","924336354811334676","797920307284934697","13","F","S","S","S","F","F","C","",""
"vh3qg90","56607","1","Odagiri","Joker Game","1","Sun, 03 Sep 2023 14:37:48 GMT","1693751868230","1","","","","No","No","","","0","0","1","924336354811334676","924336354811334676","797920307284934697","0","F","S","S","S","F","F","D","",""
"vh30srj","56801","1","Yakumo Ishii","Mamotte! Lollipop","4","Sun, 03 Sep 2023 13:31:40 GMT","1693747900731","7","","","","No","No","","","1","0","4","924336354811334676","924336354811334676","797920307284934697","4","F","S","S","S","S","F","D","",""
"vh3q2br","56542","1","Washibana","Tokyo ESP","2","Sun, 03 Sep 2023 13:01:11 GMT","1693746071340","1","","","","No","No","","","0","0","2","924336354811334676","924336354811334676","797920307284934697","0","F","S","S","S","A","F","D","",""
"vh3vq7n","56713","1","Hal Kurabayashi","Switch","3","Sun, 03 Sep 2023 08:49:42 GMT","1693730982030","6","","","","No","No","","","1","0","3","688687114128588823","924336354811334676","797920307284934697","4","F","S","S","F","F","F","D","",""
"vhrl762","57078","1","Nanako Akiu","SPRiNGS: Junjou -SAKURA-","1","Sat, 02 Sep 2023 23:49:10 GMT","1693698550019","2","","","","No","No","","","0","0","1","924336354811334676","924336354811334676","797920307284934697","1","F","S","S","S","F","F","D","",""
"vhrfggb","16566","1","Slime","The Fruit of Evolution: Before I Knew It, My Life Had It Made","2","Sat, 02 Sep 2023 22:48:54 GMT","1693694934611","12","","","","No","No","","","1","0","2","688687114128588823","924336354811334676","797920307284934697","6","F","S","S","F","F","F","B","",""
"vhr9s12","56858","1","Katana","Coyote Ragtime Show","3","Sat, 02 Sep 2023 22:18:05 GMT","1693693085423","2","","","","No","No","","","0","0","3","924336354811334676","924336354811334676","797920307284934697","1","F","S","S","S","C","F","D","",""
"vhr93hr","50069","1","Queprri","Carol","4","Sat, 02 Sep 2023 20:18:29 GMT","1693685909246","9","","","","No","No","","","0","0","4","924336354811334676","924336354811334676","797920307284934697","4","F","S","S","S","C","F","D","",""
"vhrpf3z","57111","1","Heavens Arena 200th Floor Clerk","Hunter x Hunter","4","Sat, 02 Sep 2023 17:39:07 GMT","1693676347266","56","","","","No","No","","","1","0","4","737980149995274240","924336354811334676","797920307284934697","30","F","S","S","F","B","F","D","",""
"vhrnpks","56295","1","Raki","One Piece","4","Sat, 02 Sep 2023 12:48:20 GMT","1693658900084","55","","","","No","No","","","1","0","4","924336354811334676","924336354811334676","797920307284934697","31","F","S","S","S","A","F","D","",""
"vhrnvsk","56389","1","Shinjirou Komazaki","Beyblade: Burst","3","Sat, 02 Sep 2023 11:51:31 GMT","1693655491798","6","","","","No","No","","","1","0","3","924336354811334676","924336354811334676","797920307284934697","4","F","S","S","S","A","F","D","",""
"vhrjkj3","33664","2","Tomohito Sugino","Assassination Classroom","2","Sat, 02 Sep 2023 10:20:01 GMT","1693650001336","31","","","","No","No","","","1","0","2","924336354811334676","924336354811334676","797920307284934697","19","F","S","S","S","A","F","C","",""
"vhrbhw0","54501","1","Mikage Tsuchimikado","Twin Star Exorcists","2","Sat, 02 Sep 2023 09:44:06 GMT","1693647846341","6","","","","No","No","","","1","0","2","924336354811334676","924336354811334676","797920307284934697","4","F","S","S","S","A","F","D","",""
"vhr032t","56444","1","Kanetsugu Naoe","Sengoku Night Blood","2","Sat, 02 Sep 2023 00:24:41 GMT","1693614281689","6","","","","No","No","","","1","0","2","924336354811334676","924336354811334676","797920307284934697","4","F","S","S","S","A","F","D","",""
"vhrvz80","2928","4","Yuri Briar","Spy x Family","2","Fri, 01 Sep 2023 22:28:45 GMT","1693607325088","76","","","","No","No","","","51","0","2","688687114128588823","924336354811334676","797920307284934697","41","F","S","S","F","F","F","B","",""
"vhpcxf5","18238","3","Leo Kliesen","Tekken 6","4","Fri, 01 Sep 2023 21:32:57 GMT","1693603977489","115","","","","No","No","","","3","0","4","688687114128588823","688687114128588823","797920307284934697","53","F","S","F","F","F","F","D","",""
"vhrmwvb","56313","1","Kon Hokaze","Ixion Saga: Dimension Transfer","3","Fri, 01 Sep 2023 21:31:58 GMT","1693603918050","4","","","","No","No","","","1","0","3","924336354811334676","924336354811334676","797920307284934697","1","F","S","S","S","A","F","D","",""
"vhp6350","4115","1","Jinpachi Ego","Blue Lock","0","Fri, 01 Sep 2023 20:13:59 GMT","1693599239780","10","","","","No","No","","","37","0","0","","924336354811334676","797920307284934697","8","F","S","S","F","A","F","B","",""
"vhpxv6l","2221","5","Subaru Natsuki","Re:ZERO -Starting Life in Another World-","4","Fri, 01 Sep 2023 18:34:09 GMT","1693593249319","307","","","","No","No","","","352","0","4","924336354811334676","924336354811334676","797920307284934697","194","F","S","S","S","B","F","B","",""
"vhpskb2","2765","4","Kisara","Engage Kiss","2","Fri, 01 Sep 2023 16:54:49 GMT","1693587289780","58","","","","No","No","","","70","0","2","924336354811334676","924336354811334676","797920307284934697","38","F","S","S","S","B","F","B","",""
"vhpdtnh","18953","3","Shojiro Ito","Zombieland Saga: Revenge","2","Fri, 01 Sep 2023 15:43:29 GMT","1693583009592","21","","","","No","No","","","1","0","2","737980149995274240","924336354811334676","797920307284934697","11","F","S","S","F","F","F","C","",""
"vhp7kbj","3744","2","Kazuki Aoyama","Tribe Nine","2","Fri, 01 Sep 2023 14:49:12 GMT","1693579752786","21","","","","No","No","","","4","0","2","924336354811334676","924336354811334676","797920307284934697","13","F","S","S","S","F","F","C","",""
"vhp7mh8","56415","1","Ami Itagaki","Maji de Watashi ni Koi Shinasai!","2","Fri, 01 Sep 2023 14:18:35 GMT","1693577915180","8","","","","No","No","","","1","0","2","737980149995274240","924336354811334676","797920307284934697","4","F","S","S","F","F","F","D","",""
"vhp7j5m","13177","1","Passerby B","Spy x Family","2","Fri, 01 Sep 2023 14:03:04 GMT","1693576984345","9","","","","No","No","","","1","0","2","688687114128588823","924336354811334676","797920307284934697","5","F","S","S","F","B","F","B","",""
"vhplkkk","54059","1","Saccho Kobayakawa","Hunter x Hunter (2011)","2","Fri, 01 Sep 2023 11:51:16 GMT","1693569076918","7","","","","No","No","","","3","0","2","924336354811334676","924336354811334676","797920307284934697","4","F","S","S","S","B","F","D","",""
"vhplhjw","21203","1","King Pudding","IDOLiSH7","2","Fri, 01 Sep 2023 10:22:28 GMT","1693563748860","8","","","","No","No","","","1","0","2","924336354811334676","924336354811334676","797920307284934697","4","F","S","S","S","C","F","D","",""
"vhp18ml","56983","1","Kuroto Hourai","The Betrayal Knows My Name","1","Thu, 31 Aug 2023 23:53:43 GMT","1693526023687","1","","","","No","No","","","1","0","1","924336354811334676","924336354811334676","797920307284934697","0","F","S","S","S","S","F","D","",""
"vhpj691","12260","3","Setanta MacNess","The World's Finest Assassin Gets Reincarnated in Another World as an Aristocrat","1","Thu, 31 Aug 2023 21:37:35 GMT","1693517855887","13","","","","No","No","","","1","0","1","924336354811334676","924336354811334676","797920307284934697","6","F","S","S","S","B","F","C","",""
"vhpbq8l","57010","1","Oukusa","Ichigo 100%","1","Thu, 31 Aug 2023 20:39:53 GMT","1693514393748","1","","","","No","No","","","1","0","1","737980149995274240","924336354811334676","797920307284934697","0","F","S","S","F","A","F","D","",""
"vhpkc32","56600","1","Collot","Beastars","4","Thu, 31 Aug 2023 19:29:58 GMT","1693510198148","27","","","","No","No","","","1","0","4","924336354811334676","924336354811334676","797920307284934697","16","F","S","S","S","B","F","D","",""
"vhp5jpv","56950","1","Shougo Satake","Caligula","1","Thu, 31 Aug 2023 19:12:09 GMT","1693509129187","2","","","","No","No","","","1","0","1","737980149995274240","737980149995274240","797920307284934697","1","F","S","F","F","A","F","D","",""
"vhp5bcg","56520","1","Ogata","Mysterious Girlfriend X","3","Thu, 31 Aug 2023 18:55:12 GMT","1693508112149","4","","","","No","No","","","1","0","3","688687114128588823","924336354811334676","797920307284934697","1","F","S","S","F","F","F","D","",""
"vhp2dq4","17900","1","Rennac","Fire Emblem: The Sacred Stones","2","Thu, 31 Aug 2023 17:13:23 GMT","1693502003287","8","","","","No","No","","","1","0","2","924336354811334676","924336354811334676","797920307284934697","4","F","S","S","S","C","F","C","",""
"vhphczw","56685","1","Shoichi","Demon Slayer: Kimetsu no Yaiba","2","Thu, 31 Aug 2023 14:46:10 GMT","1693493170428","24","","","","No","No","","","1","0","2","924336354811334676","924336354811334676","797920307284934697","15","F","S","S","S","A","F","D","",""
"vhpv7ng","994","1","Kotori's Mother","Buddy Daddies","2","Thu, 31 Aug 2023 11:02:22 GMT","1693479742431","9","","","","No","No","","","1","0","2","924336354811334676","924336354811334676","797920307284934697","5","F","S","S","S","D","F","B","",""
"vhpmxt5","56191","1","Tanaka","How Clumsy you are, Miss Ueno","3","Thu, 31 Aug 2023 10:08:26 GMT","1693476506784","8","","","","No","No","","","1","0","3","924336354811334676","924336354811334676","797920307284934697","4","F","S","S","S","B","F","D","",""
"vh480gh","23997","1","Sir Nighteye","My Hero Academia 3","4","Wed, 30 Aug 2023 23:04:36 GMT","1693436676146","138","","","","No","No","","","5","0","4","924336354811334676","924336354811334676","797920307284934697","79","F","S","S","S","B","F","D","",""
"vh48pg9","56489","1","Roland Lee","Phantom in the Twilight","1","Wed, 30 Aug 2023 22:18:14 GMT","1693433894504","1","","","","No","No","","","0","0","1","737980149995274240","737980149995274240","797920307284934697","0","F","S","F","F","B","F","D","",""
"vh4lwjt","56850","1","Tetsuya","Recorder and Randsell","2","Wed, 30 Aug 2023 22:17:22 GMT","1693433842574","1","","","","No","No","","","0","0","2","924336354811334676","924336354811334676","797920307284934697","0","F","S","S","S","A","F","D","",""
"vh4lh0v","51911","1","Krom Ledios","Lord of Heroes","4","Wed, 30 Aug 2023 21:47:44 GMT","1693432064981","18","","","","No","No","","","1","0","4","737980149995274240","924336354811334676","797920307284934697","13","F","S","S","F","B","F","D","",""
"vh49ntb","56608","1","Youki","Sunday Without God","4","Wed, 30 Aug 2023 20:46:31 GMT","1693428391367","20","","","","No","No","","","0","0","4","737980149995274240","924336354811334676","797920307284934697","13","F","S","S","F","B","F","D","",""
"vh4gs9t","56725","1","Ur","Fairy Tail","2","Wed, 30 Aug 2023 20:16:49 GMT","1693426609477","15","","","","No","No","","","1","0","2","688687114128588823","737980149995274240","797920307284934697","6","F","S","F","F","D","F","D","",""
"vh49d70","56403","1","Yamamoto","The Irresponsible Galaxy Tylor","1","Wed, 30 Aug 2023 20:15:58 GMT","1693426558542","1","","","","No","No","","","0","0","1","924336354811334676","924336354811334676","797920307284934697","0","F","S","S","S","B","F","D","",""
"vh4916m","15303","3","Sytry Cartwright","Devils and Realist","2","Wed, 30 Aug 2023 19:53:37 GMT","1693425217202","23","","","","No","No","","","2","0","2","","924336354811334676","797920307284934697","14","F","S","S","F","B","F","C","",""
"vh4gtxv","12184","3","Chuuya Nakahara","Bungou Stray Dogs","2","Wed, 30 Aug 2023 19:30:38 GMT","1693423838125","77","","","","No","No","","","616","0","2","","924336354811334676","797920307284934697","40","F","S","S","F","B","F","D","",""
"vh49fbv","21025","1","Zain","For Whom the Alchemist Exists","2","Wed, 30 Aug 2023 19:18:49 GMT","1693423129154","6","","","","No","No","","","4","0","2","688687114128588823","924336354811334676","797920307284934697","4","F","S","S","F","B","F","D","",""
"vh4341l","53804","1","Balloy","Gundam Build Divers Re:RISE","2","Wed, 30 Aug 2023 18:29:43 GMT","1693420183580","3","","","","No","No","","","0","0","2","924336354811334676","924336354811334676","797920307284934697","1","F","S","S","S","F","F","D","",""
"vh4gxhp","26804","1","Geri","Genshin Impact","3","Wed, 30 Aug 2023 18:16:39 GMT","1693419399521","31","","","","No","No","","","1","0","3","","924336354811334676","797920307284934697","19","F","S","S","F","C","F","C","",""
"vh442dz","56226","1","Johnny Black","Sword Art Online","2","Wed, 30 Aug 2023 13:15:16 GMT","1693401316149","10","","","","No","No","","","1","0","2","924336354811334676","924336354811334676","797920307284934697","6","F","S","S","S","A","F","D","",""
"vh41t24","56613","1","Male Lifeguard","Hyouka: What Should Be Had","2","Wed, 30 Aug 2023 11:25:51 GMT","1693394751863","2","","","","No","No","","","0","0","2","924336354811334676","924336354811334676","797920307284934697","1","F","S","S","S","D","F","D","",""
"vh4nckf","10506","2","William Twining","Devils and Realist","1","Wed, 30 Aug 2023 10:37:45 GMT","1693391865589","9","","","","No","No","","","1","0","1","688687114128588823","924336354811334676","797920307284934697","4","F","S","S","F","D","F","C","",""
"vh4jpcr","16585","2","Xenovia Quarta","High School DxD NEW","2","Wed, 30 Aug 2023 10:21:03 GMT","1693390863656","71","","","","No","No","","","179","0","2","924336354811334676","924336354811334676","797920307284934697","40","F","S","S","S","A","F","D","",""
"vh4brqh","6474","4","Henna Ikimono","Di Gi Charat","0","Wed, 30 Aug 2023 08:26:11 GMT","1693383971619","4","","","","No","No","","","1","0","0","924336354811334676","924336354811334676","797920307284934697","1","F","S","S","S","F","F","C","",""
"vh429xf","56614","1","Sousuke","Mushishi Zoku Shou 2nd Season","2","Wed, 30 Aug 2023 01:31:53 GMT","1693359113992","1","","","","No","No","","","0","0","2","924336354811334676","924336354811334676","797920307284934697","0","F","S","S","S","A","F","D","",""
"vh4hkm7","135","4","Evan Berstein","The Iceblade Sorcerer Shall Rule the World","2","Wed, 30 Aug 2023 00:59:33 GMT","1693357173381","25","","","","No","No","","","1","0","2","924336354811334676","924336354811334676","797920307284934697","16","F","S","S","S","F","F","A","",""
"vh4qg4p","56460","1","Robert Findlay","Cardfight!! Vanguard: Asia Circuit","3","Tue, 29 Aug 2023 22:44:28 GMT","1693349068892","3","","","","No","No","","","0","0","3","737980149995274240","924336354811334676","797920307284934697","1","F","S","S","F","B","F","D","",""
"vh40j7q","13329","3","Hu Tao","Genshin Impact","1","Tue, 29 Aug 2023 21:44:45 GMT","1693345485779","44","","","","No","No","","","2759","0","1","924336354811334676","924336354811334676","797920307284934697","25","F","S","S","S","A","F","D","",""
"vh4vt6q","17339","2","Touka Toudou","Chivalry of a Failed Knight","4","Tue, 29 Aug 2023 21:14:10 GMT","1693343650242","128","","","","No","No","","","6","0","4","924336354811334676","924336354811334676","797920307284934697","73","F","S","S","S","A","F","D","",""
"vh4mmm4","57079","1","Aley","No Game No Life: Zero","4","Tue, 29 Aug 2023 20:45:31 GMT","1693341931020","27","","","","No","No","","","2","0","4","688687114128588823","737980149995274240","797920307284934697","13","F","S","F","F","F","F","D","",""
"vh4mx9x","56604","1","Daiki Ninomiya","Initial D Fourth Stage","3","Tue, 29 Aug 2023 20:07:37 GMT","1693339657819","7","","","","No","No","","","1","0","3","737980149995274240","737980149995274240","797920307284934697","4","F","S","F","F","D","F","D","",""
"vh4m3r0","52440","1","Tadano","Kindaichi Shounen no Jikenbo","1","Tue, 29 Aug 2023 20:06:00 GMT","1693339560011","1","","","","No","No","","","0","0","1","924336354811334676","924336354811334676","797920307284934697","0","F","S","S","S","A","F","D","",""
"vhzxs7r","50369","1","Shuuji's Coworker A","Otona nya Koi no Shikata ga Wakaranee!","2","Tue, 29 Aug 2023 18:05:27 GMT","1693332327218","1","","","","No","No","","","0","0","2","737980149995274240","737980149995274240","797920307284934697","0","F","S","F","F","F","F","C","",""
"vhzckdq","2393","5","Nagisa Hazuki","Free! - Iwatobi Swim Club","1","Tue, 29 Aug 2023 17:58:38 GMT","1693331918021","23","","","","No","No","","","36","0","1","","924336354811334676","797920307284934697","14","F","S","S","F","C","F","B","",""
"vhzddjr","25919","1","Mako's Brother","Selection Project","0","Tue, 29 Aug 2023 15:06:52 GMT","1693321612258","1","","","","No","No","","","0","0","0","924336354811334676","924336354811334676","797920307284934697","0","F","S","S","S","A","F","C","",""
"vhz7xx7","25075","1","Rosemi Lovelock","Nijisanji EN","4","Tue, 29 Aug 2023 14:43:14 GMT","1693320194930","162","","","","No","No","","","24","0","4","688687114128588823","924336354811334676","797920307284934697","80","F","S","S","F","C","F","D","",""
"vhzdvgx","56391","1","Wan Xing","Ani ni Tsukeru Kusuri wa Nai! 2","2","Tue, 29 Aug 2023 13:24:40 GMT","1693315480989","3","","","","No","No","","","1","0","2","688687114128588823","924336354811334676","797920307284934697","1","F","S","S","F","F","F","D","",""
"vhzt7nh","3064","2","Doi's Friend","World's End Harem","1","Tue, 29 Aug 2023 12:13:57 GMT","1693311237123","7","","","","No","No","","","1","0","1","924336354811334676","924336354811334676","797920307284934697","5","F","S","S","S","A","F","A","",""
"vhz8b2c","56324","1","Thief","Tari Tari","2","Tue, 29 Aug 2023 11:01:50 GMT","1693306910492","1","","","","No","No","","","0","0","2","924336354811334676","924336354811334676","797920307284934697","0","F","S","S","S","C","F","D","",""
"vhzzscf","13051","3","Benimaru Shinmon","Fire Force","3","Mon, 28 Aug 2023 22:23:36 GMT","1693261416542","155","","","","No","No","","","426","0","3","","924336354811334676","797920307284934697","79","F","S","S","F","C","F","D","",""
"vhznbl1","8151","4","Mikuru Natsuki","Aikatsu! 2","2","Mon, 28 Aug 2023 19:57:21 GMT","1693252641177","28","","","","No","No","","","1","0","2","924336354811334676","924336354811334676","797920307284934697","15","F","S","S","S","F","F","C","",""
"vhzb3c6","2561","5","Kou Sakuragi","Wotakoi: Love is Hard for Otaku","4","Mon, 28 Aug 2023 19:24:49 GMT","1693250689761","164","","","","No","No","","","14","0","4","737980149995274240","737980149995274240","797920307284934697","93","F","S","F","F","A","F","B","",""
"vhzj3px","56781","1","Kai von Glanzreich","The Royal Tutor","2","Mon, 28 Aug 2023 19:21:00 GMT","1693250460838","5","","","","No","No","","","1","0","2","688687114128588823","924336354811334676","797920307284934697","1","F","S","S","F","F","F","D","",""
"vhzkm2c","9323","1","Lucas","The Strongest Sage with the Weakest Crest","2","Mon, 28 Aug 2023 16:41:37 GMT","1693240897239","4","","","","No","No","","","0","0","2","688687114128588823","924336354811334676","797920307284934697","1","F","S","S","F","B","F","B","",""
"vhzqzxm","56581","1","Ryougo Nagitsuji","Twin Star Exorcists","1","Mon, 28 Aug 2023 12:21:54 GMT","1693225314309","1","","","","No","No","","","1","0","1","","737980149995274240","797920307284934697","0","F","S","F","F","A","F","D","",""
"vhzhqdv","8378","4","Takashi","Death Parade","2","Mon, 28 Aug 2023 12:21:37 GMT","1693225297143","23","","","","No","No","","","1","0","2","924336354811334676","737980149995274240","797920307284934697","13","F","S","F","S","F","F","C","",""
"vhzhqdm","3008","5","Kou Mabuchi","Blue Spring Ride","0","Mon, 28 Aug 2023 12:20:58 GMT","1693225258469","15","","","","No","No","","","113","0","0","924336354811334676","924336354811334676","797920307284934697","9","F","S","S","S","A","F","B","",""
"vh1dp2c","2303","5","Ukon Kijima","Shikizakura","2","Mon, 28 Aug 2023 01:17:47 GMT","1693185467495","25","","","","No","No","","","1","0","2","924336354811334676","924336354811334676","797920307284934697","15","F","S","S","S","D","F","B","",""
"vh17qvg","56390","1","Soma Asman Gadal","Black Butler","3","Mon, 28 Aug 2023 00:08:03 GMT","1693181283339","21","","","","No","No","","","3","0","3","1058805575317733477","1058805575317733477","797920307284934697","11","F","S","F","F","A","F","D","",""
"vh18xpj","30906","2","Sakuya Yamaki","7 Seeds","3","Sun, 27 Aug 2023 22:26:37 GMT","1693175197931","23","","","","No","No","","","1","0","3","924336354811334676","924336354811334676","797920307284934697","15","F","S","S","S","A","F","C","",""
"vh1twhm","32407","2","Marina Tsukishima","BanG Dream!","1","Sun, 27 Aug 2023 21:22:31 GMT","1693171351527","10","","","","No","No","","","1","0","1","924336354811334676","924336354811334676","797920307284934697","6","F","S","S","S","A","F","C","",""
"vh1t0r7","11544","2","Kouta Inokuma","Hello!! Kiniro Mosaic","2","Sun, 27 Aug 2023 21:11:37 GMT","1693170697635","13","","","","No","No","","","0","0","2","","924336354811334676","797920307284934697","5","F","S","S","F","D","F","C","",""
"vh1ffzj","56517","1","Kazuhiko Kozuka","Tantei Team KZ: Jiken Note","2","Sun, 27 Aug 2023 20:20:34 GMT","1693167634856","1","","","","No","No","","","0","0","2","","924336354811334676","797920307284934697","0","F","S","S","F","B","F","D","",""
"vh18mvm","16088","1","Arataka Reigen","Mob Psycho 100","2","Sun, 27 Aug 2023 20:06:32 GMT","1693166792194","62","","","","No","No","","","500","0","2","924336354811334676","924336354811334676","797920307284934697","36","F","S","S","S","A","F","D","",""
"vh1f4nd","2852","5","Soujirou Theta","Log Horizon","2","Sun, 27 Aug 2023 19:02:01 GMT","1693162921155","32","","","","No","No","","","5","0","2","","1058805575317733477","797920307284934697","18","F","S","F","F","A","F","B","",""
"vh194w2","9015","4","Shougo Sena","Love Stage!!","1","Sun, 27 Aug 2023 18:24:24 GMT","1693160664283","13","","","","No","No","","","3","0","1","","737980149995274240","797920307284934697","6","F","S","F","F","F","F","C","",""
"vh1gtrq","56242","1","Honomi","Kyoto Animation CM: Ajisai-hen","3","Sun, 27 Aug 2023 18:23:11 GMT","1693160591866","10","","","","No","No","","","0","0","3","924336354811334676","924336354811334676","797920307284934697","5","F","S","S","S","B","F","D","",""
"vh19m7s","56389","1","Mei Asakura","18if","1","Sun, 27 Aug 2023 17:10:31 GMT","1693156231678","1","","","","No","No","","","0","0","1","","924336354811334676","797920307284934697","0","F","S","S","F","F","F","D","",""
"vh1gwnp","33306","2","Nea Walker","D.Gray-man","2","Sun, 27 Aug 2023 16:42:24 GMT","1693154544238","20","","","","No","No","","","1","0","2","924336354811334676","737980149995274240","797920307284934697","11","F","S","F","S","F","F","C","",""
"vh1gj8c","2545","5","Tomomi Isogai","Ikebukuro West Gate Park","3","Sun, 27 Aug 2023 16:33:33 GMT","1693154013842","45","","","","No","No","","","0","0","3","","924336354811334676","797920307284934697","26","F","S","S","F","B","F","B","",""
"vh135qk","56201","1","Tomoe Mikagura","Tailenders","2","Sun, 27 Aug 2023 16:00:59 GMT","1693152059320","6","","","","No","No","","","2","0","2","","924336354811334676","797920307284934697","4","F","S","S","F","C","F","D","",""
"vh1rhs7","17611","1","Saul","Fire Emblem: The Binding Blade","2","Sun, 27 Aug 2023 15:44:58 GMT","1693151098555","12","","","","No","No","","","1","0","2","","737980149995274240","797920307284934697","6","F","S","F","F","C","F","C","",""
"vh1rhst","56807","1","Seijirou","Mushishi","1","Sun, 27 Aug 2023 15:44:32 GMT","1693151072178","1","","","","No","No","","","0","0","1","","924336354811334676","797920307284934697","0","F","S","S","F","A","F","D","",""
"vh13vnq","16059","2","Rei Sagara","Love Stage!!","2","Sun, 27 Aug 2023 15:30:16 GMT","1693150216590","19","","","","No","No","","","1","0","2","737980149995274240","924336354811334676","797920307284934697","10","F","S","S","F","F","F","D","",""
"vh1r7cb","29049","2","Weser","Problem Children Are Coming from Another World, Aren't They?","1","Sun, 27 Aug 2023 14:40:43 GMT","1693147243945","6","","","","No","No","","","1","0","1","924336354811334676","924336354811334676","797920307284934697","4","F","S","S","S","A","F","C","",""
"vh14493","2370","5","Rentaro Satomi","Black Bullet","3","Sun, 27 Aug 2023 14:05:12 GMT","1693145112699","82","","","","No","No","","","10","0","3","737980149995274240","737980149995274240","797920307284934697","46","F","S","F","F","B","F","B","",""
"vh1pkww","56056","1","Takumi Kibukawa","Valvrave the Liberator","2","Sun, 27 Aug 2023 13:41:40 GMT","1693143700726","2","","","","No","No","","","1","0","2","924336354811334676","924336354811334676","797920307284934697","1","F","S","S","S","A","F","D","",""
"vh14vjk","56218","1","Atsushi Shimao","Natsuyuki Rendezvous","0","Sun, 27 Aug 2023 13:06:50 GMT","1693141610073","1","","","","No","No","","","1","1","0","737980149995274240","737980149995274240","797920307284934697","0","F","S","F","F","A","D","D","",""
"vh1pw2p","55701","1","Rage Hida","ARP Backstage Pass","0","Sun, 27 Aug 2023 13:04:44 GMT","1693141484594","1","","","","No","No","","","1","0","0","924336354811334676","924336354811334676","797920307284934697","0","F","S","S","S","S","F","D","",""
"vh1prl4","13423","3","Felix Hugo Fraldarius","Fire Emblem: Three Houses","2","Sun, 27 Aug 2023 12:35:38 GMT","1693139738732","33","","","","No","No","","","32","0","2","688687114128588823","924336354811334676","797920307284934697","16","F","S","S","F","D","F","D","",""
"vh14gb6","56459","1","Chokhmah","Monster Strike the Animation","3","Sun, 27 Aug 2023 12:14:39 GMT","1693138479040","5","","","","No","No","","","0","0","3","","924336354811334676","797920307284934697","1","F","S","S","F","D","F","D","",""
"vh1zz6x","25648","2","Hinako Akuta","Fate/Grand Order","2","Sun, 27 Aug 2023 11:55:38 GMT","1693137338613","32","","","","No","No","","","2","0","2","","924336354811334676","797920307284934697","16","F","S","S","F","D","F","C","",""
"vh11xp7","56843","1","Asuka's Father","Kyou no Asuka Show","2","Sun, 27 Aug 2023 11:52:05 GMT","1693137125288","1","","","","No","No","","","1","0","2","","737980149995274240","797920307284934697","0","F","S","F","F","C","F","D","",""
"vh1zd4w","7290","3","George Ushiromiya","Umineko: When They Cry","3","Sun, 27 Aug 2023 11:45:08 GMT","1693136708298","38","","","","No","No","","","1","0","3","924336354811334676","924336354811334676","797920307284934697","25","F","S","S","S","A","F","C","",""
"vh140d4","4780","4","Suzaku Akai","The iDOLM@STER SideM","0","Sun, 27 Aug 2023 11:40:57 GMT","1693136457971","5","","","","No","No","","","1","0","0","737980149995274240","737980149995274240","797920307284934697","1","F","S","F","F","B","F","C","",""
"vh1zj82","56502","1","Bird-san","Haven't You Heard? I'm Sakamoto","1","Sun, 27 Aug 2023 11:12:54 GMT","1693134774807","3","","","","No","No","","","2","0","1","924336354811334676","924336354811334676","797920307284934697","1","F","S","S","S","B","F","D","",""
"vh1h3bh","2892","5","Matsuboshi Raidou","Aharen-san wa Hakarenai","2","Sat, 26 Aug 2023 23:51:36 GMT","1693093896048","37","","","","No","No","","","8","0","2","924336354811334676","924336354811334676","797920307284934697","24","F","S","S","S","A","F","B","",""
"vh1qqkf","56000","1","Kensuke Fukui","Kuroko's Basketball 2","1","Sat, 26 Aug 2023 22:40:56 GMT","1693089656573","4","","","","No","No","","","1","0","1","","924336354811334676","797920307284934697","1","F","S","S","F","C","F","D","",""
"vh107dx","2836","5","Turkey","Hetalia: World Series","3","Sat, 26 Aug 2023 21:57:48 GMT","1693087068416","59","","","","No","No","","","2","0","3","924336354811334676","924336354811334676","797920307284934697","40","F","S","S","S","A","F","B","",""
"vh10ggn","56435","1","Tomoharu Natsume","Asura Cryin'","0","Sat, 26 Aug 2023 21:32:45 GMT","1693085565719","1","","","","No","No","","","0","0","0","","924336354811334676","797920307284934697","0","F","S","S","F","F","F","D","",""
"vh1qh83","24523","1","Sugawara","The Disastrous Life of Saiki K.","1","Sat, 26 Aug 2023 21:28:34 GMT","1693085314535","2","","","","No","No","","","1","0","1","","924336354811334676","797920307284934697","1","F","S","S","F","B","F","C","",""
"vh10nmb","56629","1","Masakatsu Yuuki","YU-NO: A Girl Who Chants Love at the Bound of This World","4","Sat, 26 Aug 2023 21:12:33 GMT","1693084353805","14","","","","No","No","","","1","0","4","","924336354811334676","797920307284934697","6","F","S","S","F","B","F","D","",""
"vh10mbs","9511","4","Gin","Hotarubi no Mori e","2","Sat, 26 Aug 2023 20:51:33 GMT","1693083093832","57","","","","No","No","","","62","0","2","924336354811334676","924336354811334676","797920307284934697","33","F","S","S","S","A","F","C","",""
"vh1vkfw","33463","2","Konrad von Modell","Legend of the Galactic Heroes","1","Sat, 26 Aug 2023 20:24:32 GMT","1693081472678","6","","","","No","No","","","0","0","1","","924336354811334676","797920307284934697","4","F","S","S","F","B","F","C","",""
"vhn7dcn","56205","1","Kagekatsu Uesugi","Sengoku Night Blood","2","Sat, 26 Aug 2023 20:07:48 GMT","1693080468152","5","","","","No","No","","","1","0","2","737980149995274240","737980149995274240","797920307284934697","1","F","S","F","F","B","F","D","",""
"vhn73zl","56346","1","Seishi Bosatsu","Namu Amida Butsu!: Rendai Utena","3","Sat, 26 Aug 2023 20:07:29 GMT","1693080449573","12","","","","No","No","","","1","0","3","737980149995274240","737980149995274240","797920307284934697","5","F","S","F","F","F","F","D","",""
"vh1mxt9","56218","1","Yuuto Aoshima","After School Dice Club","2","Sat, 26 Aug 2023 18:51:15 GMT","1693075875210","3","","","","No","No","","","1","0","2","924336354811334676","924336354811334676","797920307284934697","1","F","S","S","S","S","F","D","",""
"vhncq5j","56086","1","Eshika","Lupin III Special 19: Kiri no Elusive","2","Sat, 26 Aug 2023 17:55:43 GMT","1693072543894","1","","","","No","No","","","1","0","2","924336354811334676","924336354811334676","797920307284934697","0","F","S","S","S","A","F","D","",""
"vhnszqc","2173","3","Lauda Neill","Mobile Suit Gundam: The Witch from Mercury","3","Sat, 26 Aug 2023 14:30:02 GMT","1693060202497","45","","","","No","No","","","1","0","3","","924336354811334676","797920307284934697","25","F","S","S","F","B","F","B","",""
"vhnsxlk","56495","1","Kanade Mino","Sekai-ichi Hatsukoi: World's Greatest First Love","2","Sat, 26 Aug 2023 14:12:43 GMT","1693059163794","2","","","","No","No","","","1","0","2","924336354811334676","924336354811334676","797920307284934697","1","F","S","S","S","A","F","D","",""
"vhns1hn","56634","1","Ryunosuke Natsume","All Purpose Cultural Cat Girl Nuku Nuku","3","Sat, 26 Aug 2023 14:00:34 GMT","1693058434240","2","","","","No","No","","","0","0","3","","924336354811334676","797920307284934697","1","F","S","S","F","B","F","D","",""
"vhnsbsh","2763","5","Sora Mizusawa","Love is Like a Cocktail","3","Sat, 26 Aug 2023 13:34:54 GMT","1693056894557","52","","","","No","No","","","1","0","3","924336354811334676","924336354811334676","797920307284934697","30","F","S","S","S","D","F","B","",""
"vhn7900","56343","1","Mandarin Kinoshita","Back Street Girls -GOKUDOLS-","4","Sat, 26 Aug 2023 12:55:31 GMT","1693054531681","7","","","","No","No","","","1","0","4","924336354811334676","924336354811334676","797920307284934697","4","F","S","S","S","B","F","D","",""
"vhnt87l","45619","1","Eikenal","Honkai Impact 3rd","2","Sat, 26 Aug 2023 12:16:55 GMT","1693052215344","19","","","","No","No","","","1","0","2","924336354811334676","924336354811334676","797920307284934697","14","F","S","S","S","A","F","C","",""
"vhn7c49","55817","1","Mero","One Piece","1","Sat, 26 Aug 2023 11:45:36 GMT","1693050336318","12","","","","No","No","","","1","0","1","924336354811334676","924336354811334676","797920307284934697","5","F","S","S","S","A","F","D","",""
"vhntr43","56029","1","Ralph Grazer","Sensual Phrase","4","Sat, 26 Aug 2023 10:37:31 GMT","1693046251851","4","","","","No","No","","","0","0","4","924336354811334676","924336354811334676","797920307284934697","1","F","S","S","S","A","F","D","",""
"vhn4xv3","56948","1","Kies","Yume Oukoku to Nemureru 100 Nin no Ouji-sama: Short Stories","2","Sat, 26 Aug 2023 00:07:23 GMT","1693008443740","4","","","","No","No","","","0","0","2","924336354811334676","924336354811334676","797920307284934697","1","F","S","S","S","A","F","D","",""
"vhnp4wn","2482","5","Hua Cheng","Tian Guan Ci Fu","3","Fri, 25 Aug 2023 23:23:26 GMT","1693005806862","140","","","","No","No","","","670","0","3","924336354811334676","924336354811334676","797920307284934697","90","F","S","S","S","A","F","B","",""
"vhn4z0p","2080","3","Toma Inumaru","IDOLiSH7","0","Fri, 25 Aug 2023 22:36:24 GMT","1693002984673","6","","","","No","No","","","3","0","0","737980149995274240","924336354811334676","797920307284934697","5","F","S","S","F","S","F","B","",""
"vhnz5rf","2444","5","Sho Marufuji","Yu-Gi-Oh! GX","3","Fri, 25 Aug 2023 21:46:50 GMT","1693000010769","66","","","","No","No","","","2","0","3","924336354811334676","924336354811334676","797920307284934697","45","F","S","S","S","A","F","B","",""
"vhnzrxx","56351","1","Ryou","Haven't You Heard? I'm Sakamoto","1","Fri, 25 Aug 2023 21:24:32 GMT","1692998672905","1","","","","No","No","","","0","0","1","","924336354811334676","797920307284934697","0","F","S","S","F","C","F","D","",""
"vhnznqr","56273","1","Tatsu's Father","Mushishi Zoku Shou","1","Fri, 25 Aug 2023 21:12:51 GMT","1692997971850","1","","","","No","No","","","0","0","1","","924336354811334676","797920307284934697","0","F","S","S","F","A","F","D","",""
"vhn1t5l","56583","1","Dagmyer Mesut","Tenchi Muyo! War on Geminar","3","Fri, 25 Aug 2023 20:42:32 GMT","1692996152416","4","","","","No","No","","","0","0","3","688687114128588823","924336354811334676","797920307284934697","1","F","S","S","F","B","F","D","",""
"vhnzv9r","56226","1","Jo Katsuragi","Innocent Venus","2","Fri, 25 Aug 2023 20:22:28 GMT","1692994948041","1","","","","No","No","","","0","0","2","717334579245219873","924336354811334676","797920307284934697","0","F","S","S","F","F","F","D","",""
"vhnzv91","55985","1","Satsuki","Tsubasa Reservoir Chronicle: Tokyo Revelations","0","Fri, 25 Aug 2023 20:22:15 GMT","1692994935881","1","","","","No","No","","","1","0","0","717334579245219873","737980149995274240","797920307284934697","0","F","S","F","F","F","F","D","",""
"vhnj6lm","56734","1","Haru Kaidou","Super Lovers","1","Fri, 25 Aug 2023 19:01:24 GMT","1692990084216","3","","","","No","No","","","7","0","1","737980149995274240","924336354811334676","797920307284934697","1","F","S","S","F","B","F","D","",""
"vhnbxh2","4920","2","Yaoyao","Genshin Impact","0","Fri, 25 Aug 2023 18:32:54 GMT","1692988374440","18","","","","No","No","","","40","0","0","","688687114128588823","797920307284934697","11","F","S","F","F","B","F","C","",""
"vhnnrb5","56392","1","Kanetsugu Naoe","Samurai Warriors: Legend of the Sanada","2","Fri, 25 Aug 2023 18:29:08 GMT","1692988148706","1","","","","No","No","","","1","0","2","924336354811334676","924336354811334676","797920307284934697","0","F","S","S","S","A","F","D","",""
"vhnbrr9","56541","1","Daisuke Ueno","DAKAICHI -I'm being harassed by the sexiest man of the year-","2","Fri, 25 Aug 2023 17:30:55 GMT","1692984655653","4","","","","No","No","","","0","0","2","924336354811334676","924336354811334676","797920307284934697","1","F","S","S","S","A","F","D","",""
"vhnbxhk","56757","1","Yoshiaki Ishida","Wangan Midnight","1","Fri, 25 Aug 2023 17:06:41 GMT","1692983201622","1","","","","No","No","","","0","0","1","","737980149995274240","797920307284934697","0","F","S","F","F","F","F","D","",""
"vhnkwxk","56536","1","Krautz","Otona no Bouguya-san","1","Fri, 25 Aug 2023 15:58:04 GMT","1692979084911","2","","","","No","No","","","0","0","1","717334579245219873","924336354811334676","797920307284934697","1","F","S","S","F","A","F","D","",""
"vhnkj7b","30766","1","Rika's Father","Girlfriend, Girlfriend","3","Fri, 25 Aug 2023 15:30:58 GMT","1692977458041","6","","","","No","No","","","1","0","3","924336354811334676","924336354811334676","797920307284934697","4","F","S","S","S","A","F","C","",""
"vhnk4k9","15526","1","Lava Vein Chief","Epic Seven","2","Fri, 25 Aug 2023 14:56:55 GMT","1692975415460","11","","","","No","No","","","1","0","2","924336354811334676","924336354811334676","797920307284934697","6","F","S","S","S","A","F","B","",""
"vhnw223","56234","1","Kagiri","Karneval","2","Fri, 25 Aug 2023 13:32:55 GMT","1692970375339","3","","","","No","No","","","1","0","2","717334579245219873","737980149995274240","797920307284934697","1","F","S","F","F","F","F","D","",""
"vhn2w14","10944","2","André Grandier","The Rose of Versailles","2","Fri, 25 Aug 2023 13:32:13 GMT","1692970333988","14","","","","No","No","","","3","0","2","924336354811334676","924336354811334676","797920307284934697","6","F","S","S","S","C","F","D","",""
"vhnhcwj","56060","1","Marimo's Father","Marimo no Hana: Saikyou Butouha Shougakusei Densetsu","2","Fri, 25 Aug 2023 13:13:42 GMT","1692969222262","2","","","","No","No","","","0","0","2","688687114128588823","924336354811334676","797920307284934697","1","F","S","S","F","B","F","D","",""
"vhn26vn","34288","1","Silent Magician","Yu-Gi-Oh! Duel Monsters","2","Fri, 25 Aug 2023 13:02:07 GMT","1692968527746","9","","","","No","No","","","2","0","2","924336354811334676","924336354811334676","797920307284934697","4","F","S","S","S","B","F","D","",""
"vhn2gfz","12042","1","Celestial Demon","She Professed Herself Pupil of the Wise Man","3","Fri, 25 Aug 2023 12:42:15 GMT","1692967335448","10","","","","No","No","","","1","0","3","717334579245219873","924336354811334676","797920307284934697","6","F","S","S","F","B","F","B","",""
"vhnqx87","17441","2","Kobayashi","Miss Kobayashi's Dragon Maid","0","Fri, 25 Aug 2023 11:32:04 GMT","1692963124522","18","","","","No","No","","","100","0","0","924336354811334676","924336354811334676","797920307284934697","13","F","S","S","S","B","F","D","",""
"vhjsb5w","2220","2","Gallus","Reincarnated as a Sword","4","Fri, 25 Aug 2023 01:55:27 GMT","1692928527933","82","","","","No","No","","","1","0","4","924336354811334676","924336354811334676","797920307284934697","46","F","S","S","S","D","F","C","",""
"vhjskf3","54535","1","Paraponera Terraformar","Terra Formars","0","Fri, 25 Aug 2023 00:40:04 GMT","1692924004502","1","","","","No","No","","","1","0","0","924336354811334676","924336354811334676","797920307284934697","0","F","S","S","S","B","F","D","",""
"vhjsmq5","1496","2","Gil","Ascendance of a Bookworm Season 2","3","Fri, 25 Aug 2023 00:14:42 GMT","1692922482083","43","","","","No","No","","","1","0","3","","924336354811334676","797920307284934697","24","F","S","S","F","F","F","B","",""
"vhj711h","56701","1","Tasuku Okushiro","Good Luck! Ninomiya-kun","3","Fri, 25 Aug 2023 00:04:32 GMT","1692921872087","5","","","","No","No","","","0","0","3","924336354811334676","924336354811334676","797920307284934697","1","F","S","S","S","S","F","D","",""
"vhj883x","56685","1","Radu","Blade","0","Thu, 24 Aug 2023 21:51:49 GMT","1692913909468","1","","","","No","No","","","1","0","0","924336354811334676","924336354811334676","797920307284934697","0","F","S","S","S","A","F","D","",""
"vhjtzlp","56392","1","Heart","Futari wa Precure Max Heart: The Movie","2","Thu, 24 Aug 2023 21:22:34 GMT","1692912154407","5","","","","No","No","","","1","0","2","","924336354811334676","797920307284934697","1","F","S","S","F","D","F","D","",""
"vhjlwjv","17679","1","Shuuzou Nijimura","Kuroko's Basketball 3","2","Thu, 24 Aug 2023 19:40:58 GMT","1692906058069","10","","","","No","No","","","1","0","2","924336354811334676","924336354811334676","797920307284934697","6","F","S","S","S","A","F","D","",""
"vhjllgg","56116","1","Aram","Chain Chronicle: The Light of Haecceitas","2","Thu, 24 Aug 2023 19:05:15 GMT","1692903915886","6","","","","No","No","","","1","0","2","924336354811334676","924336354811334676","797920307284934697","4","F","S","S","S","S","F","D","",""
"vhj95gd","2262","5","Ren Tao","Shaman King","3","Thu, 24 Aug 2023 18:06:24 GMT","1692900384787","81","","","","No","No","","","7","0","3","924336354811334676","924336354811334676","797920307284934697","51","F","S","S","S","S","F","B","",""
"vhjfphp","18171","1","Yamato Kai","Project Scard: Praeter no Kizu","0","Thu, 24 Aug 2023 17:53:37 GMT","1692899617805","1","","","","No","No","","","1","0","0","688687114128588823","924336354811334676","797920307284934697","0","F","S","S","F","C","F","D","",""
"vhj9b7p","56464","1","Ryuuki Shi","Saiunkoku Monogatari","4","Thu, 24 Aug 2023 17:25:59 GMT","1692897959234","9","","","","No","No","","","1","0","4","","924336354811334676","797920307284934697","4","F","S","S","F","F","F","D","",""
"vhj90g9","40781","1","Narita","Granblue Fantasy","2","Thu, 24 Aug 2023 16:43:01 GMT","1692895381246","8","","","","No","No","","","1","0","2","737980149995274240","924336354811334676","797920307284934697","4","F","S","S","F","F","F","C","",""
"vhj383n","10442","2","Conwell","Epic Seven","1","Thu, 24 Aug 2023 15:00:33 GMT","1692889233833","9","","","","No","No","","","1","0","1","924336354811334676","924336354811334676","797920307284934697","5","F","S","S","S","B","F","B","",""
"vhjpslm","29444","2","Corkus","Berserk","4","Thu, 24 Aug 2023 13:31:09 GMT","1692883869868","88","","","","No","No","","","4","0","4","924336354811334676","924336354811334676","797920307284934697","51","F","S","S","S","A","F","C","",""
"vhj4sp1","56396","1","Wataru Nakabayashi","Shirobako","0","Thu, 24 Aug 2023 12:47:55 GMT","1692881275962","1","","","","No","No","","","1","0","0","924336354811334676","924336354811334676","797920307284934697","0","F","S","S","S","A","F","D","",""
"vhjpjrf","56667","1","Zero Shinagawa","Dorei-ku the Animation","0","Thu, 24 Aug 2023 12:22:53 GMT","1692879773636","1","","","","No","No","","","0","0","0","737980149995274240","737980149995274240","797920307284934697","0","F","S","F","F","F","F","D","",""
"vhjzc6l","55999","1","Teo Colton","Dame x Prince Anime Caravan","2","Thu, 24 Aug 2023 11:58:30 GMT","1692878310710","3","","","","No","No","","","1","0","2","","924336354811334676","797920307284934697","1","F","S","S","F","B","F","D","",""
"vhj42cp","55703","1","Lach Velariore","The Legend of the Legendary Heroes: Iris Report","1","Thu, 24 Aug 2023 11:05:29 GMT","1692875129395","1","","","","No","No","","","1","0","1","688687114128588823","924336354811334676","797920307284934697","0","F","S","S","F","F","F","D","",""
"vhj4rx8","18775","2","Satetsu","The Vampire Dies in No Time","3","Thu, 24 Aug 2023 10:48:28 GMT","1692874108950","36","","","","No","No","","","1","0","3","924336354811334676","924336354811334676","797920307284934697","23","F","S","S","S","A","F","C","",""
"vhj169z","56670","1","Kouichi Azuma","You and Me.","3","Thu, 24 Aug 2023 09:39:48 GMT","1692869988668","3","","","","No","No","","","1","0","3","924336354811334676","924336354811334676","797920307284934697","1","F","S","S","S","S","F","D","",""
"vhjwz7w","56255","1","Suguru Koshigaya","Non Non Biyori","0","Wed, 23 Aug 2023 23:35:33 GMT","1692833733954","1","","","","No","No","","","1","0","0","924336354811334676","924336354811334676","797920307284934697","0","F","S","S","S","B","F","D","",""
"vhjhpzt","14082","1","Takuya Yamamoto","Tokyo Revengers","4","Wed, 23 Aug 2023 22:59:06 GMT","1692831546578","158","","","","No","No","","","2","0","4","924336354811334676","924336354811334676","797920307284934697","91","F","S","S","S","S","F","D","",""
"vhjh120","56418","1","Iku Kasahara","Toshokan Sensou: Kakumei no Tsubasa","2","Wed, 23 Aug 2023 21:55:59 GMT","1692827759335","1","","","","No","No","","","1","0","2","","924336354811334676","797920307284934697","0","F","S","S","F","B","F","D","",""
"vhjqxps","4510","3","Karamatsu Matsuno","Osomatsu-kun (1988)","1","Wed, 23 Aug 2023 21:41:41 GMT","1692826901666","11","","","","No","No","","","12","0","1","","924336354811334676","797920307284934697","6","F","S","S","F","F","F","B","",""
"vhjhn9c","51242","1","Hapi","Show by Rock!!#","2","Wed, 23 Aug 2023 21:37:37 GMT","1692826657247","3","","","","No","No","","","1","0","2","924336354811334676","924336354811334676","797920307284934697","1","F","S","S","S","A","F","D","",""
"vhjhwf7","56212","1","Liu Mi","Bloodivores","1","Wed, 23 Aug 2023 21:06:34 GMT","1692824794601","3","","","","No","No","","","1","0","1","924336354811334676","924336354811334676","797920307284934697","1","F","S","S","S","S","F","D","",""
"vhjqk0r","56316","1","Gegenhuber Griesela","Kyo Kara Maoh!","3","Wed, 23 Aug 2023 20:53:48 GMT","1692824028384","3","","","","No","No","","","1","0","3","737980149995274240","924336354811334676","797920307284934697","1","F","S","S","F","F","F","D","",""
"vhjmfsm","14662","2","Hikari Sakishima","Nagi no Asukara","2","Wed, 23 Aug 2023 18:59:51 GMT","1692817191310","24","","","","No","No","","","6","0","2","","924336354811334676","797920307284934697","13","F","S","S","F","B","F","D","",""
"vhjvpxw","56117","1","Natsuhiko Nakanohara","Persona 5 the Animation","0","Wed, 23 Aug 2023 18:47:18 GMT","1692816438626","1","","","","No","No","","","1","0","0","924336354811334676","924336354811334676","797920307284934697","0","F","S","S","S","A","F","D","",""
"vhbx2ps","56263","1","Nenene Fujiwara","Code:Breaker","0","Wed, 23 Aug 2023 14:56:13 GMT","1692802573693","1","","","","No","No","","","1","0","0","924336354811334676","924336354811334676","797920307284934697","0","F","S","S","S","A","F","D","",""
"vhbxs6q","2116","5","Seiji Shingen","The iDOLM@STER SideM","4","Wed, 23 Aug 2023 14:17:16 GMT","1692800236753","97","","","","No","No","","","1","0","4","924336354811334676","924336354811334676","797920307284934697","60","F","S","S","S","A","F","B","",""
"vhbd3m8","45429","1","Young Hair Matrix Cell","Cells at Work!!","4","Wed, 23 Aug 2023 13:03:36 GMT","1692795816593","23","","","","No","No","","","1","0","4","924336354811334676","924336354811334676","797920307284934697","15","F","S","S","S","S","F","C","",""
"vhbd7dp","56355","1","Kouya","Kekkaishi","2","Wed, 23 Aug 2023 12:28:31 GMT","1692793711812","3","","","","No","No","","","1","0","2","1058805575317733477","924336354811334676","797920307284934697","1","F","S","S","F","F","F","D","",""
"vhbd9cb","46084","1","Du","Honkai Impact 3rd","2","Wed, 23 Aug 2023 12:16:18 GMT","1692792978057","13","","","","No","No","","","1","0","2","924336354811334676","924336354811334676","797920307284934697","5","F","S","S","S","B","F","C","",""
"vhbdt1q","55822","1","Kyuuta's Father","The Boy and the Beast","2","Wed, 23 Aug 2023 11:38:08 GMT","1692790688311","2","","","","No","No","","","0","0","2","737980149995274240","737980149995274240","797920307284934697","1","F","S","F","F","A","F","D","",""
"vhb7ssp","56064","1","Schwein","And you thought there is never a girl online?","2","Wed, 23 Aug 2023 10:54:23 GMT","1692788063611","5","","","","No","No","","","1","0","2","924336354811334676","924336354811334676","797920307284934697","1","F","S","S","S","A","F","D","",""
"vhbtb6d","17386","3","Deflotte Denois","Hortensia Saga","3","Wed, 23 Aug 2023 09:35:52 GMT","1692783352319","31","","","","No","No","","","0","0","3","924336354811334676","924336354811334676","797920307284934697","20","F","S","S","S","S","F","C","",""
"vhbrss0","31761","1","Tomoki Iwahashi","Tsukimichi: Moonlit Fantasy","2","Wed, 23 Aug 2023 00:07:43 GMT","1692749263961","5","","","","No","No","","","1","0","2","924336354811334676","924336354811334676","797920307284934697","1","F","S","S","S","F","F","C","",""
"vhbptrx","56227","1","Zess","Break Blade Movie 2: Ketsubetsu no Michi","0","Tue, 22 Aug 2023 22:56:32 GMT","1692744992824","1","","","","No","No","","","1","0","0","1058805575317733477","1058805575317733477","797920307284934697","0","F","S","F","F","A","F","D","",""
"vhbpdnj","56287","1","Jin Tsukamoto","Clean Freak! Aoyama-kun","2","Tue, 22 Aug 2023 22:54:49 GMT","1692744889734","1","","","","No","No","","","0","0","2","737980149995274240","924336354811334676","797920307284934697","0","F","S","S","F","F","F","D","",""
"vhb48cg","56017","1","Ikoma","Shadow Star Narutaru","3","Tue, 22 Aug 2023 22:18:34 GMT","1692742714906","1","","","","No","No","","","0","0","3","737980149995274240","924336354811334676","797920307284934697","0","F","S","S","F","D","F","D","",""
"vhb45ng","33016","2","Kyouya Takamachi","Triangle Heart ~Sweet Songs Forever~","2","Tue, 22 Aug 2023 22:06:08 GMT","1692741968826","12","","","","No","No","","","0","0","2","924336354811334676","924336354811334676","797920307284934697","6","F","S","S","S","S","F","C","",""
"vhb48j7","13360","3","Yami Yugi","Yu-Gi-Oh! Duel Monsters","3","Tue, 22 Aug 2023 21:29:56 GMT","1692739796585","150","","","","No","No","","","236","0","3","924336354811334676","924336354811334676","797920307284934697","86","F","S","S","S","A","F","D","",""
"vhb4765","56182","1","Si Xu","Hitori no Shita: The Outcast","1","Tue, 22 Aug 2023 21:08:57 GMT","1692738537778","1","","","","No","No","","","1","0","1","","924336354811334676","797920307284934697","0","F","S","S","F","F","F","D","",""
"vhbz5ld","56564","1","Akatsuki Kisaragi","Future Card Buddyfight","1","Tue, 22 Aug 2023 19:16:25 GMT","1692731785069","2","","","","No","No","","","1","0","1","","924336354811334676","797920307284934697","1","F","S","S","F","S","F","D","",""
"vhb1mtk","56113","1","Ratio","Hamatora","2","Tue, 22 Aug 2023 19:00:56 GMT","1692730856712","6","","","","No","No","","","8","0","2","1058805575317733477","1058805575317733477","797920307284934697","4","F","S","F","F","A","F","D","",""
"vhb1n5h","56562","1","Keisuke Hijikata","Strike Witches","3","Tue, 22 Aug 2023 18:54:43 GMT","1692730483526","2","","","","No","No","","","0","0","3","924336354811334676","924336354811334676","797920307284934697","1","F","S","S","S","A","F","D","",""
"vhbnq6r","56176","1","Grandson","Canaan","2","Tue, 22 Aug 2023 17:22:30 GMT","1692724950934","1","","","","No","No","","","0","0","2","924336354811334676","1058805575317733477","797920307284934697","0","F","S","F","S","F","F","D","",""
"vhbnq6p","55436","1","Kerbes Yoh","Gundam Reconguista in G","2","Tue, 22 Aug 2023 17:20:39 GMT","1692724839276","1","","","","No","No","","","0","0","2","924336354811334676","924336354811334676","797920307284934697","0","F","S","S","S","A","F","D","",""
"vhbj8jj","56187","1","Ginjirou Maruoka","Durarara!! Specials","1","Tue, 22 Aug 2023 16:43:15 GMT","1692722595565","1","","","","No","No","","","1","0","1","924336354811334676","924336354811334676","797920307284934697","0","F","S","S","S","A","F","D","",""
"vhbjv90","52304","1","Judge B","Full Moon wo Sagashite","3","Tue, 22 Aug 2023 16:26:48 GMT","1692721608039","2","","","","No","No","","","0","0","3","737980149995274240","924336354811334676","797920307284934697","1","F","S","S","F","B","F","D","",""
"vhbj591","53707","1","Nuregarasu","Nura: Rise of the Youkai Clan OVA","1","Tue, 22 Aug 2023 16:11:45 GMT","1692720705270","1","","","","No","No","","","0","0","1","924336354811334676","924336354811334676","797920307284934697","0","F","S","S","S","B","F","D","",""
"vhbbl8x","56011","1","Aoi Fukasaku","Coppelion","2","Tue, 22 Aug 2023 15:52:53 GMT","1692719573348","2","","","","No","No","","","1","0","2","737980149995274240","924336354811334676","797920307284934697","1","F","S","S","F","B","F","D","",""
"vhbj2zv","10448","1","Arakanta","Genshin Impact","3","Tue, 22 Aug 2023 15:38:48 GMT","1692718728230","48","","","","No","No","genshin","","1","0","3","1058805575317733477","1058805575317733477","797920307284934697","28","F","S","F","F","A","F","B","",""
"vhbbd55","56098","1","Raven","Earl and Fairy","2","Tue, 22 Aug 2023 15:38:08 GMT","1692718688668","2","","","","No","No","","","1","0","2","924336354811334676","924336354811334676","797920307284934697","1","F","S","S","S","A","F","D","",""
"vhb5jpc","56433","1","Cao Cao","Osomatsu-san 2nd Season","4","Tue, 22 Aug 2023 14:30:28 GMT","1692714628355","6","","","","No","No","","","1","0","4","1058805575317733477","924336354811334676","797920307284934697","4","F","S","S","F","D","F","D","",""
"vhb5x2q","56318","1","Grimlock","Sword Art Online","2","Tue, 22 Aug 2023 14:28:19 GMT","1692714499769","8","","","","No","No","","","1","0","2","924336354811334676","924336354811334676","797920307284934697","4","F","S","S","S","B","F","D","",""
"vhbw8zm","56376","1","Gion Toranosuke","No Money","3","Tue, 22 Aug 2023 12:37:48 GMT","1692707868457","4","","","","No","No","","","1","0","3","924336354811334676","924336354811334676","797920307284934697","1","F","S","S","S","B","F","D","",""
"vhb2316","56172","1","Takayoshi Asano","Blade of the Immortal","2","Tue, 22 Aug 2023 11:35:53 GMT","1692704153701","2","","","","No","No","","","0","0","2","924336354811334676","924336354811334676","797920307284934697","1","F","S","S","S","F","F","D","",""
"vhbhvkc","56607","1","Kaito Onogi","Tsurune","4","Tue, 22 Aug 2023 09:25:46 GMT","1692696346151","11","","","","No","No","","","1","0","4","688687114128588823","737980149995274240","797920307284934697","5","F","S","F","F","F","F","D","",""
"vhbhr9c","32184","2","Enki","Symphogear XV","1","Tue, 22 Aug 2023 09:25:04 GMT","1692696304684","7","","","","No","No","","","0","0","1","737980149995274240","737980149995274240","797920307284934697","4","F","S","F","F","A","F","C","",""
"vhb2049","56218","1","Oda","Junji Ito Collection","1","Tue, 22 Aug 2023 09:24:40 GMT","1692696280578","1","","","","No","No","","","0","0","1","924336354811334676","924336354811334676","797920307284934697","0","F","S","S","S","A","F","D","",""
"vhb0z0x","56411","1","Koichiro Ota","Gunbuster","2","Tue, 22 Aug 2023 05:47:25 GMT","1692683245466","1","","","","No","No","","","1","0","2","924336354811334676","924336354811334676","797920307284934697","0","F","S","S","S","A","F","D","",""
"vh5s9sm","56627","1","Hitoshi Takizawa","Triage X","2","Mon, 21 Aug 2023 23:33:02 GMT","1692660782660","1","","","","No","No","","","1","0","2","924336354811334676","924336354811334676","797920307284934697","0","F","S","S","S","F","F","D","",""
"vh5sd3f","56268","1","Huntley Hunter","Chocolate Underground","3","Mon, 21 Aug 2023 23:30:35 GMT","1692660635027","3","","","","No","No","","","0","0","3","688687114128588823","924336354811334676","797920307284934697","1","F","S","S","F","F","F","D","",""
"vh5sl69","56445","1","Kamehameha","Ranma ½","2","Mon, 21 Aug 2023 23:00:05 GMT","1692658805541","6","","","","No","No","","","1","0","2","924336354811334676","924336354811334676","797920307284934697","4","F","S","S","S","A","F","D","",""
"vh57p64","54650","1","Ryuunosuke Eda","Smile Down the Runway","1","Mon, 21 Aug 2023 21:42:58 GMT","1692654178668","2","","","","No","No","","","0","0","1","924336354811334676","924336354811334676","797920307284934697","1","F","S","S","S","A","F","D","",""
"vh5dkvh","56385","1","Shima Kaidou","Super Lovers","1","Mon, 21 Aug 2023 21:06:02 GMT","1692651962666","1","","","","No","No","","","1","0","1","924336354811334676","924336354811334676","797920307284934697","0","F","S","S","S","A","F","D","",""
"vh57lml","45098","1","The Third Mizukage","Naruto Shippuden","1","Mon, 21 Aug 2023 20:31:27 GMT","1692649887480","8","","","","No","No","","","2","0","1","","737980149995274240","797920307284934697","4","F","S","F","F","F","F","C","",""
"vh57m2d","56250","1","Jiro Gamou","Joker Game","2","Mon, 21 Aug 2023 20:25:17 GMT","1692649517649","1","","","","No","No","","","0","0","2","924336354811334676","924336354811334676","797920307284934697","0","F","S","S","S","A","F","D","",""
"vh5ts0s","7942","3","Yubel","Yu-Gi-Oh! GX","2","Mon, 21 Aug 2023 19:54:59 GMT","1692647699098","31","","","","No","No","","","11","0","2","924336354811334676","924336354811334676","797920307284934697","20","F","S","S","S","A","F","C","",""
"vh5ld0j","16528","1","Gaspard Herbet","Tales of Luminaria","0","Mon, 21 Aug 2023 19:10:06 GMT","1692645006397","2","","","","No","No","","","1","0","0","737980149995274240","924336354811334676","797920307284934697","1","F","S","S","F","B","F","B","",""
"vh5tb20","8181","3","Brutus","Doraemon: Nobita and the Haunts of Evil","3","Mon, 21 Aug 2023 18:31:03 GMT","1692642663820","30","","","","No","No","","","1","1","3","688687114128588823","924336354811334676","797920307284934697","19","F","S","S","F","A","D","C","",""
"vh58h07","14490","2","Otto Heckel","Monster","3","Mon, 21 Aug 2023 18:08:50 GMT","1692641330248","22","","","","No","No","monster","","1","1","3","737980149995274240","737980149995274240","797920307284934697","11","F","S","F","F","B","D","D","",""
"vh5lsht","14706","2","Gonzalez","Fire Emblem: The Binding Blade","2","Mon, 21 Aug 2023 18:02:06 GMT","1692640926921","15","","","","No","No","","","1","0","2","924336354811334676","924336354811334676","797920307284934697","9","F","S","S","S","A","F","C","",""
"vh5f6jd","55972","1","Shiro Mibu","SoulTaker","2","Mon, 21 Aug 2023 17:28:51 GMT","1692638931808","1","","","","No","No","","","0","0","2","924336354811334676","924336354811334676","797920307284934697","0","F","S","S","S","A","F","D","",""
"vh5fp82","7483","2","Tetsuya Mikami","Engage Kiss","3","Mon, 21 Aug 2023 16:28:57 GMT","1692635337546","28","","","","No","No","","","0","0","3","924336354811334676","924336354811334676","797920307284934697","18","F","S","S","S","B","F","B","",""
"vh5fjs9","1885","1","Bertrand","The Alchemist Code","1","Mon, 21 Aug 2023 16:28:29 GMT","1692635309594","3","","","","No","No","","","1","0","1","737980149995274240","737980149995274240","797920307284934697","1","F","S","F","F","A","F","A","",""
"vh5901r","55973","1","Ryouhei Shibano","Yotsuiro Biyori","1","Mon, 21 Aug 2023 15:48:38 GMT","1692632918567","1","","","","No","No","","","0","0","1","924336354811334676","924336354811334676","797920307284934697","0","F","S","S","S","A","F","D","",""
"vh595ms","5942","4","Dr. Mikamura","Mobile Fighter G Gundam","4","Mon, 21 Aug 2023 15:06:27 GMT","1692630387052","58","","","","No","No","","","1","0","4","924336354811334676","924336354811334676","797920307284934697","34","F","S","S","S","F","F","C","",""
"vh5g5l2","56124","1","Ryuuta Sugisaki","Mitsudomoe","4","Mon, 21 Aug 2023 14:35:17 GMT","1692628517926","9","","","","No","No","","","1","0","4","924336354811334676","924336354811334676","797920307284934697","4","F","S","S","S","F","F","D","",""
"vh538l6","18258","3","Evangelion Unit 03","Neon Genesis Evangelion","0","Mon, 21 Aug 2023 13:39:39 GMT","1692625179565","8","","","","No","No","","","11","0","0","688687114128588823","924336354811334676","797920307284934697","4","F","S","S","F","F","F","C","",""
"vh5rl9r","1389","1","Magnus","The Alchemist Code","0","Mon, 21 Aug 2023 12:55:35 GMT","1692622535159","6","","","","No","No","","","1","0","0","924336354811334676","688687114128588823","797920307284934697","4","F","S","F","S","F","F","C","",""
"vh53blg","12232","3","Nico Robin","One Piece","3","Mon, 21 Aug 2023 12:32:29 GMT","1692621149621","172","","","","No","No","","","2327","0","3","","924336354811334676","797920307284934697","85","F","S","S","F","D","F","D","",""
"vh53vlr","56238","1","Ei Oreki","Piace: Watashi no Italian","0","Mon, 21 Aug 2023 12:20:57 GMT","1692620457018","1","","","","No","No","","","1","0","0","737980149995274240","737980149995274240","797920307284934697","0","F","S","F","F","A","F","D","",""
"vh5rm1q","56062","1","Antiquary","Elegant Youkai Apartment Life","2","Mon, 21 Aug 2023 12:19:49 GMT","1692620389019","1","","","","No","No","","","0","0","2","924336354811334676","924336354811334676","797920307284934697","0","F","S","S","S","A","F","D","",""
"vh5pwd4","33080","2","Daiki Tomita","When They Cry: Higurashi","2","Mon, 21 Aug 2023 11:13:01 GMT","1692616381094","14","","","","No","No","","","1","0","2","1058805575317733477","1058805575317733477","797920307284934697","9","F","S","F","F","A","F","C","",""
"vh5pnfg","22420","1","Akio Mutou","Katawa Shoujo","2","Mon, 21 Aug 2023 11:06:58 GMT","1692616018018","2","","","","No","No","","","1","0","2","688687114128588823","924336354811334676","797920307284934697","1","F","S","S","F","C","F","C","",""
"vh5rm08","12021","1","Royby","Sakugan","2","Mon, 21 Aug 2023 10:46:19 GMT","1692614779785","4","","","","No","No","","","0","0","2","737980149995274240","924336354811334676","797920307284934697","1","F","S","S","F","F","F","B","",""
"vh5k8nl","27907","1","Toilet Apparition","Mieruko-chan","3","Mon, 21 Aug 2023 00:56:23 GMT","1692579383722","21","","","","No","No","","","9","0","3","924336354811334676","924336354811334676","797920307284934697","14","F","S","S","S","B","F","C","",""
"vh552cs","14952","3","Jun Kitagawa","Kanon (2006)","2","Mon, 21 Aug 2023 00:18:51 GMT","1692577131617","16","","","","No","No","","","1","0","2","924336354811334676","924336354811334676","797920307284934697","9","F","S","S","S","A","F","C","",""
"vh5w4dj","24218","2","Eiji Oji","The World Ends with You","2","Sun, 20 Aug 2023 22:14:23 GMT","1692569663087","20","","","","No","No","","","1","1","2","1058805575317733477","1058805575317733477","797920307284934697","11","F","S","F","F","S","D","C","",""
"vh5w4d1","56166","1","Fake Ryuubi Gentoku","Koihime Musou","0","Sun, 20 Aug 2023 22:13:56 GMT","1692569636232","1","","","","No","No","","","0","0","0","1058805575317733477","737980149995274240","797920307284934697","0","F","S","F","F","F","F","D","",""
"vh52vtp","56102","1","Mikito Urie","Tokyo Ghoul:re 2nd Season","2","Sun, 20 Aug 2023 21:43:26 GMT","1692567806589","6","","","","No","No","","","1","0","2","924336354811334676","924336354811334676","797920307284934697","4","F","S","S","S","A","F","D","",""
"vh5q57n","56096","1","Hikoichi","A Certain Scientific Railgun S","2","Sun, 20 Aug 2023 19:30:15 GMT","1692559815478","1","","","","No","No","","","1","0","2","924336354811334676","924336354811334676","797920307284934697","0","F","S","S","S","C","F","D","",""
"vh505ml","56174","1","India","Hetalia: The Beautiful World","0","Sun, 20 Aug 2023 19:09:52 GMT","1692558592883","1","","","","No","No","","","2","0","0","737980149995274240","737980149995274240","797920307284934697","0","F","S","F","F","A","F","D","",""
"vh50j1c","33551","1","Norisuke Higashikata IV","JoJo's Bizarre Adventure: JoJolion","2","Sun, 20 Aug 2023 18:02:23 GMT","1692554543881","23","","","","No","No","","","1","0","2","924336354811334676","924336354811334676","797920307284934697","15","F","S","S","S","A","F","C","",""
"vh5vg39","55597","1","Cicindi","Alderamin on the Sky","1","Sun, 20 Aug 2023 17:34:32 GMT","1692552872533","1","","","","No","No","","","0","0","1","1058805575317733477","924336354811334676","797920307284934697","0","F","S","S","F","B","F","D","",""
"vh5v573","56387","1","Yutaka Tamaru","The Melancholy of Haruhi Suzumiya","1","Sun, 20 Aug 2023 17:32:21 GMT","1692552741739","1","","","","No","No","","","1","0","1","924336354811334676","924336354811334676","797920307284934697","0","F","S","S","S","A","F","D","",""
"vh5v2hw","17588","2","Byakuya Togami","Danganronpa: The Animation","3","Sun, 20 Aug 2023 16:53:43 GMT","1692550423688","132","","","","No","No","","","85","0","3","","924336354811334676","797920307284934697","63","F","S","S","F","F","F","D","",""
"vh5mq09","2842","5","Saruhiko Fushimi","K-Project","2","Sun, 20 Aug 2023 16:49:56 GMT","1692550196495","39","","","","No","No","","","14","1","2","1058805575317733477","1058805575317733477","797920307284934697","25","F","S","F","F","A","D","B","",""
"vh5m79h","55728","1","Ken Minai","PES: Peace Eco Smile","0","Sun, 20 Aug 2023 16:22:50 GMT","1692548570534","1","","","","No","No","","","0","0","0","737980149995274240","737980149995274240","797920307284934697","0","F","S","F","F","B","F","D","",""
"vhkczdl","8259","4","Dou Dou","Link Click","2","Sun, 20 Aug 2023 16:13:50 GMT","1692548030350","24","","","","No","No","","","1","0","2","924336354811334676","924336354811334676","797920307284934697","15","F","S","S","S","B","F","C","",""
"vh5m95l","56422","1","Sasuke Sarutobi","Sengoku Night Blood","3","Sun, 20 Aug 2023 16:01:28 GMT","1692547288882","9","","","","No","No","","","1","0","3","","924336354811334676","797920307284934697","4","F","S","S","F","C","F","D","",""
"vh5mf0n","56121","1","Airi's Father","ERASED","2","Sun, 20 Aug 2023 15:38:53 GMT","1692545933198","5","","","","No","No","","","1","0","2","","737980149995274240","797920307284934697","1","F","S","F","F","B","F","D","",""
"vhkcsc0","2397","5","Archer","Fate/stay night","3","Sun, 20 Aug 2023 15:25:13 GMT","1692545113374","136","","","","No","No","","","131","0","3","1058805575317733477","1058805575317733477","797920307284934697","80","F","S","F","F","S","F","B","",""
"vhk6x48","56255","1","Shokudaikiri Mitsutada","Katsugeki! Touken Ranbu","2","Sun, 20 Aug 2023 15:09:55 GMT","1692544195858","6","","","","No","No","","","2","0","2","924336354811334676","924336354811334676","797920307284934697","4","F","S","S","S","A","F","D","",""
"vhk6ts9","56252","1","Chihiro Takatsukasa","Kirepapa","2","Sun, 20 Aug 2023 14:57:57 GMT","1692543477673","1","","","","No","No","","","0","0","2","1058805575317733477","1058805575317733477","797920307284934697","0","F","S","F","F","F","F","D","",""
"vhkxtk0","56260","1","Togari","Hunter x Hunter","3","Sun, 20 Aug 2023 14:36:05 GMT","1692542165726","19","","","","No","No","","","1","0","3","924336354811334676","737980149995274240","797920307284934697","11","F","S","F","S","F","F","D","",""
"vhkxtkm","8509","4","Gundham Tanaka","Danganronpa 2: Goodbye Despair","2","Sun, 20 Aug 2023 14:33:08 GMT","1692541988581","61","","","","No","No","","","79","0","2","924336354811334676","924336354811334676","797920307284934697","36","F","S","S","S","A","F","C","",""
"vhk6szd","51789","1","Jun","Seiso de Majime na Kanojo ga, Saikyou Yaricir ni Kanyuu Saretara...? The Animation","3","Sun, 20 Aug 2023 14:21:23 GMT","1692541283207","6","","","","No","No","","","0","0","3","","924336354811334676","797920307284934697","4","F","S","S","F","A","F","D","",""
"vhk66fp","55902","1","Shin Sagae","Free! Dive to the Future","0","Sun, 20 Aug 2023 14:21:14 GMT","1692541274850","1","","","","No","No","","","0","0","0","737980149995274240","737980149995274240","797920307284934697","0","F","S","F","F","F","F","D","",""
"vhk6wdt","56192","1","Hyokutsu no Judgeness","The Lost Village","1","Sun, 20 Aug 2023 14:06:09 GMT","1692540369919","1","","","","No","No","","","1","0","1","1058805575317733477","1058805575317733477","797920307284934697","0","F","S","F","F","F","F","D","",""
"vhk6340","15013","2","Agawa","The Disastrous Life of Saiki K.","0","Sun, 20 Aug 2023 14:04:54 GMT","1692540294545","5","","","","No","No","","","1","0","0","737980149995274240","737980149995274240","797920307284934697","1","F","S","F","F","A","F","C","",""
"vhk6rpw","56073","1","Keisaku Satou","Shakugan no Shana","4","Sun, 20 Aug 2023 13:14:51 GMT","1692537291420","9","","","","No","No","","","1","0","4","1058805575317733477","924336354811334676","797920307284934697","4","F","S","S","F","A","F","D","",""
"vhkxks8","56147","1","Marcus Lithos","Sword Gai: The Animation Part II","3","Sun, 20 Aug 2023 13:05:02 GMT","1692536702493","6","","","","No","No","","","1","0","3","924336354811334676","737980149995274240","797920307284934697","4","F","S","F","S","B","F","D","",""
"vhkxv08","56289","1","Uten","Needless","2","Sun, 20 Aug 2023 13:04:40 GMT","1692536680190","3","","","","No","No","","","1","0","2","737980149995274240","924336354811334676","797920307284934697","1","F","S","S","F","B","F","D","",""
"vhks1m1","55648","1","Masato","Shuffle!","1","Sun, 20 Aug 2023 12:49:57 GMT","1692535797451","1","","","","No","No","","","1","0","1","688687114128588823","924336354811334676","797920307284934697","0","F","S","S","F","C","F","D","",""
"vhksspf","11977","3","Vholran Igniseri","Tales of Arise","4","Sun, 20 Aug 2023 12:16:06 GMT","1692533766742","109","","","","No","No","","","2","0","4","924336354811334676","1058805575317733477","797920307284934697","54","F","S","F","S","F","F","C","",""
"vhks034","6862","3","Matahiko Nekota","Uramichi Oniisan","1","Sun, 20 Aug 2023 12:14:18 GMT","1692533658833","10","","","","No","No","","","1","1","1","737980149995274240","737980149995274240","797920307284934697","8","F","S","F","F","A","D","C","",""
"vhkssp3","19979","2","Arata Wataya","Chihayafuru","1","Sun, 20 Aug 2023 12:13:39 GMT","1692533619293","11","","","","No","No","","","3","0","1","924336354811334676","924336354811334676","797920307284934697","5","F","S","S","S","B","F","D","",""
"vhksgx9","8538","4","John Steinbeck","Bungou Stray Dogs 2nd Season","2","Sun, 20 Aug 2023 12:03:34 GMT","1692533014024","33","","","","No","No","","","1","0","2","","924336354811334676","797920307284934697","18","F","S","S","F","F","F","C","",""
"vhks8x7","17488","1","Nozomu Igarashi","Aikatsu Stars!","1","Sun, 20 Aug 2023 11:51:23 GMT","1692532283559","1","","","","No","No","","","0","0","1","","737980149995274240","797920307284934697","0","F","S","F","F","C","F","D","",""
"vhksxjn","56088","1","Keiji Hase","Elegant Youkai Apartment Life","2","Sun, 20 Aug 2023 11:43:24 GMT","1692531804424","1","","","","No","No","","","0","0","2","","924336354811334676","797920307284934697","0","F","S","S","F","A","F","D","",""
"vhkxhjn","56039","1","Arturo Tronco","91 Days","2","Sun, 20 Aug 2023 11:33:09 GMT","1692531189500","2","","","","No","No","","","1","0","2","924336354811334676","1058805575317733477","797920307284934697","1","F","S","F","S","F","F","D","",""
"vhkxhjb","56116","1","Masashi Nishioka","Fune wo Amu","1","Sun, 20 Aug 2023 11:32:02 GMT","1692531122324","1","","","","No","No","","","0","0","1","924336354811334676","924336354811334676","797920307284934697","0","F","S","S","S","A","F","D","",""
"vhks7hp","56072","1","Kirito Kamui","Psycho-Pass 2","1","Sun, 20 Aug 2023 11:21:19 GMT","1692530479108","3","","","","No","No","","","1","0","1","737980149995274240","924336354811334676","797920307284934697","1","F","S","S","F","A","F","D","",""
"vhkdfnc","13506","3","Julian Danglars","Gankutsuou: The Count of Monte Cristo","2","Sun, 20 Aug 2023 11:10:34 GMT","1692529834495","12","","","","No","No","","","1","0","2","","924336354811334676","797920307284934697","5","F","S","S","F","F","F","C","",""
"vhkdx42","31984","2","Earl Grey Tea","Food Fantasy","1","Sun, 20 Aug 2023 11:06:14 GMT","1692529574304","15","","","","No","No","","","3","0","1","1058805575317733477","1058805575317733477","797920307284934697","8","F","S","F","F","S","F","D","",""
"vhkdwxn","56227","1","Alessandro Xviii","Trinity Blood","1","Sun, 20 Aug 2023 10:59:08 GMT","1692529148007","1","","","","No","No","","","1","0","1","924336354811334676","737980149995274240","797920307284934697","0","F","S","F","S","D","F","D","",""
"vhkdwxj","2445","5","Gaara","Naruto","0","Sun, 20 Aug 2023 10:58:42 GMT","1692529122839","20","","","","No","No","","","215","0","0","924336354811334676","924336354811334676","797920307284934697","15","F","S","S","S","B","F","B","",""
"vhkr83t","13473","3","Yato","Noragami","1","Sun, 20 Aug 2023 01:16:34 GMT","1692494194125","40","","","","No","No","","","448","0","1","924336354811334676","924336354811334676","797920307284934697","24","F","S","S","S","A","F","D","",""
"vhk35zj","56155","1","Gi Batos","Spice and Wolf II","1","Sun, 20 Aug 2023 01:02:31 GMT","1692493351395","1","","","","No","No","","","0","0","1","1058805575317733477","924336354811334676","797920307284934697","0","F","S","S","F","F","F","D","",""
"vhkrnsz","7043","3","Aigami","Yu-Gi-Oh!: The Dark Side of Dimensions","2","Sun, 20 Aug 2023 00:31:24 GMT","1692491484880","24","","","","No","No","","","7","0","2","1058805575317733477","1058805575317733477","797920307284934697","13","F","S","F","F","S","F","C","",""
"vhkrr37","1092","5","Kei Sugihara","The Yakuza's Guide to Babysitting","2","Sun, 20 Aug 2023 00:05:10 GMT","1692489910144","35","","","","No","No","","","6","0","2","1058805575317733477","1058805575317733477","797920307284934697","23","F","S","F","F","S","F","A","",""
"vhkrr3s","55840","1","Toneri Ootsutsuki","The Last: Naruto the Movie","0","Sat, 19 Aug 2023 23:57:10 GMT","1692489430437","4","","","","No","No","","","2","0","0","1058805575317733477","737980149995274240","797920307284934697","1","F","S","F","F","F","F","D","",""
"vhkppf3","19532","2","Eiji Higa","The aquatope on white sand","4","Sat, 19 Aug 2023 23:43:29 GMT","1692488609119","63","","","","No","No","","","1","0","4","","924336354811334676","797920307284934697","35","F","S","S","F","C","F","C","",""
"vhkp161","55909","1","Krovanh Olfred","Hundred","1","Sat, 19 Aug 2023 23:11:11 GMT","1692486671436","1","","","","No","No","","","0","0","1","688687114128588823","924336354811334676","797920307284934697","0","F","S","S","F","F","F","D","",""
"vhkpmx6","56201","1","Referee","Levius","2","Sat, 19 Aug 2023 22:48:14 GMT","1692485294442","1","","","","No","No","","","0","0","2","924336354811334676","924336354811334676","797920307284934697","0","F","S","S","S","A","F","D","",""
"vhkpzf8","6551","3","Kou","Code Geass: Genesic Re;Code","4","Sat, 19 Aug 2023 22:37:08 GMT","1692484628024","106","","","","No","No","","","1","0","4","737980149995274240","737980149995274240","797920307284934697","61","F","S","F","F","A","F","B","",""
"vhkpzft","44364","1","Leia","Monster","0","Sat, 19 Aug 2023 22:37:06 GMT","1692484626280","1","","","","No","No","monster","","1","0","0","737980149995274240","924336354811334676","797920307284934697","0","F","S","S","F","F","F","C","",""
"vhkplh2","55820","1","Bernard Cizeta","Chaika: The Coffin Princess","1","Sat, 19 Aug 2023 22:24:29 GMT","1692483869796","1","","","","No","No","","","1","0","1","","924336354811334676","797920307284934697","0","F","S","S","F","C","F","D","",""
"vhk4psb","56009","1","Marnie's Father","When Marnie Was There","2","Sat, 19 Aug 2023 22:09:07 GMT","1692482947676","2","","","","No","No","","","1","0","2","924336354811334676","924336354811334676","797920307284934697","1","F","S","S","S","B","F","D","",""
"vhkzjsz","18547","3","Shin Kamiya","Tekken: Blood Vengeance","1","Sat, 19 Aug 2023 21:38:32 GMT","1692481112513","10","","","","No","No","","","1","0","1","924336354811334676","924336354811334676","797920307284934697","6","F","S","S","S","A","F","C","",""
"vhk4b0l","56410","1","Oobayashi","Captain Tsubasa","1","Sat, 19 Aug 2023 21:22:09 GMT","1692480129766","1","","","","No","No","","","1","0","1","1058805575317733477","924336354811334676","797920307284934697","0","F","S","S","F","B","F","D","",""
"vhkz9sh","56086","1","Kagemune","Sword Art Online","2","Sat, 19 Aug 2023 20:29:07 GMT","1692476947388","9","","","","No","No","","","1","0","2","","737980149995274240","797920307284934697","4","F","S","F","F","F","F","D","",""
"vhk1j2b","53704","1","Tatsurou Akiyama","Taimanin Yukikaze","2","Sat, 19 Aug 2023 20:19:56 GMT","1692476396598","5","","","","No","No","","","1","1","2","1058805575317733477","924336354811334676","797920307284934697","1","F","S","S","F","S","D","D","",""
"vhkn6rh","55964","1","Katsura Uchimura","Ginga e Kickoff!!","1","Sat, 19 Aug 2023 19:37:11 GMT","1692473831922","1","","","","No","No","","","0","0","1","924336354811334676","924336354811334676","797920307284934697","0","F","S","S","S","C","F","D","",""
"vhkjp3j","56087","1","Kazuo Matsuda","Hakata Tonkotsu Ramens","2","Sat, 19 Aug 2023 18:23:29 GMT","1692469409930","1","","","","No","No","","","0","0","2","924336354811334676","924336354811334676","797920307284934697","0","F","S","S","S","B","F","D","",""
"vhkbkb5","56578","1","Tatsuhiro Sato","Welcome to the NHK!","4","Sat, 19 Aug 2023 17:02:22 GMT","1692464542441","14","","","","No","No","","","10","0","4","","737980149995274240","797920307284934697","6","F","S","F","F","F","F","D","",""
"vhkbbsc","18182","3","François Augustin Reynier de Jarjayes","The Rose of Versailles","1","Sat, 19 Aug 2023 16:56:12 GMT","1692464172388","7","","","","No","No","","","1","0","1","924336354811334676","924336354811334676","797920307284934697","4","F","S","S","S","S","F","C","",""
"vhk590b","8303","4","Kyoya Otori","Ouran High School Host Club","2","Sat, 19 Aug 2023 16:28:31 GMT","1692462511405","50","","","","No","No","","","92","0","2","","924336354811334676","797920307284934697","28","F","S","S","F","F","F","C","",""
"vhkbhsf","55816","1","Cafe Manager","Monster Strike","3","Sat, 19 Aug 2023 16:01:18 GMT","1692460878296","2","","","","No","No","","","0","0","3","688687114128588823","924336354811334676","797920307284934697","1","F","S","S","F","F","F","D","",""
"vhkkc4x","56096","1","Suikotsu","InuYasha","2","Sat, 19 Aug 2023 15:51:13 GMT","1692460273217","4","","","","No","No","","","1","0","2","924336354811334676","924336354811334676","797920307284934697","1","F","S","S","S","B","F","D","",""
"vhk5kbs","2809","5","Majima Goro","Yakuza","3","Sat, 19 Aug 2023 15:05:50 GMT","1692457550105","123","","","","No","No","","","308","0","3","924336354811334676","924336354811334676","797920307284934697","79","F","S","S","S","A","F","B","",""
"vhk53zw","56643","1","Droisen","Legend of the Galactic Heroes","3","Sat, 19 Aug 2023 14:51:58 GMT","1692456718647","2","","","","No","No","","","1","0","3","737980149995274240","737980149995274240","797920307284934697","1","F","S","F","F","F","F","D","",""
"vhk53z2","56448","1","Dallaglio Hayward","The Mystic Archives of Dantalian","3","Sat, 19 Aug 2023 14:51:34 GMT","1692456694498","3","","","","No","No","","","0","0","3","737980149995274240","924336354811334676","797920307284934697","1","F","S","S","F","B","F","D","",""
"vhk5zd0","56034","1","Nisroch","As Miss Beelzebub Likes.","2","Sat, 19 Aug 2023 14:35:44 GMT","1692455744062","2","","","","No","No","","","1","0","2","924336354811334676","924336354811334676","797920307284934697","1","F","S","S","S","B","F","D","",""
"vhkks61","17456","1","Sabito","Demon Slayer: Kimetsu no Yaiba","2","Sat, 19 Aug 2023 14:02:46 GMT","1692453766885","76","","","","No","No","","","115","0","2","924336354811334676","924336354811334676","797920307284934697","43","F","S","S","S","A","F","D","",""
"vhkw87l","2737","5","Saku Sasaki","Nijisanji","1","Sat, 19 Aug 2023 12:59:06 GMT","1692449946967","23","","","","No","No","","","6","1","1","924336354811334676","924336354811334676","797920307284934697","15","F","S","S","S","D","D","B","",""
"vhkhm13","16230","1","Xellos Albarna","The Fruit of Evolution: Before I Knew It, My Life Had It Made","2","Sat, 19 Aug 2023 10:56:47 GMT","1692442607588","2","","","","No","No","","","1","0","2","924336354811334676","924336354811334676","797920307284934697","1","F","S","S","S","A","F","B","",""
"vhkh1l9","20502","2","Straze","Epic Seven","2","Sat, 19 Aug 2023 10:25:27 GMT","1692440727857","24","","","","No","No","","","3","0","2","924336354811334676","924336354811334676","797920307284934697","15","F","S","S","S","A","F","D","",""
"vhwx20j","18480","3","Karim Flam","Fire Force","4","Sat, 19 Aug 2023 01:25:39 GMT","1692408339071","149","","","","No","No","","","3","0","4","924336354811334676","924336354811334676","797920307284934697","89","F","S","S","S","A","F","C","",""
"vhws7gn","27144","2","Kazuo Kinoshita","Kanojo, Okarishimasu","2","Fri, 18 Aug 2023 23:53:49 GMT","1692402829373","12","","","","No","No","","","1","0","2","924336354811334676","924336354811334676","797920307284934697","5","F","S","S","S","A","F","C","",""
"vhws993","56244","1","Chikan","Sabagebu!","3","Fri, 18 Aug 2023 23:23:49 GMT","1692401029711","1","","","","No","No","","","0","0","3","924336354811334676","924336354811334676","797920307284934697","0","F","S","S","S","B","F","D","",""
"vhwdfxt","56006","1","Rei Sagami","Kodocha","0","Fri, 18 Aug 2023 22:53:49 GMT","1692399229580","1","","","","No","No","","","1","0","0","1058805575317733477","924336354811334676","797920307284934697","0","F","S","S","F","B","F","D","",""
"vhwd50n","11654","2","Zihark","Fire Emblem: Path of Radiance","2","Fri, 18 Aug 2023 22:48:09 GMT","1692398889417","23","","","","No","No","","","1","0","2","737980149995274240","924336354811334676","797920307284934697","13","F","S","S","F","D","F","C","",""
"vhwdk9z","1108","3","Demon Master","The Daily Life of the Immortal King","2","Fri, 18 Aug 2023 22:36:26 GMT","1692398186784","24","","","","No","No","","","1","0","2","","924336354811334676","797920307284934697","14","F","S","S","F","C","F","A","",""
"vhw7psl","56152","1","Suuchan Seba","W'z","1","Fri, 18 Aug 2023 22:09:44 GMT","1692396584713","1","","","","No","No","","","1","0","1","924336354811334676","924336354811334676","797920307284934697","0","F","S","S","S","A","F","D","",""
"vhw7xwf","2237","5","Gran","Granblue Fantasy the Animation","1","Fri, 18 Aug 2023 21:35:49 GMT","1692394549978","15","","","","No","No","","","2","0","1","688687114128588823","924336354811334676","797920307284934697","9","F","S","S","F","B","F","B","",""
"vhw7hgj","56000","1","Souichirou Tatebayashi","The Pet Girl of Sakurasou","2","Fri, 18 Aug 2023 21:07:31 GMT","1692392851904","2","","","","No","No","","","1","0","2","737980149995274240","737980149995274240","797920307284934697","1","F","S","F","F","A","F","D","",""
"vhw7hgn","53487","1","Dark Magician Knight","Yu-Gi-Oh! Duel Monsters","3","Fri, 18 Aug 2023 21:06:08 GMT","1692392768985","17","","","","No","No","","","1","0","3","737980149995274240","924336354811334676","797920307284934697","6","F","S","S","F","F","F","D","",""
"vhw7ln8","56479","1","Kensuke Tachibana","Tight-rope","1","Fri, 18 Aug 2023 21:04:30 GMT","1692392670225","1","","","","No","No","","","0","0","1","","924336354811334676","797920307284934697","0","F","S","S","F","F","F","D","",""
"vhwtnh1","56134","1","Ryan Brunell","Angel's 3Piece!","2","Fri, 18 Aug 2023 20:29:43 GMT","1692390583744","1","","","","No","No","","","1","0","2","688687114128588823","924336354811334676","797920307284934697","0","F","S","S","F","F","F","D","",""
"vhw8n32","55953","1","Suguru Nishijima","Arata the Legend","2","Fri, 18 Aug 2023 20:18:31 GMT","1692389911447","1","","","","No","No","","","0","0","2","924336354811334676","737980149995274240","797920307284934697","0","F","S","F","S","C","F","D","",""
"vhw8n3h","12792","3","Mikoto Suoh","K-Project","3","Fri, 18 Aug 2023 20:18:09 GMT","1692389889423","83","","","","No","No","","","61","0","3","924336354811334676","924336354811334676","797920307284934697","48","F","S","S","S","A","F","D","",""
"vhw81fx","56046","1","Deelan","Guin Saga","2","Fri, 18 Aug 2023 19:40:07 GMT","1692387607348","1","","","","No","No","","","0","0","2","737980149995274240","737980149995274240","797920307284934697","0","F","S","F","F","D","F","D","",""
"vhw81fs","56147","1","Tsukasa Tohno","Sequence","1","Fri, 18 Aug 2023 19:39:43 GMT","1692387583842","1","","","","No","No","","","0","0","1","737980149995274240","924336354811334676","797920307284934697","0","F","S","S","F","C","F","D","",""
"vhw8j17","56668","1","Ryujiro Sasaki","Samurai Champloo","3","Fri, 18 Aug 2023 19:17:37 GMT","1692386257637","3","","","","No","No","","","0","0","3","924336354811334676","924336354811334676","797920307284934697","1","F","S","S","S","F","F","D","",""
"vhwl7m3","26563","2","Mitsuru Nagano","Slam Dunk","1","Fri, 18 Aug 2023 18:26:02 GMT","1692383162618","7","","","","No","No","","","1","0","1","737980149995274240","924336354811334676","797920307284934697","4","F","S","S","F","A","F","C","",""
"vhwlpq3","56488","1","Furuichi Teraoka","Xam'd: Lost Memories","4","Fri, 18 Aug 2023 18:13:34 GMT","1692382414029","4","","","","No","No","","","0","0","4","924336354811334676","924336354811334676","797920307284934697","1","F","S","S","S","A","F","D","",""
"vhwlghh","17293","2","Otoya Ittoki","Uta no Prince-sama: Maji Love 1000%","2","Fri, 18 Aug 2023 17:50:48 GMT","1692381048484","23","","","","No","No","","","7","0","2","737980149995274240","924336354811334676","797920307284934697","11","F","S","S","F","F","F","D","",""
"vhwlh1h","56068","1","Chris Steinbelt","Hundred","3","Fri, 18 Aug 2023 17:40:45 GMT","1692380445714","6","","","","No","No","","","0","0","3","924336354811334676","924336354811334676","797920307284934697","4","F","S","S","S","B","F","D","",""
"vhwl44b","56197","1","Okumaya","We Rent Tsukumogami","2","Fri, 18 Aug 2023 17:21:49 GMT","1692379309285","1","","","","No","No","","","0","0","2","737980149995274240","737980149995274240","797920307284934697","0","F","S","F","F","F","F","D","",""
"vhwl445","17541","3","Zora Ideale","Black Clover","0","Fri, 18 Aug 2023 17:20:16 GMT","1692379216770","14","","","","No","No","","","35","0","0","737980149995274240","924336354811334676","797920307284934697","8","F","S","S","F","C","F","C","",""
"vhwf7rx","44342","1","Shemel","Monster","4","Fri, 18 Aug 2023 17:07:23 GMT","1692378443870","9","","","","No","No","monster","","1","0","4","924336354811334676","924336354811334676","797920307284934697","4","F","S","S","S","A","F","C","",""
"vhwft3t","7028","2","Shun Makura","Fuuto PI","3","Fri, 18 Aug 2023 16:48:27 GMT","1692377307669","21","","","","No","No","","","0","0","3","","737980149995274240","797920307284934697","11","F","S","F","F","F","F","B","",""
"vhw9pfw","24213","1","Han Chiho","Nijisanji KR","0","Fri, 18 Aug 2023 16:47:46 GMT","1692377266753","4","","","","No","No","","","1","0","0","737980149995274240","924336354811334676","797920307284934697","1","F","S","S","F","B","F","C","",""
"vhwfn2f","50675","1","Chipp Zanuff","Guilty Gear","1","Fri, 18 Aug 2023 16:37:01 GMT","1692376621333","7","","","","No","No","","","6","0","1","924336354811334676","924336354811334676","797920307284934697","4","F","S","S","S","B","F","C","",""
"vhwgzkc","27636","2","Howzer","The Seven Deadly Sins","1","Fri, 18 Aug 2023 15:59:26 GMT","1692374366724","16","","","","No","No","","","2","0","1","924336354811334676","924336354811334676","797920307284934697","8","F","S","S","S","C","F","C","",""
"vhwgz98","55808","1","Tsubasa Yamanami","Shirogane no Ishi Argevollen","4","Fri, 18 Aug 2023 15:38:49 GMT","1692373129560","8","","","","No","No","","","1","0","4","737980149995274240","924336354811334676","797920307284934697","4","F","S","S","F","F","F","D","",""
"vhwgptp","56237","1","Naoyuki Takagi","Seikimatsu Darling","2","Fri, 18 Aug 2023 15:25:03 GMT","1692372303670","1","","","","No","No","mdud","","0","0","2","924336354811334676","924336354811334676","797920307284934697","0","F","S","S","S","B","F","D","",""
"vhw3mg5","4663","1","Kidnapper","I've Somehow Gotten Stronger When I Improved My Farm-Related Skills","2","Fri, 18 Aug 2023 14:19:22 GMT","1692368362328","4","","","","No","No","","","1","0","2","","924336354811334676","797920307284934697","1","F","S","S","F","B","F","A","",""
"vhw3wlz","52193","1","Daiki Akashiba","Kindaichi Shounen no Jikenbo","0","Fri, 18 Aug 2023 13:56:18 GMT","1692366978545","1","","","","No","No","","","0","0","0","737980149995274240","924336354811334676","797920307284934697","0","F","S","S","F","D","F","D","",""
"vhwrbkx","38644","1","Gentatsu Takatsuki","Rurouni Kenshin: The Motion Picture","1","Fri, 18 Aug 2023 13:24:15 GMT","1692365055904","2","","","","No","No","","","1","0","1","737980149995274240","924336354811334676","797920307284934697","1","F","S","S","F","B","F","C","",""
"vhwp7wc","18139","3","Kaien Cross","Vampire Knight","2","Fri, 18 Aug 2023 13:01:27 GMT","1692363687057","23","","","","No","No","","","5","0","2","924336354811334676","924336354811334676","797920307284934697","15","F","S","S","S","A","F","C","",""
"vhwrz04","45666","1","Shuutarou Kurusu","MARS RED","2","Fri, 18 Aug 2023 12:49:24 GMT","1692362964595","5","","","","No","No","","","1","0","2","737980149995274240","924336354811334676","797920307284934697","1","F","S","S","F","A","F","C","",""
"vhwrf63","56096","1","Kuze","Kanon (2006)","1","Fri, 18 Aug 2023 12:27:34 GMT","1692361654301","1","","","","No","No","","","0","0","1","","924336354811334676","797920307284934697","0","F","S","S","F","F","F","D","",""
"vhwp6vm","55902","1","Yuuri Shijou","Vividred Operation","3","Fri, 18 Aug 2023 12:13:24 GMT","1692360804629","3","","","","No","No","","","1","0","3","688687114128588823","924336354811334676","797920307284934697","1","F","S","S","F","F","F","D","",""
"vhw49cb","56539","1","Kouko's Father","Golden Time","2","Fri, 18 Aug 2023 11:59:26 GMT","1692359966576","1","","","","No","No","","","0","0","2","924336354811334676","924336354811334676","797920307284934697","0","F","S","S","S","C","F","D","",""
"vhwpvj6","7867","3","Boey","Fire Emblem Echoes: Shadows of Valentia","1","Fri, 18 Aug 2023 11:15:29 GMT","1692357329505","10","","","","No","No","","","1","0","1","737980149995274240","737980149995274240","797920307284934697","8","F","S","F","F","A","F","C","",""
"vhwpvjc","52717","1","Shiira Eigan","Snow White with the Red Hair","2","Fri, 18 Aug 2023 11:14:31 GMT","1692357271714","3","","","","No","No","","","1","0","2","737980149995274240","924336354811334676","797920307284934697","1","F","S","S","F","A","F","D","",""
"vhwpx7p","56532","1","Maki Himekawa","Digimon Adventure tri.: Reunion","3","Fri, 18 Aug 2023 10:59:52 GMT","1692356392892","8","","","","No","No","","","0","0","3","924336354811334676","924336354811334676","797920307284934697","4","F","S","S","S","A","F","D","",""
"vhw479q","56195","1","Noriaki Katsuwabara","The Pilot's Love Song","3","Fri, 18 Aug 2023 10:40:11 GMT","1692355211745","3","","","","No","No","","","1","0","3","737980149995274240","924336354811334676","797920307284934697","1","F","S","S","F","B","F","D","",""
"f60kkm","7960","3","Light Yagami","Death Note","0","Fri, 18 Aug 2023 10:39:03 GMT","1692355143656","21","","","","No","No","death","","870","0","0","","747084221192994838","733175002383253636","11","F","S","F","F","S","F","B","",""
"vhw403w","56137","1","Mitsuru Kameda","Yamada-kun and the Seven Witches","1","Fri, 18 Aug 2023 10:27:48 GMT","1692354468924","1","","","","No","No","","","1","0","1","924336354811334676","924336354811334676","797920307284934697","0","F","S","S","S","A","F","D","",""
"vhw4wpz","56213","1","Eeez","D.Gray-man","0","Fri, 18 Aug 2023 10:14:23 GMT","1692353663559","1","","","","No","No","","","1","0","0","688687114128588823","688687114128588823","797920307284934697","0","F","S","F","F","A","F","D","",""
"vhw4fc0","55857","1","Liu Mao Hsing","Cooking Master Boy","4","Fri, 18 Aug 2023 09:51:15 GMT","1692352275414","7","","","","No","No","","","1","0","4","924336354811334676","924336354811334676","797920307284934697","4","F","S","S","S","F","F","D","",""
"vhwkp5p","56329","1","Chief of Department of Public Safety","Special 7: Special Crime Investigation Unit","2","Fri, 18 Aug 2023 01:53:23 GMT","1692323603743","1","","","","No","No","","","0","0","2","924336354811334676","924336354811334676","797920307284934697","0","F","S","S","S","D","F","D","",""
"vhw52q0","52241","1","Erito Kurosawa","Mewkledreamy","4","Fri, 18 Aug 2023 01:23:16 GMT","1692321796195","6","","","","No","No","","","0","0","4","924336354811334676","924336354811334676","797920307284934697","4","F","S","S","S","A","F","D","",""
"vhwkscq","34171","1","King Yasha of Yama","Tsubasa Reservoir Chronicle 2nd Season","0","Fri, 18 Aug 2023 00:51:21 GMT","1692319881981","1","","","","No","No","","","1","0","0","737980149995274240","737980149995274240","797920307284934697","0","F","S","F","F","B","F","D","",""
"vhw2xb9","56160","1","Hiro Hiyorimi","Princess Resurrection","2","Fri, 18 Aug 2023 00:07:50 GMT","1692317270657","2","","","","No","No","","","1","0","2","","924336354811334676","797920307284934697","1","F","S","S","F","D","F","D","",""
"vhw2pbs","19019","3","Leon","I-CHU: Halfway Through the Idol","2","Thu, 17 Aug 2023 23:52:19 GMT","1692316339540","19","","","","No","No","","","1","0","2","924336354811334676","924336354811334676","797920307284934697","14","F","S","S","S","A","F","C","",""
"vhw27pp","55955","1","Policeman","Smile Precure!","2","Thu, 17 Aug 2023 23:18:08 GMT","1692314288269","1","","","","No","No","","","1","0","2","924336354811334676","924336354811334676","797920307284934697","0","F","S","S","S","B","F","D","",""
"vhwhcbx","55674","1","Arden","The Seven Deadly Sins: Revival of the Commandments","2","Thu, 17 Aug 2023 22:58:27 GMT","1692313107197","10","","","","No","No","","","1","0","2","1058805575317733477","924336354811334676","797920307284934697","6","F","S","S","F","A","F","D","",""
"vhwhljf","18975","3","Nekomaru Nidai","Danganronpa 2: Goodbye Despair","3","Thu, 17 Aug 2023 22:43:22 GMT","1692312202573","83","","","","No","No","","","8","0","3","737980149995274240","924336354811334676","797920307284934697","46","F","S","S","F","A","F","C","",""
"vhw2qqw","55976","1","Kenji Asai","Good Morning Call","3","Thu, 17 Aug 2023 22:20:21 GMT","1692310821564","4","","","","No","No","","","0","0","3","924336354811334676","924336354811334676","797920307284934697","1","F","S","S","S","A","F","D","",""
"vhwhrnr","56133","1","Centerhill","Shakugan no Shana III","0","Thu, 17 Aug 2023 22:07:16 GMT","1692310036592","1","","","","No","No","","","0","0","0","737980149995274240","924336354811334676","797920307284934697","0","F","S","S","F","S","F","D","",""
"vhw2pnm","56130","1","Naze Turbine","Mobile Suit Gundam: Iron-Blooded Orphans","2","Thu, 17 Aug 2023 21:50:18 GMT","1692309018747","3","","","","No","No","","","1","0","2","924336354811334676","924336354811334676","797920307284934697","1","F","S","S","S","S","F","D","",""
"vhwh5jh","7839","4","Dantalion Huber","Devils and Realist","2","Thu, 17 Aug 2023 21:38:28 GMT","1692308308207","28","","","","No","No","","","3","0","2","","924336354811334676","797920307284934697","14","F","S","S","F","F","F","C","",""
"vhwh063","56171","1","Hiroshi Yazawa","Sentou Yousei Yukikaze","2","Thu, 17 Aug 2023 21:15:29 GMT","1692306929052","1","","","","No","No","","","0","0","2","924336354811334676","924336354811334676","797920307284934697","0","F","S","S","S","C","F","D","",""
"vhwhnlx","2292","5","Ohjiro Mihara","Angelic Layer","2","Thu, 17 Aug 2023 21:07:39 GMT","1692306459412","24","","","","No","No","","","1","0","2","","691570905029017632","797920307284934697","13","F","S","F","F","F","F","B","",""
"vhw0hs7","7663","3","Ryohei Hayashi","Tokyo Revengers","1","Thu, 17 Aug 2023 21:06:44 GMT","1692306404270","16","","","","No","No","","","3","0","1","","691570905029017632","797920307284934697","8","F","S","F","F","F","F","C","",""
"vhwq8l1","56267","1","Nikoponski","Tetsujin 28-gou (2004)","2","Thu, 17 Aug 2023 21:04:25 GMT","1692306265553","2","","","","No","No","","","1","0","2","688687114128588823","924336354811334676","797920307284934697","1","F","S","S","F","F","F","D","",""
"vh21wg8","1298","1","Victor","The Alchemist Code","2","Thu, 17 Aug 2023 20:58:44 GMT","1692305924040","14","","","","No","No","","","1","0","2","","737980149995274240","797920307284934697","8","F","S","F","F","D","F","B","",""
"vhwhb4f","9666","4","Orochimaru","Naruto","4","Thu, 17 Aug 2023 20:54:21 GMT","1692305661566","282","","","","No","No","","","65","0","4","737980149995274240","924336354811334676","797920307284934697","148","F","S","S","F","F","F","C","",""
"vhw06z0","9331","4","Shunichi Ibe","Banana Fish","2","Thu, 17 Aug 2023 20:44:15 GMT","1692305055542","23","","","","No","No","","","1","0","2","924336354811334676","924336354811334676","797920307284934697","15","F","S","S","S","A","F","C","",""
"vhwqdhl","55661","1","Kousuke","Sono Toki, Kanojo wa.","2","Thu, 17 Aug 2023 20:43:56 GMT","1692305036688","1","","","","No","No","","","0","0","2","","688687114128588823","797920307284934697","0","F","S","F","F","F","F","D","",""
"vhw07xw","55960","1","Kamigahara Pirates Batter","The Melancholy of Haruhi Suzumiya","1","Thu, 17 Aug 2023 20:32:47 GMT","1692304367358","1","","","","No","No","","","0","0","1","688687114128588823","924336354811334676","797920307284934697","0","F","S","S","F","A","F","D","",""
"vhwqdhf","53125","1","Kakeru Yuiga","Norn9","1","Thu, 17 Aug 2023 20:00:39 GMT","1692302439591","2","","","","No","No","","","1","0","1","","691570905029017632","797920307284934697","1","F","S","F","F","F","F","D","",""
"vhwqdht","56255","1","Minashi Maki","M3 the dark metal","3","Thu, 17 Aug 2023 19:59:37 GMT","1692302377174","3","","","","No","No","","","0","0","3","","737980149995274240","797920307284934697","1","F","S","F","F","F","F","D","",""
"vhwm1sn","44723","1","Leslie Kyle","Final Fantasy VII Remake","4","Thu, 17 Aug 2023 19:53:20 GMT","1692302000366","44","","","","No","No","","","2","0","4","737980149995274240","737980149995274240","797920307284934697","21","F","S","F","F","F","F","C","",""
"vhw0mjw","56405","1","Bogard","Cobra the Animation","2","Thu, 17 Aug 2023 19:22:53 GMT","1692300173557","1","","","","No","No","","","0","0","2","737980149995274240","924336354811334676","797920307284934697","0","F","S","S","F","A","F","D","",""
"vhwvcsz","56158","1","Shian","Evil or Live","2","Thu, 17 Aug 2023 19:09:52 GMT","1692299392056","1","","","","No","No","","","0","0","2","924336354811334676","924336354811334676","797920307284934697","0","F","S","S","S","A","F","D","",""
"vhw00xt","18860","3","Manato","Grimgar of Fantasy and Ash","2","Thu, 17 Aug 2023 18:58:24 GMT","1692298704981","19","","","","No","No","","","3","0","2","","924336354811334676","797920307284934697","13","F","S","S","F","B","F","C","",""
"vhwmct6","56072","1","Izo","Lagrange: The Flower of Rin-ne","2","Thu, 17 Aug 2023 18:28:51 GMT","1692296931146","2","","","","No","No","","","0","0","2","924336354811334676","924336354811334676","797920307284934697","1","F","S","S","S","A","F","D","",""
"vh2c6ff","56618","1","Eita Kidou","Ore no Kanojo to Osananajimi ga Shuraba Sugiru","3","Thu, 17 Aug 2023 17:38:47 GMT","1692293927602","10","","","","No","No","","","1","0","3","","924336354811334676","797920307284934697","5","F","S","S","F","B","F","D","",""
"vhwvk7l","2579","3","Hao","Shaman King","2","Thu, 17 Aug 2023 17:14:02 GMT","1692292442533","49","","","","No","No","","","37","0","2","924336354811334676","924336354811334676","797920307284934697","26","F","S","S","S","F","F","C","",""
"vh2rqd4","7939","4","Navarre","Fire Emblem: Shadow Dragon and the Blade of Light","3","Thu, 17 Aug 2023 16:57:33 GMT","1692291453205","60","","","","No","No","","","2","0","3","1058805575317733477","737980149995274240","797920307284934697","31","F","S","F","F","A","F","C","",""
"vhwmwxf","56176","1","Fransisco","Romeo x Juliet","4","Thu, 17 Aug 2023 16:51:08 GMT","1692291068321","12","","","","No","No","","","0","0","4","737980149995274240","924336354811334676","797920307284934697","5","F","S","S","F","A","F","D","",""
"vh2djrj","56433","1","Mishi","Softenni","0","Thu, 17 Aug 2023 16:48:30 GMT","1692290910149","1","","","","No","No","","","0","0","0","","737980149995274240","797920307284934697","0","F","S","F","F","C","F","D","",""
"vh2cgt8","56269","1","Iori Oiri","Tonkatsu DJ Agetarou","2","Thu, 17 Aug 2023 16:40:59 GMT","1692290459511","1","","","","No","No","","","1","0","2","924336354811334676","924336354811334676","797920307284934697","0","F","S","S","S","B","F","D","",""
"vhwmf4q","56220","1","Kojiro Kitahara","Classroom Crisis","4","Thu, 17 Aug 2023 16:09:02 GMT","1692288542196","7","","","","No","No","","","0","0","4","924336354811334676","924336354811334676","797920307284934697","4","F","S","S","S","A","F","D","",""
"vh26dkn","55299","1","Reiji Karasuma","ARGONAVIS from BanG Dream!","1","Thu, 17 Aug 2023 15:40:23 GMT","1692286823728","3","","","","No","No","","","5","0","1","","924336354811334676","797920307284934697","1","F","S","S","F","B","F","D","",""
"vh26j30","56308","1","Jizo Bosatsu","Namu Amida Butsu!: Rendai Utena","3","Thu, 17 Aug 2023 15:12:56 GMT","1692285176189","7","","","","No","No","","","1","0","3","737980149995274240","924336354811334676","797920307284934697","4","F","S","S","F","A","F","D","",""
"vh2x2sw","56173","1","Hasebe","Maiden Rose","4","Thu, 17 Aug 2023 13:49:27 GMT","1692280167273","3","","","","No","No","","","1","0","4","924336354811334676","924336354811334676","797920307284934697","1","F","S","S","S","S","F","D","",""
"vh2xlfl","38689","1","Gengo Onizaki","Rurouni Kenshin","3","Thu, 17 Aug 2023 13:34:27 GMT","1692279267923","6","","","","No","No","","","1","0","3","","924336354811334676","797920307284934697","4","F","S","S","F","C","F","C","",""
"vh2xbwm","55988","1","Walker","Mobile Suit Gundam Wing","3","Thu, 17 Aug 2023 12:43:47 GMT","1692276227515","3","","","","No","No","","","0","0","3","924336354811334676","924336354811334676","797920307284934697","1","F","S","S","S","B","F","D","",""
"vh2d4d4","56217","1","Morgan","Cowboy Bebop","4","Thu, 17 Aug 2023 12:12:19 GMT","1692274339227","15","","","","No","No","","","1","0","4","924336354811334676","924336354811334676","797920307284934697","6","F","S","S","S","F","F","D","",""
"vh27jgm","56165","1","Nao Koshiba","Girl's High","0","Thu, 17 Aug 2023 10:28:02 GMT","1692268082941","1","","","","No","No","","","0","0","0","737980149995274240","924336354811334676","797920307284934697","0","F","S","S","F","F","F","D","",""
"vh2tsdk","16000","2","Ryohei Sasagawa","REBORN!","3","Thu, 17 Aug 2023 10:06:34 GMT","1692266794018","49","","","","No","No","","","6","1","3","924336354811334676","924336354811334676","797920307284934697","29","F","S","S","S","A","D","C","",""
"vh2t7c0","2372","5","Kenji Sakurai","Darker than Black","3","Thu, 17 Aug 2023 09:17:16 GMT","1692263836008","40","","","","No","No","","","0","0","3","924336354811334676","924336354811334676","797920307284934697","28","F","S","S","S","A","F","B","",""
"vh2t6nb","33265","2","Taroumaru Seike","A Certain Scientific Accelerator","0","Thu, 17 Aug 2023 08:30:37 GMT","1692261037423","5","","","","No","No","","","1","0","0","924336354811334676","924336354811334676","797920307284934697","1","F","S","S","S","A","F","C","",""
"vh2gcj8","43965","1","Rung","Monster","3","Thu, 17 Aug 2023 00:59:53 GMT","1692233993518","5","","","","No","No","monster","","1","0","3","924336354811334676","924336354811334676","797920307284934697","1","F","S","S","S","B","F","C","",""
"vh2g0nw","55870","1","Kakeru Yamagata","Yuuwaku Office Lover 2","2","Thu, 17 Aug 2023 00:42:21 GMT","1692232941193","3","","","","No","No","","","1","0","2","737980149995274240","924336354811334676","797920307284934697","1","F","S","S","F","F","F","D","",""
"vh2rfj3","56428","1","Diego","Majestic Prince","2","Wed, 16 Aug 2023 23:57:33 GMT","1692230253915","1","","","","No","No","","","1","0","2","924336354811334676","924336354811334676","797920307284934697","0","F","S","S","S","F","F","D","",""
"vh2r8sf","54295","1","Shinji Oki","Wave, Listen to Me!","1","Wed, 16 Aug 2023 23:34:11 GMT","1692228851169","1","","","","No","No","","","1","0","1","737980149995274240","924336354811334676","797920307284934697","0","F","S","S","F","A","F","D","",""
"vh23mtd","56154","1","Hiroto Yamaguchi","Koi Suru Boukun","3","Wed, 16 Aug 2023 23:19:16 GMT","1692227956367","4","","","","No","No","","","0","0","3","924336354811334676","924336354811334676","797920307284934697","1","F","S","S","S","A","F","D","",""
"vh2rqdp","56225","1","Ichiko Ayase","Denpa Teki na Kanojo","2","Wed, 16 Aug 2023 23:07:57 GMT","1692227277363","2","","","","No","No","","","0","0","2","1058805575317733477","924336354811334676","797920307284934697","1","F","S","S","F","F","F","D","",""
"vh2rhwr","56084","1","Morris","Zone of the Enders: Dolores","0","Wed, 16 Aug 2023 22:55:01 GMT","1692226501715","1","","","","No","No","","","0","0","0","737980149995274240","924336354811334676","797920307284934697","0","F","S","S","F","D","F","D","",""
"vh2r3dl","51583","1","Akane Tachibana","Classroom of the Elite","4","Wed, 16 Aug 2023 22:36:51 GMT","1692225411120","57","","","","No","No","","","1","0","4","924336354811334676","924336354811334676","797920307284934697","31","F","S","S","S","B","F","C","",""
"vh24sh8","56521","1","Glenn McGuire","Dragonar Academy","1","Wed, 16 Aug 2023 22:05:29 GMT","1692223529388","1","","","","No","No","","","0","0","1","737980149995274240","924336354811334676","797920307284934697","0","F","S","S","F","C","F","D","",""
"vh24psq","18740","1","Urara Toyofusa","I Tried Asking In Dogeza","1","Wed, 16 Aug 2023 21:39:07 GMT","1692221947105","7","","","","No","No","","","1","0","1","","924336354811334676","797920307284934697","4","F","S","S","F","F","F","D","",""
"vh24mcc","56001","1","Kenji Kondou","Fafner","4","Wed, 16 Aug 2023 19:43:58 GMT","1692215038034","3","","","","No","No","","","0","0","4","737980149995274240","924336354811334676","797920307284934697","1","F","S","S","F","F","F","D","",""