"code","number","edition","character","series","quality","obtainedDate","obtainedTimestamp","burnValue","dye.code","dye.name","frame","morphed","trimmed","tag","alias","wishlists","fights","dropQuality","dropper","grabber","guild","worker.effort","worker.style","worker.purity","worker.grabber","worker.dropper","worker.quickness","worker.toughness","worker.vanity","worker.recoveryDate","worker.recoveryTimestamp"
"v49pc9r","6740","5","Mahito","Jujutsu Kaisen","3","Sun, 23 Mar 2025 15:35:06 GMT","1742744106859","168","","","","No","No","","","344","0","3","688687114128588823","688687114128588823","797920307284934697","84","F","S","S","S","D","F","D","",""
"v4f9jjz","18906","2","Kurisu Makise","Steins;Gate","0","Sun, 23 Mar 2025 15:35:05 GMT","1742744105349","19","","","","No","No","","","755","0","0","688687114128588823","1345496003708588172","797920307284934697","11","F","S","F","S","S","F","D","",""
"v4t0tx8","1105","7","Beidou","Genshin Impact","3","Sun, 23 Mar 2025 15:33:36 GMT","1742744016792","177","","","","No","No","","","300","0","3","1345496003708588172","1345496003708588172","1256218217987313754","86","F","S","F","F","S","F","D","",""
"v4t6hxs","2180","3","Fern","Frieren: Beyond Journey's End","3","Sun, 23 Mar 2025 15:33:35 GMT","1742744015332","164","","","","No","No","","","1524","0","3","688687114128588823","1345496003708588172","797920307284934697","83","F","S","F","S","A","F","D","",""
"v49cbct","5952","5","Dabi","My Hero Academia 2","2","Sun, 23 Mar 2025 15:32:54 GMT","1742743974233","85","","","","No","No","","","555","0","2","1345496003708588172","1345496003708588172","797920307284934697","39","F","S","F","F","A","F","D","",""
"v4s904f","15411","4","Yuusuke Nanahara","Saezuru Tori wa Habatakanai: The Clouds Gather","0","Sun, 23 Mar 2025 15:27:41 GMT","1742743661161","4","","","","No","No","","","3","0","0","688687114128588823","688687114128588823","1256218217987313754","1","F","S","S","S","A","F","F","",""
"v4s3l1d","20773","1","Shiva","Record of Ragnarok","2","Sun, 23 Mar 2025 14:54:24 GMT","1742741664808","24","","","","No","No","","","28","0","2","688687114128588823","688687114128588823","1256218217987313754","14","F","S","S","S","A","F","D","",""
"v4s3tqh","27028","3","Kotobuki Awano","Wonder Egg Priority","1","Sun, 23 Mar 2025 13:54:24 GMT","1742738064819","19","","","","No","No","","","7","0","1","1345496003708588172","688687114128588823","1256218217987313754","11","F","S","S","F","A","F","D","",""
"v4srsmk","234","7","Kana Imai","The iDOLM@STER: Cinderella Girls Theater 3rd Season","2","Sun, 23 Mar 2025 12:43:47 GMT","1742733827632","66","","","","No","No","","","1","0","2","688687114128588823","688687114128588823","1256218217987313754","38","F","S","S","S","A","F","D","",""
"v4spcch","1373","7","Delthea","Fire Emblem Echoes: Shadows of Valentia","1","Sun, 23 Mar 2025 12:10:15 GMT","1742731815005","26","","","","No","No","","","4","0","1","1345496003708588172","688687114128588823","1256218217987313754","14","F","S","S","F","A","F","D","",""
"v4sr0r6","8255","5","Erin","Knight of Erin","4","Sun, 23 Mar 2025 11:36:58 GMT","1742729818413","197","","","","No","No","","","15","0","4","1345496003708588172","688687114128588823","1256218217987313754","95","F","S","S","F","B","F","D","",""
"v4srwxl","10122","2","Unicorn","Mashle","0","Sun, 23 Mar 2025 10:50:05 GMT","1742727005819","7","","","","No","No","","","1","0","0","1345496003708588172","688687114128588823","797920307284934697","4","F","S","S","F","C","F","D","",""
"v4sjsdz","1409","7","Yumi","Senran Kagura: Shinovi Versus","1","Sat, 22 Mar 2025 22:54:07 GMT","1742684047275","36","","","","No","No","","","43","0","1","688687114128588823","688687114128588823","1256218217987313754","20","F","S","S","S","A","F","D","",""
"v4sjv25","3447","3","Lich, the Eddie","BASTARD!! -Heavy Metal, Dark Fantasy-","2","Sat, 22 Mar 2025 22:18:05 GMT","1742681885288","24","","","","No","No","","","1","0","2","1345496003708588172","688687114128588823","1256218217987313754","13","F","S","S","F","B","F","D","",""
"v4sb528","73346","1","Allegra","Pokémon: The Rise of Darkrai","4","Sat, 22 Mar 2025 21:46:05 GMT","1742679965956","17","","","","No","No","","","1","0","4","1345496003708588172","688687114128588823","1256218217987313754","8","F","S","S","F","B","F","D","",""
"v4sbhg0","13314","2","Kaoru Gojou","My Dress-Up Darling","3","Sat, 22 Mar 2025 21:35:29 GMT","1742679329723","57","","","","No","No","","","4","0","3","688687114128588823","688687114128588823","797920307284934697","30","F","S","S","S","A","F","D","",""
"v4sbt68","73983","1","Anastasia","The Qwaser of Stigmata","3","Sat, 22 Mar 2025 20:57:07 GMT","1742677027036","10","","","","No","No","","","1","0","3","688687114128588823","688687114128588823","797920307284934697","6","F","S","S","S","S","F","D","",""
"v4s542b","73348","1","Onimimu Sou","After War Gundam X","3","Sat, 22 Mar 2025 20:15:56 GMT","1742674556973","3","","","","No","No","","","0","0","3","688687114128588823","688687114128588823","797920307284934697","1","F","S","S","S","F","F","D","",""
"v4s541c","73167","1","Chrysa","Pokémon Journeys: The Series","4","Sat, 22 Mar 2025 18:45:50 GMT","1742669150248","26","","","","No","No","","","1","0","4","1345496003708588172","688687114128588823","1256218217987313754","13","F","S","S","F","F","F","D","",""
"v4s5n9d","73276","1","Taishi Minamida","Haikyuu!! Second Season","4","Sat, 22 Mar 2025 17:50:20 GMT","1742665820426","52","","","","No","No","","","1","0","4","","688687114128588823","797920307284934697","25","F","S","S","F","C","F","D","",""
"v4sk382","39227","2","Helbram","The Seven Deadly Sins","3","Sat, 22 Mar 2025 17:27:19 GMT","1742664439018","65","","","","No","No","","","2","0","3","688687114128588823","688687114128588823","797920307284934697","33","F","S","S","S","F","F","D","",""
"v4sw3hc","72778","1","Ai Kago","Mini Moni Yaru no da Pyon!","1","Sat, 22 Mar 2025 15:55:31 GMT","1742658931745","1","","","","No","No","","","0","0","1","688687114128588823","688687114128588823","797920307284934697","0","F","S","S","S","B","F","D","",""
"v4s2g7c","73441","1","Peretta","Weiss Survive","2","Sat, 22 Mar 2025 15:35:40 GMT","1742657740479","4","","","","No","No","","","0","0","2","1258103469164728365","688687114128588823","797920307284934697","1","F","S","S","F","F","F","D","",""
"v4lrxkj","982","7","Hello Kitty","Hello Kitty's Animation Theater","2","Sat, 22 Mar 2025 15:16:49 GMT","1742656609233","86","","","","No","No","100-200","","154","0","2","1345496003708588172","1345496003708588172","797920307284934697","44","F","S","F","F","S","F","D","",""
"v4726ls","3714","6","Dabi","My Hero Academia 2","2","Sat, 22 Mar 2025 15:16:27 GMT","1742656587641","87","","","","No","No","400-600","","555","0","2","688687114128588823","688687114128588823","797920307284934697","48","F","S","S","S","A","F","D","",""
"v4991lq","3869","6","Yotsuba Nakano","The Quintessential Quintuplets","1","Sat, 22 Mar 2025 15:16:07 GMT","1742656567612","41","","","","No","No","600","","644","0","1","1345496003708588172","1345496003708588172","797920307284934697","20","F","S","F","F","S","F","D","",""
"v4f5clk","4041","6","Nishikigi Chisato","Lycoris Recoil","3","Sat, 22 Mar 2025 15:15:48 GMT","1742656548232","154","","","","No","No","600","","794","0","3","1345496003708588172","1345496003708588172","797920307284934697","76","F","S","F","F","S","F","D","",""
"v4f92pg","3491","6","Vanitas","The Case Study of Vanitas","0","Sat, 22 Mar 2025 15:15:30 GMT","1742656530055","20","","","","No","No","600","","749","0","0","1345496003708588172","1345496003708588172","797920307284934697","10","F","S","F","F","S","F","D","",""
"v4s28tm","6101","5","Kosaki Onodera","Nisekoi","4","Sat, 22 Mar 2025 15:15:02 GMT","1742656502696","276","","","","No","No","100-200","","101","0","4","688687114128588823","688687114128588823","797920307284934697","149","F","S","S","S","A","F","D","",""
"v4swnfx","9536","3","Dia Viecone","The World's Finest Assassin Gets Reincarnated in Another World as an Aristocrat","1","Sat, 22 Mar 2025 14:37:01 GMT","1742654221034","28","","","","No","No","","","45","0","1","688687114128588823","688687114128588823","797920307284934697","15","F","S","S","S","A","F","D","",""
"v4sw5qx","73051","1","Nana Yamamoto","We Were There","1","Sat, 22 Mar 2025 14:15:37 GMT","1742652937155","1","","","","No","No","","","0","0","1","1258103469164728365","688687114128588823","797920307284934697","0","F","S","S","F","F","F","D","",""
"v4sw2m1","73287","1","Sawk","Pokémon: Black & White","2","Sat, 22 Mar 2025 14:05:18 GMT","1742652318406","11","","","","No","No","","","1","0","2","1345496003708588172","688687114128588823","797920307284934697","5","F","S","S","F","C","F","D","",""
"v4sh2jp","72875","1","Ren Ekoda","Anne-Happy","2","Sat, 22 Mar 2025 12:55:54 GMT","1742648154783","5","","","","No","No","","","1","0","2","1345496003708588172","688687114128588823","797920307284934697","1","F","S","S","F","B","F","D","",""
"v4sh9j5","5578","5","Haicma (Veiled Star)","Punishing Gray Raven","2","Sat, 22 Mar 2025 11:17:40 GMT","1742642260724","49","","","","No","No","","","5","0","2","688687114128588823","688687114128588823","1256218217987313754","25","F","S","S","S","S","F","D","",""
"v4sqzq1","73430","1","Anon","The Law of Ueki","3","Sat, 22 Mar 2025 10:42:50 GMT","1742640170519","6","","","","No","No","","","1","0","3","688687114128588823","688687114128588823","1256218217987313754","4","F","S","S","S","A","F","D","",""
"v4sh3sd","37772","2","Descartes","Trigun","2","Sat, 22 Mar 2025 10:07:20 GMT","1742638040814","11","","","","No","No","","","0","0","2","688687114128588823","688687114128588823","1256218217987313754","5","F","S","S","S","C","F","D","",""
"v4dcppn","27504","3","Bleu","The Familiar of Zero F","2","Fri, 21 Mar 2025 23:30:51 GMT","1742599851353","19","","","","No","No","","","0","0","2","688687114128588823","688687114128588823","797920307284934697","11","F","S","S","S","D","F","D","",""
"v4d6k8x","73403","1","Grandma","Gag Manga Biyori 2","2","Fri, 21 Mar 2025 21:38:31 GMT","1742593111194","4","","","","No","No","","","1","0","2","","688687114128588823","797920307284934697","1","F","S","S","F","F","F","D","",""
"v4d6nk0","59054","1","Liz","Eden","2","Fri, 21 Mar 2025 21:15:20 GMT","1742591720043","5","","","","No","No","","","1","0","2","688687114128588823","688687114128588823","797920307284934697","1","F","S","S","S","A","F","D","",""
"v4dsmz2","4013","6","Miiko Takeshita","D4DJ First Mix","3","Fri, 21 Mar 2025 19:29:50 GMT","1742585390229","91","","","","No","No","","","3","0","3","688687114128588823","688687114128588823","797920307284934697","50","F","S","S","S","S","F","D","",""
"v4dss50","1828","2","Roxie Richter","Scott Pilgrim Takes Off","2","Fri, 21 Mar 2025 17:42:39 GMT","1742578959883","58","","","","No","No","","","42","0","2","688687114128588823","688687114128588823","1256218217987313754","34","F","S","S","S","A","F","D","",""
"v4d7cll","73441","1","Misha Movernco","Venus Project: Climax","2","Fri, 21 Mar 2025 16:59:47 GMT","1742576387410","4","","","","No","No","","","0","0","2","688687114128588823","688687114128588823","1256218217987313754","1","F","S","S","S","A","F","D","",""
"v4dd6kf","18799","3","Yusuke Saito","Darker than Black","3","Fri, 21 Mar 2025 16:02:03 GMT","1742572923734","25","","","","No","No","","","0","0","3","1345496003708588172","688687114128588823","797920307284934697","11","F","S","S","F","F","F","D","",""
"v4d7bw5","38162","2","Super Shadow","Sonic X","1","Fri, 21 Mar 2025 15:31:24 GMT","1742571084899","23","","","","No","No","","","41","0","1","1258103469164728365","688687114128588823","797920307284934697","13","F","S","S","F","A","F","D","",""
"v4dttb3","1382","7","Calasin","Log Horizon","3","Fri, 21 Mar 2025 14:58:40 GMT","1742569120433","81","","","","No","No","","","1","0","3","688687114128588823","688687114128588823","797920307284934697","44","F","S","S","S","A","F","D","",""
"v4dt52p","6947","3","Farman Cregos","Mashle","2","Fri, 21 Mar 2025 14:12:04 GMT","1742566324306","20","","","","No","No","","","1","0","2","1345496003708588172","688687114128588823","1256218217987313754","11","F","S","S","F","B","F","D","",""
"v4dtthn","18925","2","Mikhail Hachisuka","Engage Kiss","4","Fri, 21 Mar 2025 13:25:10 GMT","1742563510480","73","","","","No","No","","","1","0","4","688687114128588823","688687114128588823","797920307284934697","39","F","S","S","S","A","F","D","",""
"v4dt16v","4364","6","Yuki Amane","Steins;Gate 0","2","Fri, 21 Mar 2025 12:53:20 GMT","1742561600683","52","","","","No","No","","","5","0","2","688687114128588823","688687114128588823","797920307284934697","29","F","S","S","S","S","F","D","",""
"v4dlptr","6726","5","Caeda","Fire Emblem: Shadow Dragon and the Blade of Light","2","Fri, 21 Mar 2025 10:38:22 GMT","1742553502747","38","","","","No","No","","","5","0","2","688687114128588823","688687114128588823","797920307284934697","23","F","S","S","S","A","F","D","",""
"v4d82r3","73416","1","Shiori Nakamura","Yo-kai Watch","2","Fri, 21 Mar 2025 09:50:16 GMT","1742550616810","3","","","","No","No","","","1","0","2","1345496003708588172","688687114128588823","1256218217987313754","1","F","S","S","F","F","F","D","",""
"v4d8vvp","1130","5","Shiryu Tonozaki","Ryman's Club","1","Fri, 21 Mar 2025 08:35:35 GMT","1742546135109","14","","","","No","No","","","1","0","1","688687114128588823","688687114128588823","797920307284934697","8","F","S","S","S","A","F","D","",""
"v4dfc98","18551","2","Alice Carroll","Aria the Animation","1","Fri, 21 Mar 2025 07:25:26 GMT","1742541926695","8","","","","No","No","","","2","0","1","1345496003708588172","688687114128588823","1256218217987313754","4","F","S","S","F","F","F","D","",""
"v4dl43f","25154","2","Dugtrio","Pokémon","3","Fri, 21 Mar 2025 06:54:39 GMT","1742540079644","69","","","","No","No","","","1","0","3","688687114128588823","688687114128588823","1256218217987313754","36","F","S","S","S","B","F","D","",""
"v4dr286","67623","1","Lefty","No Guns Life","2","Thu, 20 Mar 2025 22:28:34 GMT","1742509714807","3","","","","No","No","","","0","0","2","688687114128588823","688687114128588823","1256218217987313754","1","F","S","S","S","F","F","D","",""
"v4d3q4b","73337","1","Non","Koihime Musou","1","Thu, 20 Mar 2025 21:58:41 GMT","1742507921574","3","","","","No","No","","","0","0","1","688687114128588823","688687114128588823","797920307284934697","1","F","S","S","S","F","F","D","",""
"v4drk1t","73209","1","Higasa","Hanamonogatari","3","Thu, 20 Mar 2025 21:37:28 GMT","1742506648459","25","","","","No","No","","","1","0","3","1258103469164728365","688687114128588823","797920307284934697","11","F","S","S","F","F","F","D","",""
"v4dr0rq","1141","7","Heishiro Mitsurugi","Soul Edge","1","Thu, 20 Mar 2025 21:24:22 GMT","1742505862484","22","","","","No","No","","","1","0","1","688687114128588823","688687114128588823","797920307284934697","14","F","S","S","S","A","F","D","",""
"v4dp74l","6671","4","Surapacchi","My Isekai Life: I Gained a Second Character Class and Became the Strongest Sage in the World!","0","Thu, 20 Mar 2025 20:24:56 GMT","1742502296834","7","","","","No","No","","","4","0","0","688687114128588823","688687114128588823","1256218217987313754","4","F","S","S","S","A","F","D","",""
"v4drvdm","51366","1","Paper Moon King","JoJo's Bizarre Adventure: JoJolion","2","Thu, 20 Mar 2025 19:15:40 GMT","1742498140124","21","","","","No","No","","","3","0","2","688687114128588823","688687114128588823","1256218217987313754","13","F","S","S","S","A","F","D","",""
"v4d4rf3","19218","3","Wulf","Granblue Fantasy","2","Thu, 20 Mar 2025 18:05:41 GMT","1742493941659","22","","","","No","No","","","2","0","2","688687114128588823","688687114128588823","1256218217987313754","14","F","S","S","S","A","F","D","",""
"v4dz9wc","73029","1","Kaho","Sister Princess","2","Thu, 20 Mar 2025 17:35:00 GMT","1742492100851","2","","","","No","No","","","1","0","2","688687114128588823","688687114128588823","1256218217987313754","1","F","S","S","S","F","F","D","",""
"v4dn62v","6522","5","Shouko Nagisa","Healer Girl","0","Thu, 20 Mar 2025 14:36:29 GMT","1742481389335","6","","","","No","No","","","1","0","0","688687114128588823","688687114128588823","1256218217987313754","4","F","S","S","S","A","F","D","",""
"v4d1x95","73600","1","Lady Susan","Zatch Bell!","4","Thu, 20 Mar 2025 14:06:10 GMT","1742479570857","53","","","","No","No","","","2","0","4","688687114128588823","688687114128588823","1256218217987313754","28","F","S","S","S","A","F","D","",""
"v4dnkll","3915","6","Chiaki Nanami","Danganronpa 2: Goodbye Despair","1","Thu, 20 Mar 2025 13:09:42 GMT","1742476182273","40","","","","No","No","200-400","","334","0","1","688687114128588823","688687114128588823","797920307284934697","21","F","S","S","S","B","F","D","",""
"v4d1v76","73226","1","Kyouka Midarezaki","Kyoran Kazoku Nikki","0","Thu, 20 Mar 2025 11:42:47 GMT","1742470967567","1","","","","No","No","","","1","0","0","688687114128588823","688687114128588823","797920307284934697","0","F","S","S","S","B","F","D","",""
"v4djgnf","29368","2","Helmut Arbor","Seirei Gensouki: Spirit Chronicles","2","Thu, 20 Mar 2025 09:07:23 GMT","1742461643106","12","","","","No","No","","","1","0","2","688687114128588823","688687114128588823","797920307284934697","5","F","S","S","S","A","F","D","",""
"v4dbsf4","16066","4","Claire Stanfield","Baccano!","4","Thu, 20 Mar 2025 08:14:20 GMT","1742458460484","96","","","","No","No","","","8","0","4","688687114128588823","688687114128588823","797920307284934697","48","F","S","S","S","B","F","D","",""
"v4dbs22","73156","1","Rommel","Gundam Build Divers","4","Thu, 20 Mar 2025 07:39:50 GMT","1742456390932","14","","","","No","No","","","1","0","4","1345496003708588172","688687114128588823","1256218217987313754","6","F","S","S","F","F","F","D","",""
"v4dhzp2","44524","2","Yukino Aguria","Fairy Tail","2","Wed, 19 Mar 2025 20:24:21 GMT","1742415861304","37","","","","No","No","","","9","0","2","688687114128588823","688687114128588823","1256218217987313754","20","F","S","S","S","A","F","D","",""
"v4dh05c","73755","1","Yoshie","JoJo's Bizarre Adventure: Diamond Is Unbreakable","3","Wed, 19 Mar 2025 18:56:19 GMT","1742410579297","32","","","","No","No","","","1","0","3","688687114128588823","688687114128588823","797920307284934697","18","F","S","S","S","A","F","D","",""
"v4d0pm2","2618","2","Mitsumi Iwakura","Skip and Loafer","2","Wed, 19 Mar 2025 18:02:33 GMT","1742407353275","48","","","","No","No","100-200","","109","0","2","1345496003708588172","688687114128588823","797920307284934697","24","F","S","S","F","B","F","D","",""
"v4d06vx","3919","6","Rika Orimoto","Jujutsu Kaisen 0","0","Wed, 19 Mar 2025 16:47:16 GMT","1742402836745","20","","","","No","No","","","82","0","0","688687114128588823","688687114128588823","1256218217987313754","13","F","S","S","S","A","F","D","",""
"v4d0t33","73949","1","Mink","Dragon Half","2","Wed, 19 Mar 2025 16:07:34 GMT","1742400454760","5","","","","No","No","","","1","0","2","1345496003708588172","688687114128588823","1256218217987313754","1","F","S","S","F","C","F","D","",""
"v4d0ng5","6604","5","Karasuma","We Never Learn!","3","Wed, 19 Mar 2025 15:41:34 GMT","1742398894016","55","","","","No","No","","","0","0","3","688687114128588823","688687114128588823","1256218217987313754","29","F","S","S","S","A","F","D","",""
"v4dm68s","72911","1","Proto Zero","Fantasista Doll","3","Wed, 19 Mar 2025 15:04:27 GMT","1742396667007","12","","","","No","No","","","1","0","3","688687114128588823","688687114128588823","1256218217987313754","5","F","S","S","S","B","F","D","",""
"v4dvb5v","73771","1","Chojiro","Stella Women's Academy, High School Division Class C3","1","Wed, 19 Mar 2025 14:38:25 GMT","1742395105442","1","","","","No","No","","","0","0","1","1345496003708588172","688687114128588823","1256218217987313754","0","F","S","S","F","B","F","D","",""
"v4dm5nw","10684","4","Rangiku Matsumoto","Bleach","3","Wed, 19 Mar 2025 14:21:55 GMT","1742394115608","153","","","","No","No","200-400","","346","0","3","688687114128588823","688687114128588823","1256218217987313754","83","F","S","S","S","A","F","D","",""
"v47cx3r","21538","2","Anastasia","The iDOLM@STER: Cinderella Girls","0","Wed, 19 Mar 2025 12:43:17 GMT","1742388197316","8","","","","No","No","","","10","0","0","1345496003708588172","688687114128588823","797920307284934697","4","F","S","S","F","F","F","D","",""
"v47cm9k","6921","2","Mogari","Over the Sky","2","Wed, 19 Mar 2025 12:06:30 GMT","1742385990811","17","","","","No","No","","","0","0","2","1345496003708588172","688687114128588823","797920307284934697","6","F","S","S","F","F","F","D","",""
"v47csrf","73266","1","Ame Ochibana","Denpa Teki na Kanojo","3","Wed, 19 Mar 2025 11:22:54 GMT","1742383374920","9","","","","No","No","","","1","0","3","688687114128588823","688687114128588823","797920307284934697","4","F","S","S","S","D","F","D","",""
"v476ts4","19648","2","Katakuri Charlotte","One Piece","2","Wed, 19 Mar 2025 10:32:57 GMT","1742380377943","69","","","","No","No","200-400","","228","0","2","688687114128588823","688687114128588823","1256218217987313754","36","F","S","S","S","B","F","D","",""
"v47x5cv","1053","7","Lich, the Eddie","BASTARD!! -Heavy Metal, Dark Fantasy-","2","Wed, 19 Mar 2025 06:13:19 GMT","1742364799941","40","","","","No","No","","","1","0","2","688687114128588823","688687114128588823","797920307284934697","23","F","S","S","S","A","F","D","",""
"v47sn35","73556","1","Mary Stuart","JoJo's Bizarre Adventure","3","Wed, 19 Mar 2025 05:35:25 GMT","1742362525627","25","","","","No","No","","","1","0","3","688687114128588823","688687114128588823","797920307284934697","14","F","S","S","S","B","F","D","",""
"v478sl2","16521","1","Desultor","Mobile Suit Gundam: The Witch from Mercury","4","Tue, 18 Mar 2025 19:42:59 GMT","1742326979592","28","","","","No","No","","","1","0","4","688687114128588823","688687114128588823","797920307284934697","15","F","S","S","S","A","F","D","",""
"v47lk96","72816","1","Satou","Ishida and Asakura","2","Tue, 18 Mar 2025 18:50:27 GMT","1742323827485","3","","","","No","No","","","0","0","2","688687114128588823","688687114128588823","797920307284934697","1","F","S","S","S","B","F","D","",""
"v47962q","73245","1","Gachi Pink","Mitsudomoe Zouryouchuu!","3","Tue, 18 Mar 2025 17:14:25 GMT","1742318065956","9","","","","No","No","","","0","0","3","688687114128588823","688687114128588823","797920307284934697","4","F","S","S","S","B","F","D","",""
"v479l5q","28870","1","Hiromi Shiota","Assassination Classroom 2nd Season","0","Tue, 18 Mar 2025 14:54:13 GMT","1742309653130","2","","","","No","No","","","1","1","0","688687114128588823","688687114128588823","797920307284934697","1","F","S","S","S","B","D","D","",""
"v47gxnb","69212","1","Genesis","Sword Art Online: Hollow Realization","2","Tue, 18 Mar 2025 14:21:44 GMT","1742307704562","8","","","","No","No","","","1","0","2","688687114128588823","688687114128588823","797920307284934697","4","F","S","S","S","D","F","D","",""
"v47g722","34957","2","Rokusuke Kouenji","Classroom of the Elite","1","Tue, 18 Mar 2025 13:26:20 GMT","1742304380687","12","","","","No","No","","","7","0","1","688687114128588823","688687114128588823","797920307284934697","5","F","S","S","S","D","F","D","",""
"v47g66g","21283","1","Mumen Rider","One-Punch Man","3","Tue, 18 Mar 2025 12:54:19 GMT","1742302459498","73","","","","No","No","","","54","0","3","1345496003708588172","688687114128588823","797920307284934697","36","F","S","S","F","A","F","D","",""
"v47gfcm","73292","1","Maika Shino","Air","2","Tue, 18 Mar 2025 12:24:19 GMT","1742300659395","2","","","","No","No","","","0","0","2","688687114128588823","688687114128588823","797920307284934697","1","F","S","S","S","F","F","D","",""
"v473vx2","73049","1","Kaede","Good Luck Girl!","1","Tue, 18 Mar 2025 11:22:09 GMT","1742296929407","2","","","","No","No","","","0","0","1","688687114128588823","688687114128588823","797920307284934697","1","F","S","S","S","F","F","D","",""
"v47rsq9","3935","6","Keiun","Mobile Fighter G Gundam","1","Tue, 18 Mar 2025 10:45:44 GMT","1742294744810","10","","","","No","No","","","0","0","1","688687114128588823","688687114128588823","797920307284934697","5","F","S","S","S","F","F","D","",""
"v473vnq","2668","2","Navy Captain Landy","Epic Seven","4","Tue, 18 Mar 2025 10:04:51 GMT","1742292291713","155","","","","No","No","","","1","0","4","1345496003708588172","688687114128588823","797920307284934697","71","F","S","S","F","F","F","D","",""
"v4731ts","2372","5","Lilias Perlutia","Epic Seven","1","Tue, 18 Mar 2025 09:12:47 GMT","1742289167167","28","","","","No","No","","","6","0","1","688687114128588823","688687114128588823","797920307284934697","15","F","S","S","S","A","F","D","",""
"v47p7cb","29211","2","Griffin","Seirei Gensouki: Spirit Chronicles","2","Tue, 18 Mar 2025 06:49:49 GMT","1742280589830","16","","","","No","No","","","1","0","2","688687114128588823","688687114128588823","797920307284934697","6","F","S","S","S","F","F","D","",""
"v47r4k9","73504","1","Bunko Shimokita","Haunted Junction","2","Tue, 18 Mar 2025 05:53:47 GMT","1742277227737","1","","","","No","No","","","0","0","2","1345496003708588172","688687114128588823","797920307284934697","0","F","S","S","F","C","F","D","",""
"v4744fp","73762","1","Camilla","Double Decker! Doug & Kirill","2","Tue, 18 Mar 2025 05:40:16 GMT","1742276416644","4","","","","No","No","","","0","0","2","688687114128588823","688687114128588823","797920307284934697","1","F","S","S","S","D","F","D","",""
"v47jzvv","11883","1","Spectacled Archwizard","KonoSuba: An Explosion on this Wonderful World!","4","Mon, 17 Mar 2025 19:12:57 GMT","1742238777728","43","","","","No","No","","","0","0","4","1345496003708588172","688687114128588823","1256218217987313754","21","F","S","S","F","B","F","D","",""
"v47kxk6","72669","1","Tin Writer","Accel World","1","Mon, 17 Mar 2025 16:17:20 GMT","1742228240755","1","","","","No","No","","","1","0","1","1071666423933435934","688687114128588823","648031568756998155","0","F","S","S","F","F","F","D","",""
"v47bv34","73036","1","Saline","Kamisama Minarai: Himitsu no Cocotama","2","Mon, 17 Mar 2025 15:56:37 GMT","1742226997876","5","","","","No","No","","","1","0","2","688687114128588823","688687114128588823","1256218217987313754","1","F","S","S","S","B","F","D","",""
"v47wkgc","72976","1","Student with Bandaid","Lucky Star","2","Mon, 17 Mar 2025 10:17:11 GMT","1742206631730","2","","","","No","No","","","1","0","2","688687114128588823","688687114128588823","797920307284934697","1","F","S","S","S","S","F","D","",""
"v47wq2d","15591","4","Akari Tsujino","The iDOLM@STER: Cinderella Girls","2","Mon, 17 Mar 2025 09:46:41 GMT","1742204801498","32","","","","No","No","","","1","0","2","688687114128588823","688687114128588823","797920307284934697","16","F","S","S","S","F","F","D","",""
"v47q0xh","18807","3","Kamakiri Maniwa","Katanagatari","3","Mon, 17 Mar 2025 06:23:59 GMT","1742192639186","35","","","","No","No","","","1","0","3","688687114128588823","688687114128588823","797920307284934697","19","F","S","S","S","A","F","D","",""
"v47qp9x","62977","1","Georgius","Redo of Healer","2","Mon, 17 Mar 2025 05:44:42 GMT","1742190282745","9","","","","No","No","","","1","0","2","1345496003708588172","688687114128588823","797920307284934697","4","F","S","S","F","B","F","D","",""
"v4tcxth","73425","1","Foo","Afro Samurai","1","Sun, 16 Mar 2025 23:31:04 GMT","1742167864062","1","","","","No","No","","","1","0","1","283075954618925057","688687114128588823","648031568756998155","0","F","S","S","F","F","F","D","",""
"v4tcgzr","4648","4","Tuntian Ha","The Daily Life of the Immortal King","2","Sun, 16 Mar 2025 23:14:45 GMT","1742166885526","39","","","","No","No","","","2","0","2","688687114128588823","688687114128588823","797920307284934697","20","F","S","S","S","F","F","D","",""
"v47mzqk","17100","3","Kumiko Morita","Hajime no Ippo: The Fighting!","2","Sun, 16 Mar 2025 22:42:15 GMT","1742164935484","18","","","","No","No","","","0","0","2","","688687114128588823","797920307284934697","10","F","S","S","F","D","F","D","",""
"v47mz4j","73154","1","Sayoko","Witch Hunter Robin","3","Sun, 16 Mar 2025 22:12:22 GMT","1742163142451","3","","","","No","No","","","0","0","3","688687114128588823","688687114128588823","797920307284934697","1","F","S","S","S","B","F","D","",""
"v4tcz8k","61132","1","Coletta","Monster","2","Sun, 16 Mar 2025 20:52:01 GMT","1742158321433","2","","","","No","No","","","1","0","2","688687114128588823","688687114128588823","797920307284934697","1","F","S","S","S","A","F","D","",""
"v4tcgv3","72884","1","Suzu Fuura","Comic Girls","2","Sun, 16 Mar 2025 20:11:19 GMT","1742155879283","5","","","","No","No","","","1","0","2","688687114128588823","688687114128588823","797920307284934697","1","F","S","S","S","A","F","D","",""
"v4t6wpx","73163","1","Ryousuke's Father","Yamishibai: Japanese Ghost Stories 6th Season","3","Sun, 16 Mar 2025 19:33:41 GMT","1742153621965","2","","","","No","No","","","0","0","3","1345496003708588172","688687114128588823","797920307284934697","1","F","S","S","F","C","F","D","",""
"v4t63cm","73584","1","Shippu","Love Hina","2","Sun, 16 Mar 2025 19:23:10 GMT","1742152990599","4","","","","No","No","","","1","0","2","688687114128588823","688687114128588823","797920307284934697","1","F","S","S","S","A","F","D","",""
"v4txt4v","73264","1","Guen Bien Bo","Full Metal Panic!","3","Sun, 16 Mar 2025 17:32:07 GMT","1742146327982","3","","","","No","No","","","1","0","3","1345496003708588172","688687114128588823","797920307284934697","1","F","S","S","F","F","F","D","",""
"v4txrbz","1391","5","Michaela McFarlane","Reign of the Seven Spellblades","1","Sun, 16 Mar 2025 16:58:55 GMT","1742144335984","22","","","","No","No","","","3","0","1","688687114128588823","688687114128588823","797920307284934697","13","F","S","S","S","C","F","D","",""
"v4tdg15","23352","1","Juugoya Tsukimi","Aku no Onna Kanbu: Full Moon Night","2","Sun, 16 Mar 2025 16:03:28 GMT","1742141008205","11","","","","No","No","","","1","0","2","688687114128588823","688687114128588823","797920307284934697","5","F","S","S","S","B","F","D","",""
"v4tswsg","8093","3","Charlotte Schneider","takt op.Destiny","0","Sun, 16 Mar 2025 15:30:54 GMT","1742139054395","9","","","","No","No","","","1","0","0","688687114128588823","688687114128588823","797920307284934697","4","F","S","S","S","A","F","D","",""
"v4ts31w","1550","5","Oguma Mao","Fatal Twelve","2","Sun, 16 Mar 2025 14:52:18 GMT","1742136738972","33","","","","No","No","","","1","0","2","688687114128588823","688687114128588823","797920307284934697","18","F","S","S","S","A","F","D","",""
"v4t7pmg","73240","1","Naga-san","Wakako-zake","2","Sun, 16 Mar 2025 12:56:56 GMT","1742129816243","1","","","","No","No","","","0","0","2","688687114128588823","688687114128588823","797920307284934697","0","F","S","S","S","A","F","D","",""
"v4ttl0k","72800","1","Tsumugi Inuzuka","Sweetness & Lightning","1","Sun, 16 Mar 2025 12:00:18 GMT","1742126418367","5","","","","No","No","","","7","0","1","688687114128588823","688687114128588823","797920307284934697","1","F","S","S","S","B","F","D","",""
"v4t7v9z","4106","6","Ayla (Brilliance)","Punishing Gray Raven","3","Sun, 16 Mar 2025 11:42:39 GMT","1742125359459","118","","","","No","No","","","9","0","3","1345496003708588172","688687114128588823","797920307284934697","58","F","S","S","F","C","F","D","",""
"v4t70xf","73253","1","Police Officer","First Love Monster","4","Sun, 16 Mar 2025 11:17:07 GMT","1742123827243","6","","","","No","No","","","0","0","4","688687114128588823","688687114128588823","797920307284934697","4","F","S","S","S","C","F","D","",""
"v4t950h","73189","1","Colonel Muscle","New Game!","1","Sun, 16 Mar 2025 00:40:02 GMT","1742085602920","1","","","","No","No","","","1","0","1","688687114128588823","688687114128588823","797920307284934697","0","F","S","S","S","A","F","D","",""
"v4tglgs","23162","2","Shinnosuke Nohara","Crayon Shin-chan","4","Sat, 15 Mar 2025 23:36:27 GMT","1742081787642","177","","","","No","No","","","52","0","4","688687114128588823","688687114128588823","797920307284934697","94","F","S","S","S","A","F","D","",""
"v4t9b2p","73226","1","Jashin","Dropkick on My Devil!","3","Sat, 15 Mar 2025 22:57:41 GMT","1742079461800","24","","","","No","No","","","6","0","3","688687114128588823","688687114128588823","797920307284934697","14","F","S","S","S","A","F","D","",""
"v4tghwm","8326","3","K","Absolute Duo","2","Sat, 15 Mar 2025 22:07:02 GMT","1742076422843","20","","","","No","No","","","1","0","2","688687114128588823","688687114128588823","797920307284934697","13","F","S","S","S","A","F","D","",""
"v4tg1cv","8246","5","Celebi","Pokémon 4Ever","3","Sat, 15 Mar 2025 21:31:57 GMT","1742074317655","109","","","","No","No","","","14","0","3","688687114128588823","688687114128588823","797920307284934697","59","F","S","S","S","S","F","D","",""
"v4trn6j","73141","1","Eleven","Mamotte! Lollipop","4","Sat, 15 Mar 2025 20:20:21 GMT","1742070021938","15","","","","No","No","","","0","0","4","688687114128588823","688687114128588823","797920307284934697","8","F","S","S","S","A","F","D","",""
"v4trwck","73509","1","Taichi Yoshioka","Clean Freak! Aoyama-kun","4","Sat, 15 Mar 2025 19:20:10 GMT","1742066410466","5","","","","No","No","","","0","0","4","1345496003708588172","688687114128588823","797920307284934697","1","F","S","S","F","B","F","D","",""
"v4tpsgc","73141","1","Kubisaku Nagai","Rosario + Vampire","0","Sat, 15 Mar 2025 17:47:18 GMT","1742060838277","1","","","","No","No","","","0","0","0","688687114128588823","688687114128588823","797920307284934697","0","F","S","S","S","A","F","D","",""
"v4trkh2","73382","1","Maiko Osonoi","Miss Caretaker of Sunohara-sou","2","Sat, 15 Mar 2025 17:16:20 GMT","1742058980689","7","","","","No","No","","","1","0","2","688687114128588823","688687114128588823","797920307284934697","4","F","S","S","S","B","F","D","",""
"v4t4ns1","73252","1","Elizabeth Weezer","To the Abandoned Sacred Beasts","2","Sat, 15 Mar 2025 16:15:22 GMT","1742055322656","11","","","","No","No","","","2","0","2","688687114128588823","688687114128588823","797920307284934697","5","F","S","S","S","B","F","D","",""
"v4tzq8v","10645","3","Abarenbou","Di Gi Charat","2","Sat, 15 Mar 2025 14:20:16 GMT","1742048416984","11","","","","No","No","","","1","0","2","688687114128588823","688687114128588823","797920307284934697","5","F","S","S","S","A","F","D","",""
"v4tz5p1","15550","4","Kurami Zell","No Game No Life","0","Sat, 15 Mar 2025 13:43:47 GMT","1742046227904","12","","","","No","No","","","11","0","0","688687114128588823","688687114128588823","797920307284934697","6","F","S","S","S","A","F","D","",""
"v4t1cg0","37709","1","Pyllis","Epic Seven","3","Sat, 15 Mar 2025 12:45:52 GMT","1742042752725","20","","","","No","No","","","1","0","3","688687114128588823","688687114128588823","1256218217987313754","13","F","S","S","S","A","F","D","",""
"v4tnccs","68724","1","Gundam Jiyan Altron","Gundam Build Divers","2","Sat, 15 Mar 2025 12:05:58 GMT","1742040358143","5","","","","No","No","","","1","0","2","1345496003708588172","688687114128588823","1256218217987313754","1","F","S","S","F","F","F","D","",""
"v4t1cx0","73392","1","Karupin","The Prince of Tennis","1","Sat, 15 Mar 2025 11:26:53 GMT","1742038013124","4","","","","No","No","","","3","0","1","688687114128588823","688687114128588823","1256218217987313754","1","F","S","S","S","D","F","D","",""
"v4tnlv9","73280","1","Yuri Majakofski","Blue Submarine No. 6","2","Sat, 15 Mar 2025 10:59:05 GMT","1742036345429","1","","","","No","No","","","1","0","2","1345496003708588172","688687114128588823","797920307284934697","0","F","S","S","F","B","F","D","",""
"v4tnnbx","72688","1","Bean","Attack on Titan","1","Sat, 15 Mar 2025 10:32:42 GMT","1742034762810","12","","","","No","No","","","2","0","1","688687114128588823","688687114128588823","797920307284934697","6","F","S","S","S","A","F","D","",""
"v4tj7xj","27626","2","Drifblim","Pokémon: Diamond & Pearl","2","Sat, 15 Mar 2025 09:33:48 GMT","1742031228585","26","","","","No","No","","","2","0","2","688687114128588823","688687114128588823","797920307284934697","15","F","S","S","S","B","F","D","",""
"v4tj9c6","73173","1","Souta","Magica Wars","4","Sat, 15 Mar 2025 08:53:13 GMT","1742028793150","9","","","","No","No","","","0","0","4","688687114128588823","688687114128588823","797920307284934697","4","F","S","S","S","B","F","D","",""
"v4tkt7q","21602","1","Egon Weißbach","Monster","2","Fri, 14 Mar 2025 22:51:13 GMT","1741992673098","2","","","","No","No","","","1","0","2","688687114128588823","688687114128588823","797920307284934697","1","F","S","S","S","D","F","D","",""
"v4tw4mf","2492","4","Letia","The Aristocrat's Otherworldly Adventure: Serving Gods Who Go Too Far","2","Fri, 14 Mar 2025 22:20:15 GMT","1741990815532","36","","","","No","No","","","1","0","2","688687114128588823","688687114128588823","797920307284934697","20","F","S","S","S","A","F","D","",""
"v4twjn3","44032","2","Crow","King's Raid","2","Fri, 14 Mar 2025 21:26:09 GMT","1741987569304","20","","","","No","No","","","1","0","2","688687114128588823","688687114128588823","797920307284934697","13","F","S","S","S","A","F","D","",""
"v4tw1x3","48412","1","Guild Card","Tsukimichi: Moonlit Fantasy","2","Fri, 14 Mar 2025 20:28:56 GMT","1741984136102","7","","","","No","No","","","1","0","2","688687114128588823","688687114128588823","797920307284934697","4","F","S","S","S","A","F","D","",""
"v4thzl3","73","3","Reika Kitakami","The iDOLM@STER Million Live! ""Dreaming!"" Animation PV","2","Fri, 14 Mar 2025 19:54:13 GMT","1741982053520","49","","","","No","No","","","1","0","2","688687114128588823","688687114128588823","797920307284934697","26","F","S","S","S","A","F","D","",""
"v4thjq4","73104","1","Aa","How to Keep a Mummy","3","Fri, 14 Mar 2025 19:08:04 GMT","1741979284409","18","","","","No","No","","","1","0","3","688687114128588823","688687114128588823","797920307284934697","13","F","S","S","S","A","F","D","",""
"v4tqd51","18734","2","Taiga Kougami","King of Prism by Pretty Rhythm","2","Fri, 14 Mar 2025 16:51:33 GMT","1741971093171","18","","","","No","No","","","1","0","2","688687114128588823","688687114128588823","1256218217987313754","13","F","S","S","S","A","F","D","",""
"v4tqkc6","73479","1","Mayor","Castlevania","1","Fri, 14 Mar 2025 16:19:08 GMT","1741969148525","1","","","","No","No","","","1","0","1","688687114128588823","688687114128588823","1256218217987313754","0","F","S","S","S","B","F","D","",""
"v4tqbgp","73157","1","Nihad Hyu","Alderamin on the Sky","2","Fri, 14 Mar 2025 15:03:48 GMT","1741964628546","3","","","","No","No","","","1","0","2","688687114128588823","688687114128588823","797920307284934697","1","F","S","S","S","A","F","D","",""
"v4t0xg9","73160","1","Marcela","Didn't I Say to Make My Abilities Average in the Next Life?!","2","Fri, 14 Mar 2025 14:20:49 GMT","1741962049325","8","","","","No","No","","","1","0","2","688687114128588823","688687114128588823","797920307284934697","4","F","S","S","S","A","F","D","",""
"v4tmn7k","1314","7","Moca Aoba","BanG Dream!","0","Fri, 14 Mar 2025 10:22:55 GMT","1741947775476","16","","","","No","No","","","26","0","0","688687114128588823","688687114128588823","797920307284934697","8","F","S","S","S","A","F","D","",""
"v4tm2hf","1043","5","Billy Alfred","Undead Unluck","4","Fri, 14 Mar 2025 09:30:44 GMT","1741944644916","202","","","","No","No","","","12","0","4","688687114128588823","688687114128588823","797920307284934697","100","F","S","S","S","F","F","D","",""
"v48cmdp","73661","1","Jugglernose","Blood Blockade Battlefront","3","Fri, 14 Mar 2025 05:45:41 GMT","1741931141186","6","","","","No","No","","","0","0","3","1345496003708588172","688687114128588823","797920307284934697","4","F","S","S","F","C","F","D","",""
"v48c15r","72769","1","Empress","JoJo's Bizarre Adventure: Stardust Crusaders","1","Fri, 14 Mar 2025 05:32:13 GMT","1741930333152","6","","","","No","No","","","2","0","1","688687114128588823","688687114128588823","797920307284934697","4","F","S","S","S","A","F","D","",""
"v487htv","73148","1","Harold Miller","The Price of Smiles","2","Thu, 13 Mar 2025 21:09:20 GMT","1741900160634","2","","","","No","No","","","0","0","2","688687114128588823","688687114128588823","797920307284934697","1","F","S","S","S","B","F","D","",""
"v487qjh","73442","1","Roland Lee","Phantom in the Twilight","3","Thu, 13 Mar 2025 20:39:23 GMT","1741898363094","4","","","","No","No","","","0","0","3","1258103469164728365","688687114128588823","797920307284934697","1","F","S","S","F","F","F","D","",""
"v48t2pc","71641","1","Lucifer","Lapis Re:LiGHTs","1","Thu, 13 Mar 2025 20:21:57 GMT","1741897317359","4","","","","No","No","","","1","0","1","688687114128588823","688687114128588823","797920307284934697","1","F","S","S","S","A","F","D","",""
"v487phn","73166","1","Fat Zombie","Chainsaw Maid","3","Thu, 13 Mar 2025 19:45:00 GMT","1741895100301","12","","","","No","No","","","2","0","3","688687114128588823","688687114128588823","797920307284934697","5","F","S","S","S","A","F","D","",""
"v488p4p","7124","2","Nana","Liar Liar","2","Thu, 13 Mar 2025 18:48:49 GMT","1741891729120","31","","","","No","No","","","1","0","2","688687114128588823","688687114128588823","797920307284934697","18","F","S","S","S","A","F","D","",""
"v4888m0","73313","1","Billy","Beyblade","2","Thu, 13 Mar 2025 18:00:39 GMT","1741888839041","2","","","","No","No","","","1","0","2","688687114128588823","688687114128588823","797920307284934697","1","F","S","S","S","A","F","D","",""
"v488nk7","19984","1","Kurona Yasuhisa","Tokyo Ghoul Root A","2","Thu, 13 Mar 2025 16:57:48 GMT","1741885068112","15","","","","No","No","","","4","0","2","688687114128588823","688687114128588823","797920307284934697","8","F","S","S","S","A","F","D","",""
"v48ljtj","922","7","Lissa","Fire Emblem Awakening","0","Thu, 13 Mar 2025 16:21:06 GMT","1741882866210","15","","","","No","No","","","6","0","0","688687114128588823","688687114128588823","797920307284934697","8","F","S","S","S","A","F","D","",""
"v48lkc7","72821","1","Kii-tan","Etotama Specials","2","Thu, 13 Mar 2025 15:22:02 GMT","1741879322398","5","","","","No","No","","","1","0","2","688687114128588823","688687114128588823","797920307284934697","1","F","S","S","S","B","F","D","",""
"v48973b","1279","3","Taratectora","Ragna Crimson","2","Thu, 13 Mar 2025 13:50:13 GMT","1741873813658","27","","","","No","No","","","1","0","2","688687114128588823","688687114128588823","797920307284934697","15","F","S","S","S","A","F","D","",""
"v489shk","72621","1","Cotton","One Piece","2","Thu, 13 Mar 2025 11:46:04 GMT","1741866364832","11","","","","No","No","","","1","0","2","688687114128588823","688687114128588823","797920307284934697","5","F","S","S","S","A","F","D","",""
"v4890ln","71252","1","Kanami Oguri","Smile Down the Runway","2","Thu, 13 Mar 2025 10:57:38 GMT","1741863458026","7","","","","No","No","","","0","0","2","688687114128588823","688687114128588823","797920307284934697","4","F","S","S","S","A","F","D","",""
"v483s3f","72631","1","PokerFace","Norageki!","1","Thu, 13 Mar 2025 06:36:59 GMT","1741847819475","1","","","","No","No","","","0","0","1","1345496003708588172","688687114128588823","797920307284934697","0","F","S","S","F","D","F","D","",""
"v48zv7b","3658","6","Akane Mizuno","Tsuki ga Kirei","2","Wed, 12 Mar 2025 21:46:34 GMT","1741815994587","44","","","","No","No","","","13","0","2","688687114128588823","688687114128588823","1256218217987313754","24","F","S","S","S","A","F","D","",""
"v48n3vc","73279","1","Student with Phone","Lucky Star","2","Wed, 12 Mar 2025 20:17:33 GMT","1741810653486","3","","","","No","No","","","1","0","2","688687114128588823","688687114128588823","1256218217987313754","1","F","S","S","S","A","F","D","",""
"v48jqrm","73224","1","Sachi","Kowabon","3","Wed, 12 Mar 2025 17:57:05 GMT","1741802225580","12","","","","No","No","","","1","0","3","688687114128588823","688687114128588823","797920307284934697","5","F","S","S","S","B","F","D","",""
"v48jt90","73595","1","Ayame","Hacka Doll the Animation","2","Wed, 12 Mar 2025 16:40:17 GMT","1741797617703","6","","","","No","No","","","0","0","2","688687114128588823","688687114128588823","797920307284934697","4","F","S","S","S","A","F","D","",""
"v48jp2s","56511","1","Adam White","Solo Leveling","2","Wed, 12 Mar 2025 16:04:09 GMT","1741795449430","11","","","","No","No","","","1","0","2","688687114128588823","688687114128588823","797920307284934697","5","F","S","S","S","C","F","D","",""
"v48j50k","72741","1","Buneary","Pokémon XY & Z","4","Wed, 12 Mar 2025 15:26:42 GMT","1741793202712","64","","","","No","No","","","1","0","4","688687114128588823","688687114128588823","797920307284934697","36","F","S","S","S","A","F","D","",""
"v485zww","172","7","Sayoko Takayama","The iDOLM@STER Million Live! ""Dreaming!"" Animation PV","1","Wed, 12 Mar 2025 13:48:03 GMT","1741787283821","30","","","","No","No","","","2","0","1","688687114128588823","688687114128588823","797920307284934697","19","F","S","S","S","B","F","C","",""
"v485wz0","73354","1","Nasubi's Mother","Hozuki's Coolheadedness 2nd Season","2","Wed, 12 Mar 2025 12:36:31 GMT","1741782991932","3","","","","No","No","","","1","0","2","688687114128588823","688687114128588823","797920307284934697","1","F","S","S","S","A","F","D","",""
"v48klnf","72948","1","Akira Kariya","Try Knights","2","Wed, 12 Mar 2025 11:59:37 GMT","1741780777294","3","","","","No","No","","","0","0","2","1345496003708588172","688687114128588823","797920307284934697","1","F","S","S","F","C","F","D","",""
"v48k1vd","25701","3","Michael Roa Valdamjong","Tsukihime","2","Wed, 12 Mar 2025 11:31:02 GMT","1741779062244","20","","","","No","No","","","1","0","2","688687114128588823","688687114128588823","797920307284934697","13","F","S","S","S","B","F","D","",""
"v48kkqm","72999","1","Female Student","Mysterious Girlfriend X","1","Wed, 12 Mar 2025 10:20:36 GMT","1741774836763","1","","","","No","No","","","1","0","1","688687114128588823","688687114128588823","797920307284934697","0","F","S","S","S","A","F","D","",""
"v48whts","73000","1","Cure Angie","Heartcatch Precure! Hana no Miyako de Fashion Show... Desu ka!?","4","Wed, 12 Mar 2025 09:01:03 GMT","1741770063218","13","","","","No","No","","","1","0","4","688687114128588823","688687114128588823","797920307284934697","5","F","S","S","S","C","F","D","",""
"v48226l","73183","1","Iruinedo","Neko Hiki no Ororane","2","Wed, 12 Mar 2025 07:06:59 GMT","1741763219532","4","","","","No","No","","","1","0","2","688687114128588823","688687114128588823","797920307284934697","1","F","S","S","S","B","F","D","",""
"v48wlng","73196","1","Tsubame Koenji","Seizei Gambare Mahou Shoujo Kurumi 2nd Season","2","Wed, 12 Mar 2025 06:52:58 GMT","1741762378973","2","","","","No","No","","","0","0","2","1345496003708588172","688687114128588823","797920307284934697","1","F","S","S","F","B","F","D","",""
"v48ht30","1372","7","Pedant","Ultraman Season 2","0","Wed, 12 Mar 2025 06:36:48 GMT","1741761408077","10","","","","No","No","","","0","0","0","688687114128588823","688687114128588823","797920307284934697","6","F","S","S","S","A","F","D","",""
"v480jtt","73371","1","San Watanabe","Another","2","Tue, 11 Mar 2025 22:46:22 GMT","1741733182920","5","","","","No","No","","","1","0","2","688687114128588823","688687114128588823","797920307284934697","1","F","S","S","S","A","F","D","",""
"v48mkp6","36892","2","Ricardo","Fugou Keiji: Balance:Unlimited","2","Tue, 11 Mar 2025 21:26:10 GMT","1741728370739","14","","","","No","No","","","1","0","2","688687114128588823","688687114128588823","797920307284934697","8","F","S","S","S","A","F","D","",""
"v48m1rc","71602","1","Shugetsu You","Tamayomi","1","Tue, 11 Mar 2025 19:21:45 GMT","1741720905627","3","","","","No","No","","","0","0","1","688687114128588823","688687114128588823","797920307284934697","1","F","S","S","S","A","F","D","",""
"v4lc78t","10454","4","Andira","Granblue Fantasy","0","Tue, 11 Mar 2025 18:33:01 GMT","1741717981974","8","","","","No","No","","","3","0","0","688687114128588823","688687114128588823","797920307284934697","4","F","S","S","S","A","F","D","",""
"v4l6p6g","8217","1","Sister","Berserk of Gluttony","1","Tue, 11 Mar 2025 18:00:11 GMT","1741716011566","2","","","","No","No","","","0","0","1","688687114128588823","688687114128588823","797920307284934697","1","F","S","S","S","B","F","D","",""
"v4lc0p6","11719","4","Kanon Kanase","Strike the Blood","3","Tue, 11 Mar 2025 17:00:07 GMT","1741712407699","85","","","","No","No","","","5","0","3","","688687114128588823","797920307284934697","40","F","S","S","F","C","F","D","",""
"v4lxzx6","63328","1","Supermodel Nanako","King of Prism: Shiny Seven Stars","2","Tue, 11 Mar 2025 16:25:30 GMT","1741710330267","5","","","","No","No","","","1","0","2","688687114128588823","688687114128588823","797920307284934697","1","F","S","S","S","A","F","D","",""
"v4lxbnr","72968","1","Gachi Blue","Mitsudomoe Zouryouchuu!","0","Tue, 11 Mar 2025 15:18:11 GMT","1741706291759","1","","","","No","No","","","0","0","0","688687114128588823","688687114128588823","797920307284934697","0","F","S","S","S","B","F","D","",""
"v4lsp4l","21630","2","Alvin","Don't Hurt Me, My Healer!","1","Tue, 11 Mar 2025 14:08:15 GMT","1741702095652","6","","","","No","No","","","1","0","1","688687114128588823","688687114128588823","797920307284934697","4","F","S","S","S","A","F","D","",""
"v4lsqdr","73040","1","Arthur de Richemont","Ulysses: Jeanne d'Arc and the Alchemist Knight","2","Tue, 11 Mar 2025 13:07:51 GMT","1741698471737","8","","","","No","No","","","1","0","2","688687114128588823","688687114128588823","797920307284934697","4","F","S","S","S","B","F","D","",""
"v4l7770","72961","1","Aqua Necklace","JoJo's Bizarre Adventure: Diamond Is Unbreakable","2","Tue, 11 Mar 2025 10:13:58 GMT","1741688038855","18","","","","No","No","","","1","0","2","688687114128588823","688687114128588823","797920307284934697","13","F","S","S","S","A","F","D","",""
"v4l73cl","73592","1","Mother Ai Pp1000","Pop Team Epic","2","Tue, 11 Mar 2025 08:11:26 GMT","1741680686727","10","","","","No","No","","","1","0","2","688687114128588823","688687114128588823","797920307284934697","5","F","S","S","S","B","F","D","",""
"v4l7s8z","58500","1","Yellow Zelkova","Sonic X","2","Tue, 11 Mar 2025 07:39:46 GMT","1741678786031","5","","","","No","No","","","1","0","2","1345496003708588172","688687114128588823","797920307284934697","1","F","S","S","F","F","F","D","",""
"v4l919n","12570","4","Fou","Fate/Grand Order","3","Mon, 10 Mar 2025 23:12:05 GMT","1741648325924","87","","","","No","No","","","5","0","3","688687114128588823","688687114128588823","797920307284934697","48","F","S","S","S","A","F","D","",""
"v4l9zjp","17650","2","Masumi Katsuno","Vlad Love","2","Mon, 10 Mar 2025 21:59:44 GMT","1741643984694","10","","","","No","No","","","1","0","2","688687114128588823","688687114128588823","797920307284934697","6","F","S","S","S","A","F","D","",""
"v4l9hnf","5233","4","Seishu Inui","Tokyo Revengers","2","Mon, 10 Mar 2025 21:04:36 GMT","1741640676649","63","","","","No","No","","","39","0","2","688687114128588823","688687114128588823","797920307284934697","36","F","S","S","S","A","F","D","",""
"v4l9zhp","73467","1","Pandamon","Digimon Frontier","3","Mon, 10 Mar 2025 20:34:00 GMT","1741638840210","14","","","","No","No","","","1","0","3","688687114128588823","688687114128588823","797920307284934697","8","F","S","S","S","A","F","D","",""
"v4lg7x8","73124","1","Catherine","Black Clover","0","Mon, 10 Mar 2025 19:34:36 GMT","1741635276698","4","","","","No","No","","","1","0","0","1345496003708588172","688687114128588823","797920307284934697","1","F","S","S","F","B","F","D","",""
"v4lrjfr","73363","1","Chef","Descending Stories: Shouwa Genroku Rakugo Shinjuu","2","Mon, 10 Mar 2025 18:25:11 GMT","1741631111085","1","","","","No","No","","","0","0","2","","688687114128588823","797920307284934697","0","F","S","S","F","F","F","D","",""
"v4lrtsk","11037","4","Roberta","Black Lagoon","3","Mon, 10 Mar 2025 18:12:35 GMT","1741630355832","81","","","","No","No","","","34","0","3","688687114128588823","688687114128588823","797920307284934697","43","F","S","S","S","A","F","D","",""
"v4lr1j5","44536","2","Doctor Heartless","Lord El-Melloi II's Case Files {Rail Zeppelin} Grace note","0","Mon, 10 Mar 2025 17:42:20 GMT","1741628540743","3","","","","No","No","","","1","0","0","1345496003708588172","688687114128588823","797920307284934697","1","F","S","S","F","B","F","D","",""
"v4l3b22","73399","1","Yohko Mano","Devil Hunter Yohko","0","Mon, 10 Mar 2025 16:52:42 GMT","1741625562395","1","","","","No","No","","","1","0","0","688687114128588823","688687114128588823","797920307284934697","0","F","S","S","S","B","F","D","",""
"v4lp5kj","73140","1","Cocoa's Mother","Is the Order a Rabbit??","2","Mon, 10 Mar 2025 16:11:44 GMT","1741623104250","7","","","","No","No","","","1","0","2","1345496003708588172","688687114128588823","797920307284934697","4","F","S","S","F","B","F","D","",""
"v4lr5qq","73138","1","Kashuu Kiyomitsu","Touken Ranbu: Hanamaru","0","Mon, 10 Mar 2025 15:38:09 GMT","1741621089295","1","","","","No","No","","","2","0","0","688687114128588823","688687114128588823","797920307284934697","0","F","S","S","S","B","F","D","",""
"v4lp777","2236","4","Wujukeun","A Returner's Magic Should Be Special","3","Mon, 10 Mar 2025 14:59:57 GMT","1741618797093","49","","","","No","No","","","0","0","3","688687114128588823","688687114128588823","797920307284934697","25","F","S","S","S","A","F","D","",""
"v4lzl0v","12766","4","Sevilbarra","Granblue Fantasy","0","Mon, 10 Mar 2025 12:54:46 GMT","1741611286968","6","","","","No","No","","","1","0","0","688687114128588823","688687114128588823","797920307284934697","4","F","S","S","S","A","F","D","",""
"v4l1nc2","45770","1","Blade","Blade","1","Mon, 10 Mar 2025 10:09:16 GMT","1741601356174","4","","","","No","No","","","2","0","1","688687114128588823","688687114128588823","797920307284934697","1","F","S","S","S","A","F","D","",""
"v4l1ff3","73194","1","Zitong Xia","Aishen Qiaokeli-ing...","3","Mon, 10 Mar 2025 08:58:01 GMT","1741597081379","24","","","","No","No","","","1","0","3","688687114128588823","688687114128588823","797920307284934697","14","F","S","S","S","B","F","D","",""
"v4ln4jg","73121","1","Karami Azuma","Riddle Story of Devil","0","Mon, 10 Mar 2025 06:30:55 GMT","1741588255262","1","","","","No","No","","","1","0","0","688687114128588823","688687114128588823","797920307284934697","0","F","S","S","S","A","F","D","",""
"v4lnj5b","72540","1","Aki","Yuuki Yuuna Is a Hero: The Washio Sumi Chapter","4","Mon, 10 Mar 2025 05:44:30 GMT","1741585470712","11","","","","No","No","","","0","0","4","1345496003708588172","688687114128588823","797920307284934697","5","F","S","S","F","B","F","D","",""
"v4lk6hr","72684","1","Poco's Sister","JoJo's Bizarre Adventure","4","Sun, 09 Mar 2025 23:36:24 GMT","1741563384413","57","","","","No","No","","","1","0","4","1345496003708588172","688687114128588823","797920307284934697","25","F","S","S","F","D","F","D","",""
"v4lkgtq","44426","1","Gouzuka","Mieruko-chan","3","Sun, 09 Mar 2025 22:42:47 GMT","1741560167917","7","","","","No","No","","","1","0","3","1345496003708588172","688687114128588823","797920307284934697","4","F","S","S","F","F","F","D","",""
"v4l5vcb","72532","1","Numage","Junji Ito Collection","1","Sun, 09 Mar 2025 22:32:23 GMT","1741559543837","2","","","","No","No","","","1","0","1","688687114128588823","688687114128588823","797920307284934697","1","F","S","S","S","A","F","D","",""
"v4lkbf2","73350","1","Izak Malus Dienheim","Symphogear GX","3","Sun, 09 Mar 2025 20:58:13 GMT","1741553893355","3","","","","No","No","","","1","0","3","688687114128588823","688687114128588823","797920307284934697","1","F","S","S","S","A","F","D","",""
"v4lw4jx","73111","1","Hungry Man","AFRA & INCREDIBLE BEATBOX BAND: Seven Nation Army","2","Sun, 09 Mar 2025 19:53:50 GMT","1741550030014","2","","","","No","No","","","1","0","2","1345496003708588172","688687114128588823","797920307284934697","1","F","S","S","F","C","F","D","",""
"v4lwp26","68161","1","Necro Gardna","Yu-Gi-Oh! GX","1","Sun, 09 Mar 2025 19:31:22 GMT","1741548682604","2","","","","No","No","","","1","0","1","688687114128588823","688687114128588823","797920307284934697","1","F","S","S","S","A","F","D","",""
"v4l2rvz","43974","2","Shiro Nishi","Whisper of the Heart","2","Sun, 09 Mar 2025 18:54:09 GMT","1741546449510","14","","","","No","No","","","1","0","2","688687114128588823","688687114128588823","797920307284934697","8","F","S","S","S","A","F","D","",""
"v4l2nd8","44312","2","Mairu Shirouzu","Saki: Episode of Side A","1","Sun, 09 Mar 2025 17:25:52 GMT","1741541152441","9","","","","No","No","","","0","0","1","688687114128588823","688687114128588823","797920307284934697","4","F","S","S","S","A","F","D","",""
"v4lq4jn","73316","1","Toren","Pokémon: The Power of Us","1","Sun, 09 Mar 2025 15:59:18 GMT","1741535958379","4","","","","No","No","","","1","0","1","688687114128588823","688687114128588823","797920307284934697","1","F","S","S","S","A","F","D","",""
"v4lvdn8","73066","1","Ayano Aizawa","Captain Earth","3","Sun, 09 Mar 2025 11:54:45 GMT","1741521285364","4","","","","No","No","","","0","0","3","688687114128588823","688687114128588823","797920307284934697","1","F","S","S","S","B","F","D","",""
"v4lv16h","15200","3","Jay","Tales of Legendia","2","Sun, 09 Mar 2025 10:49:39 GMT","1741517379153","19","","","","No","No","","","1","0","2","688687114128588823","688687114128588823","797920307284934697","13","F","S","S","S","A","F","D","",""
"v4fxmcc","73074","1","Masamune Date","Sengoku Collection","3","Sun, 09 Mar 2025 01:31:30 GMT","1741483890896","13","","","","No","No","","","1","0","3","688687114128588823","688687114128588823","797920307284934697","6","F","S","S","S","S","F","D","",""
"v4fsjr3","28265","1","Miwako Sakurada","Paradise Kiss","3","Sun, 09 Mar 2025 00:03:31 GMT","1741478611630","15","","","","No","No","","","36","0","3","688687114128588823","688687114128588823","797920307284934697","8","F","S","S","S","A","F","D","",""
"v4fdcjx","2224","6","Koakuma","Touhou Project","2","Sat, 08 Mar 2025 23:05:38 GMT","1741475138589","58","","","","No","No","","","13","0","2","688687114128588823","688687114128588823","797920307284934697","33","F","S","S","S","A","F","D","",""
"v4fd4wj","73071","1","Shizuka Masuda","Final Approach","2","Sat, 08 Mar 2025 22:25:23 GMT","1741472723489","3","","","","No","No","","","1","0","2","688687114128588823","688687114128588823","797920307284934697","1","F","S","S","S","A","F","D","",""
"v4f7g3h","72801","1","Mary Kikakujou","Armed Girl's Machiavellism","1","Sat, 08 Mar 2025 21:13:57 GMT","1741468437464","4","","","","No","No","","","3","0","1","688687114128588823","688687114128588823","797920307284934697","1","F","S","S","S","A","F","D","",""
"v4f75nh","59021","1","Chronophage","Edens Zero","0","Sat, 08 Mar 2025 20:43:36 GMT","1741466616949","1","","","","No","No","","","1","0","0","1345496003708588172","688687114128588823","797920307284934697","0","F","S","S","F","B","F","D","",""
"v4f71qj","73133","1","Kaa","Jungle Book","1","Sat, 08 Mar 2025 19:10:48 GMT","1741461048610","4","","","","No","No","","","1","0","1","1345496003708588172","688687114128588823","797920307284934697","1","F","S","S","F","F","F","D","",""
"v4f8bbb","73135","1","Whisper","Yo-kai Watch","4","Sat, 08 Mar 2025 18:02:28 GMT","1741456948154","48","","","","No","No","","","9","0","4","688687114128588823","688687114128588823","797920307284934697","24","F","S","S","S","B","F","D","",""
"v4flg1q","35456","2","Taketo Aida","Miss Kobayashi's Dragon Maid S","2","Sat, 08 Mar 2025 16:48:37 GMT","1741452517721","28","","","","No","No","","","3","0","2","688687114128588823","688687114128588823","797920307284934697","15","F","S","S","S","S","F","D","",""
"v4f8bqh","68471","1","The Flute of Summoning Dragon","Yu-Gi-Oh! Duel Monsters","2","Sat, 08 Mar 2025 16:26:03 GMT","1741451163339","5","","","","No","No","","","0","0","2","","688687114128588823","797920307284934697","1","F","S","S","F","A","F","D","",""
"v4fl10s","15220","4","Black Cat","Ayakashi: Japanese Classic Horror","3","Sat, 08 Mar 2025 15:27:19 GMT","1741447639834","60","","","","No","No","","","1","0","3","1345496003708588172","688687114128588823","797920307284934697","28","F","S","S","F","F","F","D","",""
"v4fln3n","73099","1","Franca Dochley","Coyote Ragtime Show","3","Sat, 08 Mar 2025 14:56:46 GMT","1741445806362","4","","","","No","No","","","0","0","3","1258103469164728365","688687114128588823","797920307284934697","1","F","S","S","F","F","F","D","",""
"v4flzkk","17348","2","Mayu Nozaki","Monthly Girls' Nozaki-kun","2","Sat, 08 Mar 2025 14:06:02 GMT","1741442762410","28","","","","No","No","","","2","0","2","688687114128588823","688687114128588823","797920307284934697","15","F","S","S","S","A","F","D","",""
"v4ffwr3","72875","1","Saw Paing Yoroizuka","Kengan Ashura","2","Sat, 08 Mar 2025 13:14:32 GMT","1741439672180","3","","","","No","No","","","3","0","2","1345496003708588172","688687114128588823","797920307284934697","1","F","S","S","F","A","F","D","",""
"v4fl22j","72933","1","Kanchal","Ishuzoku Reviewers","1","Sat, 08 Mar 2025 12:31:15 GMT","1741437075588","3","","","","No","No","","","1","0","1","1345496003708588172","688687114128588823","797920307284934697","1","F","S","S","F","F","F","D","",""
"v4f92p9","73432","1","Issun Boushi","Eiga Smile Precure: Ehon no Naka wa Minna Chiguhagu!","2","Sat, 08 Mar 2025 11:06:18 GMT","1741431978535","1","","","","No","No","","","0","0","2","1345496003708588172","688687114128588823","797920307284934697","0","F","S","S","F","C","F","D","",""
"v4f9jj4","73358","1","Lilith","The Demon Girl Next Door","0","Sat, 08 Mar 2025 10:42:58 GMT","1741430578080","3","","","","No","No","","","1","0","0","688687114128588823","688687114128588823","797920307284934697","1","F","S","S","S","B","F","D","",""
"v4f9q5k","69425","1","Kanichi Nishi","Ashita no Joe","2","Sat, 08 Mar 2025 10:21:13 GMT","1741429273010","1","","","","No","No","","","1","0","2","1345496003708588172","688687114128588823","797920307284934697","0","F","S","S","F","D","F","D","",""
"v4fgpqb","44024","1","Rinak","Epic Seven","4","Sat, 08 Mar 2025 09:49:02 GMT","1741427342431","71","","","","No","No","","","1","0","4","688687114128588823","688687114128588823","797920307284934697","39","F","S","S","S","A","F","D","",""
"v4fzzzk","72563","1","Alice","Mahou Shoujo Tai Arusu","1","Fri, 07 Mar 2025 22:09:58 GMT","1741385398126","2","","","","No","No","","","0","0","1","688687114128588823","688687114128588823","797920307284934697","1","F","S","S","S","B","F","D","",""
"v4fz5tr","27180","3","Yuuka Sasaki","Talentless Nana","4","Fri, 07 Mar 2025 20:21:05 GMT","1741378865853","96","","","","No","No","","","1","0","4","688687114128588823","688687114128588823","797920307284934697","50","F","S","S","S","A","F","D","",""
"v4f1gnh","19494","2","Bepo","One Piece","2","Fri, 07 Mar 2025 19:47:44 GMT","1741376864141","44","","","","No","No","","","29","0","2","688687114128588823","688687114128588823","797920307284934697","24","F","S","S","S","B","F","D","",""
"v4fn29c","67688","1","Leo Whitefang","Guilty Gear","1","Fri, 07 Mar 2025 16:36:56 GMT","1741365416625","4","","","","No","No","","","4","0","1","1345496003708588172","688687114128588823","797920307284934697","1","F","S","S","F","B","F","D","",""
"v4fjfp6","73187","1","Hell's Taxi","Gregory Horror Show","0","Fri, 07 Mar 2025 15:59:14 GMT","1741363154999","1","","","","No","No","","","1","0","0","688687114128588823","688687114128588823","797920307284934697","0","F","S","S","S","C","F","D","",""
"v4f5x0l","73324","1","Viola","Pokémon XY","0","Fri, 07 Mar 2025 15:22:37 GMT","1741360957306","3","","","","No","No","","","1","0","0","1258103469164728365","688687114128588823","797920307284934697","1","F","S","S","F","F","F","D","",""
"v4f5ztd","72884","1","Mikiko Kawamoto","Amon: Apocalypse of Devilman","2","Fri, 07 Mar 2025 14:57:04 GMT","1741359424586","2","","","","No","No","","","1","0","2","688687114128588823","688687114128588823","797920307284934697","1","F","S","S","S","D","F","D","",""
"v4f5pxz","13771","3","Shuichi Minamino","Yu Yu Hakusho","4","Fri, 07 Mar 2025 14:21:21 GMT","1741357281839","152","","","","No","No","","","51","0","4","688687114128588823","688687114128588823","797920307284934697","84","F","S","S","S","S","F","D","",""
"v4fkf95","72661","1","Tonton","Naruto","3","Fri, 07 Mar 2025 12:08:26 GMT","1741349306911","43","","","","No","No","","","7","0","3","688687114128588823","688687114128588823","797920307284934697","24","F","S","S","S","A","F","D","",""
"v4f51x3","73340","1","Madame Muchmoney's Snubbull","Pokémon","3","Fri, 07 Mar 2025 11:02:26 GMT","1741345346038","22","","","","No","No","","","1","0","3","1345496003708588172","688687114128588823","797920307284934697","11","F","S","S","F","F","F","D","",""
"v4f5565","73163","1","Schnee","100 Sleeping Princes and the Kingdom of Dreams","2","Fri, 07 Mar 2025 10:31:20 GMT","1741343480154","7","","","","No","No","","","1","0","2","688687114128588823","688687114128588823","797920307284934697","4","F","S","S","S","D","F","D","",""
"v4fk379","63885","1","White Dog","Sakura Wars: The Movie","2","Fri, 07 Mar 2025 10:01:08 GMT","1741341668691","7","","","","No","No","","","1","0","2","688687114128588823","688687114128588823","797920307284934697","4","F","S","S","S","C","F","D","",""
"v4fhl5s","72691","1","Raimei Shimizu","Nabari no Ou","1","Fri, 07 Mar 2025 05:43:49 GMT","1741326229475","2","","","","No","No","","","1","0","1","688687114128588823","688687114128588823","797920307284934697","1","F","S","S","S","B","F","D","",""
"v4fv3p6","65934","1","Fine Forté","Back Arrow","0","Thu, 06 Mar 2025 23:20:08 GMT","1741303208105","1","","","","No","No","","","0","0","0","688687114128588823","688687114128588823","797920307284934697","0","F","S","S","S","A","F","D","",""
"v4f0m2r","26506","3","Sachertorte","Food Fantasy","1","Thu, 06 Mar 2025 22:14:49 GMT","1741299289993","15","","","","No","No","","","2","0","1","688687114128588823","688687114128588823","797920307284934697","6","F","S","S","S","F","F","D","",""
"v4fmrlh","72777","1","Sidune Rindo","Gunslinger Stratos: The Animation","1","Thu, 06 Mar 2025 20:06:21 GMT","1741291581771","2","","","","No","No","","","0","0","1","688687114128588823","688687114128588823","797920307284934697","1","F","S","S","S","A","F","D","",""
"v4fmzrx","26126","3","Jucerino","Peach Boy Riverside","3","Thu, 06 Mar 2025 19:31:56 GMT","1741289516530","48","","","","No","No","","","1","0","3","","688687114128588823","797920307284934697","24","F","S","S","F","B","F","D","",""
"v496nv9","72734","1","Kujira no Shoujo","Saishuu Shiken Kujira","2","Thu, 06 Mar 2025 17:20:31 GMT","1741281631065","4","","","","No","No","","","1","1","2","1345496003708588172","688687114128588823","797920307284934697","1","F","S","S","F","A","D","D","",""
"v49s1d5","18334","3","Shimano Futoshi","Yakuza","2","Thu, 06 Mar 2025 13:57:37 GMT","1741269457605","17","","","","No","No","","","2","0","2","688687114128588823","688687114128588823","797920307284934697","8","F","S","S","S","A","F","D","",""
"v49dm9x","73099","1","Kurara Hoshino","Oreimo Specials","2","Thu, 06 Mar 2025 11:55:43 GMT","1741262143792","3","","","","No","No","","","0","0","2","688687114128588823","688687114128588823","797920307284934697","1","F","S","S","S","A","F","D","",""
"v49td40","56321","1","Hell's Gatekeeper Kerberos","Solo Leveling","2","Thu, 06 Mar 2025 07:57:17 GMT","1741247837804","19","","","","No","No","","","4","0","2","688687114128588823","688687114128588823","797920307284934697","13","F","S","S","S","A","F","D","",""
"v497k28","72960","1","Hansel","Ozmafia!!","2","Thu, 06 Mar 2025 05:59:20 GMT","1741240760788","6","","","","No","No","","","1","0","2","1345496003708588172","688687114128588823","797920307284934697","4","F","S","S","F","F","F","D","",""
"v498p09","13438","2","Won Rean","I've Somehow Gotten Stronger When I Improved My Farm-Related Skills","1","Thu, 06 Mar 2025 05:36:44 GMT","1741239404091","6","","","","No","No","","","0","0","1","688687114128588823","688687114128588823","797920307284934697","4","F","S","S","S","B","F","D","",""
"v49gpx3","73293","1","Reptilian","The Laws of the Sun","3","Wed, 05 Mar 2025 22:07:06 GMT","1741212426948","4","","","","No","No","","","0","0","3","688687114128588823","688687114128588823","797920307284934697","1","F","S","S","S","A","F","D","",""
"v499bbr","72845","1","Liu Zhou","Terra Formars: Revenge","2","Wed, 05 Mar 2025 21:36:36 GMT","1741210596189","1","","","","No","No","","","0","0","2","1258103469164728365","688687114128588823","797920307284934697","0","F","S","S","F","F","F","D","",""
"v49g4z3","72929","1","Galko","Please tell me! Galko-chan","2","Wed, 05 Mar 2025 21:06:10 GMT","1741208770855","27","","","","No","No","","","13","0","2","1345496003708588172","688687114128588823","797920307284934697","13","F","S","S","F","F","F","D","",""
"v49rxc6","69844","1","Mega Absol","Pokémon XY: Mega Evolution","3","Wed, 05 Mar 2025 19:29:31 GMT","1741202971169","54","","","","No","No","","","15","0","3","688687114128588823","688687114128588823","797920307284934697","26","F","S","S","S","D","F","D","",""
"v49plmf","73311","1","Knife Tsutsuji","Kemonozume","3","Wed, 05 Mar 2025 17:32:49 GMT","1741195969922","2","","","","No","No","","","0","0","3","1345496003708588172","688687114128588823","797920307284934697","1","F","S","S","F","F","F","D","",""
"v49r76g","19089","2","Carol","Black Summoner","3","Wed, 05 Mar 2025 16:46:30 GMT","1741193190225","32","","","","No","No","","","0","0","3","688687114128588823","688687114128588823","797920307284934697","18","F","S","S","S","A","F","D","",""
"v49rw59","40516","2","Isidro","Berserk (2016)","1","Wed, 05 Mar 2025 16:16:10 GMT","1741191370369","13","","","","No","No","","","6","0","1","1345496003708588172","688687114128588823","797920307284934697","5","F","S","S","F","A","F","D","",""
"v49pkw7","73089","1","Tomato Fujiwara","Momo: The Girl God of Death","2","Wed, 05 Mar 2025 15:36:47 GMT","1741189007108","1","","","","No","No","","","0","0","2","1345496003708588172","688687114128588823","797920307284934697","0","F","S","S","F","B","F","D","",""
"v49439m","73327","1","The Princess","Sushi Ninja","2","Wed, 05 Mar 2025 14:45:58 GMT","1741185958407","4","","","","No","No","","","1","0","2","1258103469164728365","688687114128588823","797920307284934697","1","F","S","S","F","F","F","D","",""
"v494vk8","72843","1","Ajisai","The Sprites of Floria","0","Wed, 05 Mar 2025 14:32:07 GMT","1741185127084","1","","","","No","No","","","0","0","0","688687114128588823","688687114128588823","797920307284934697","0","F","S","S","S","A","F","D","",""
"v49ztcb","68506","1","Neko-Sensei","Urusei Yatsura","2","Wed, 05 Mar 2025 13:10:44 GMT","1741180244109","4","","","","No","No","","","1","0","2","688687114128588823","688687114128588823","797920307284934697","1","F","S","S","S","B","F","D","",""
"v49zsrg","14677","2","Kyle Marcus","Vampire Hunter D: Bloodlust","1","Wed, 05 Mar 2025 12:39:54 GMT","1741178394428","7","","","","No","No","","","1","0","1","688687114128588823","688687114128588823","797920307284934697","4","F","S","S","S","C","F","D","",""
"v491dlf","21800","2","Nono Morikubo","The IDOLM@STER: Cinderella Girls Theater","3","Wed, 05 Mar 2025 12:04:14 GMT","1741176254482","47","","","","No","No","","","2","0","3","688687114128588823","688687114128588823","797920307284934697","25","F","S","S","S","A","F","D","",""
"v491pxl","29358","1","Chloe von Einzbern","Fate/Kaleid Liner Prisma Illya 2wei!","2","Wed, 05 Mar 2025 11:28:25 GMT","1741174105124","31","","","","No","No","","","35","0","2","1345496003708588172","688687114128588823","797920307284934697","15","F","S","S","F","F","F","D","",""
"v49158b","72628","1","Veronica","Arte","0","Wed, 05 Mar 2025 11:05:06 GMT","1741172706594","1","","","","No","No","","","1","0","0","","688687114128588823","797920307284934697","0","F","S","S","F","F","F","D","",""
"v491mjg","72910","1","Kuin","Ushio and Tora TV","3","Wed, 05 Mar 2025 10:43:32 GMT","1741171412094","3","","","","No","No","","","0","0","3","688687114128588823","688687114128588823","797920307284934697","1","F","S","S","S","A","F","D","",""
"v49z573","8363","1","Forest Law","Tekken 3","1","Wed, 05 Mar 2025 10:13:16 GMT","1741169596088","6","","","","No","No","","","1","0","1","688687114128588823","688687114128588823","797920307284934697","4","F","S","S","S","A","F","D","",""
"v4917gs","72767","1","Sunshine","Tide-Line Blue","4","Wed, 05 Mar 2025 10:03:13 GMT","1741168993688","3","","","","No","No","","","0","0","4","1345496003708588172","688687114128588823","797920307284934697","1","F","S","S","F","A","F","D","",""
"v491lvl","72868","1","Gilbert Makiner","Kyo Kara Maoh!","4","Wed, 05 Mar 2025 09:39:42 GMT","1741167582079","3","","","","No","No","","","1","0","4","688687114128588823","688687114128588823","797920307284934697","1","F","S","S","S","A","F","D","",""
"v491cm2","72812","1","Sudou","Clannad After Story","4","Wed, 05 Mar 2025 09:28:05 GMT","1741166885410","9","","","","No","No","","","1","0","4","1345496003708588172","688687114128588823","797920307284934697","4","F","S","S","F","B","F","D","",""
"v491jlw","73023","1","Spencer Hale","Pokémon: Spell of the Unown","0","Wed, 05 Mar 2025 08:01:22 GMT","1741161682341","1","","","","No","No","","","1","0","0","688687114128588823","688687114128588823","797920307284934697","0","F","S","S","S","A","F","D","",""
"v49jmzh","60378","1","Yasuzawa","Black Lagoon: The Second Barrage","1","Wed, 05 Mar 2025 07:02:29 GMT","1741158149693","1","","","","No","No","","","0","0","1","688687114128588823","688687114128588823","797920307284934697","0","F","S","S","S","B","F","D","",""
"v49np3j","14162","2","Yan","Nikke: Goddess of Victory","2","Wed, 05 Mar 2025 06:44:57 GMT","1741157097105","47","","","","No","No","","","7","0","2","1345496003708588172","688687114128588823","797920307284934697","23","F","S","S","F","C","F","D","",""
"v49n1vr","71543","1","Laby","Elsword","1","Wed, 05 Mar 2025 06:31:47 GMT","1741156307414","6","","","","No","No","","","6","0","1","688687114128588823","688687114128588823","797920307284934697","4","F","S","S","S","B","F","D","",""
"v49kp9l","72866","1","Osamu Funada","_summer","1","Wed, 05 Mar 2025 00:06:33 GMT","1741133193550","1","","","","No","No","","","0","0","1","1258103469164728365","688687114128588823","797920307284934697","0","F","S","S","F","F","F","D","",""
"v49khq0","18583","1","Fukuda","Skip and Loafer","2","Tue, 04 Mar 2025 23:47:15 GMT","1741132035857","5","","","","No","No","","","0","0","2","1345496003708588172","688687114128588823","797920307284934697","1","F","S","S","F","F","F","D","",""
"v49kvdz","7944","5","Scathacha","Granblue Fantasy","3","Tue, 04 Mar 2025 23:31:14 GMT","1741131074690","64","","","","No","No","","","1","0","3","688687114128588823","688687114128588823","797920307284934697","35","F","S","S","S","B","F","D","",""
"v49wnnz","72666","1","Wakaba's Mother","Pupipo!","4","Tue, 04 Mar 2025 22:57:24 GMT","1741129044168","7","","","","No","No","","","0","0","4","1345496003708588172","688687114128588823","797920307284934697","4","F","S","S","F","B","F","D","",""
"v49w3xn","43283","2","Nalu Tanaka","Wave!!: Surfing Yappe!!","0","Tue, 04 Mar 2025 22:19:15 GMT","1741126755952","4","","","","No","No","","","1","0","0","1345496003708588172","688687114128588823","797920307284934697","1","F","S","S","F","A","F","D","",""
"v49w03b","73157","1","Touma","Noragami Aragoto","2","Tue, 04 Mar 2025 21:28:23 GMT","1741123703860","7","","","","No","No","","","0","0","2","1345496003708588172","688687114128588823","797920307284934697","4","F","S","S","F","F","F","D","",""
"v4926v9","64448","1","Kisa Fushimi","K: SEVEN STORIES","1","Tue, 04 Mar 2025 20:51:33 GMT","1741121493475","3","","","","No","No","","","1","0","1","688687114128588823","688687114128588823","797920307284934697","1","F","S","S","S","B","F","D","",""
"v492zzw","73224","1","Princess Oni-No-Te","Phi Brain: Kami no Puzzle","3","Tue, 04 Mar 2025 20:34:12 GMT","1741120452697","6","","","","No","No","","","1","0","3","","688687114128588823","797920307284934697","4","F","S","S","F","F","F","D","",""
"v49h97s","73124","1","Nidvork","Dances with the Dragons","3","Tue, 04 Mar 2025 20:12:34 GMT","1741119154388","10","","","","No","No","","","1","0","3","1345496003708588172","688687114128588823","797920307284934697","5","F","S","S","F","C","F","D","",""
"v49h4sq","3508","6","Wong Yunfat","Mobile Fighter G Gundam","0","Tue, 04 Mar 2025 19:44:56 GMT","1741117496025","6","","","","No","No","","","1","0","0","688687114128588823","688687114128588823","797920307284934697","4","F","S","S","S","S","F","D","",""
"v49qrhr","73504","1","Emma","Walkure Romanze","2","Tue, 04 Mar 2025 18:22:25 GMT","1741112545224","4","","","","No","No","","","0","0","2","688687114128588823","688687114128588823","797920307284934697","1","F","S","S","S","A","F","D","",""
"v49qxrm","16075","4","Ranta","Grimgar of Fantasy and Ash","2","Tue, 04 Mar 2025 17:13:29 GMT","1741108409070","25","","","","No","No","","","2","0","2","688687114128588823","688687114128588823","797920307284934697","14","F","S","S","S","B","F","D","",""
"v49qtdc","8001","5","Tsukito Totsuka","Kamigami no Asobi","1","Tue, 04 Mar 2025 16:18:14 GMT","1741105094116","14","","","","No","No","","","1","0","1","688687114128588823","688687114128588823","797920307284934697","8","F","S","S","S","A","F","D","",""
"v4900h6","8165","1","Emperor","The Apothecary Diaries","0","Tue, 04 Mar 2025 15:16:10 GMT","1741101370591","3","","","","No","No","","","1","0","0","688687114128588823","688687114128588823","797920307284934697","1","F","S","S","S","A","F","D","",""
"v49vwf1","73000","1","Sasame Mitsukuri","Music Girls","1","Tue, 04 Mar 2025 13:47:46 GMT","1741096066945","3","","","","No","No","","","1","0","1","688687114128588823","688687114128588823","797920307284934697","1","F","S","S","S","B","F","D","",""
"v490wj2","33444","2","Sorata","Tsubasa Reservoir Chronicle","0","Tue, 04 Mar 2025 13:11:22 GMT","1741093882757","3","","","","No","No","","","0","0","0","688687114128588823","688687114128588823","797920307284934697","1","F","S","S","S","A","F","D","",""
"v49mfps","26623","3","Mido","Maquia - When the Promised Flower Blooms","2","Tue, 04 Mar 2025 12:14:52 GMT","1741090492379","15","","","","No","No","","","1","0","2","688687114128588823","688687114128588823","797920307284934697","8","F","S","S","S","A","F","D","",""
"v49mq8z","72874","1","Margaret Burton","Madlax","2","Tue, 04 Mar 2025 09:32:35 GMT","1741080755635","1","","","","No","No","","","1","0","2","688687114128588823","688687114128588823","797920307284934697","0","F","S","S","S","B","F","D","",""
"v4gcw39","73101","1","Megumi's Sister","IDOLiSH7","2","Tue, 04 Mar 2025 08:30:45 GMT","1741077045633","4","","","","No","No","","","0","0","2","1345496003708588172","688687114128588823","797920307284934697","1","F","S","S","F","F","F","D","",""
"v4gcw3r","73100","1","Chacha","BuBu ChaCha","2","Tue, 04 Mar 2025 08:30:36 GMT","1741077036813","4","","","","No","No","","","1","0","2","1345496003708588172","688687114128588823","797920307284934697","1","F","S","S","F","C","F","D","",""
"v4gcd9z","20843","2","Re=L Rayford","Akashic Records of Bastard Magic Instructor","0","Tue, 04 Mar 2025 08:20:41 GMT","1741076441080","10","","","","No","No","","","9","0","0","688687114128588823","688687114128588823","797920307284934697","5","F","S","S","S","B","F","D","",""
"v4gctnp","73026","1","Hiroyuki Sanada","And Yet the Town Moves","1","Tue, 04 Mar 2025 07:57:48 GMT","1741075068810","1","","","","No","No","","","1","0","1","1345496003708588172","688687114128588823","797920307284934697","0","F","S","S","F","B","F","D","",""
"v4g6rsr","73085","1","Konta","Kekkaishi","2","Tue, 04 Mar 2025 07:45:15 GMT","1741074315483","1","","","","No","No","","","0","0","2","688687114128588823","688687114128588823","797920307284934697","0","F","S","S","S","A","F","D","",""
"v4gl5lg","73061","1","Kenya Onizuka","Aesthetica of a Rogue Hero","1","Mon, 03 Mar 2025 18:53:18 GMT","1741027998318","1","","","","No","No","","","0","0","1","1345496003708588172","688687114128588823","797920307284934697","0","F","S","S","F","F","F","D","",""
"v4gfr33","33464","1","Tirgu","Tales of Asteria","2","Mon, 03 Mar 2025 18:11:23 GMT","1741025483924","10","","","","No","No","","","1","0","2","1345496003708588172","688687114128588823","797920307284934697","5","F","S","S","F","F","F","D","",""
"v4g9r0p","72722","1","Kennedy","Astro Boy (2003)","1","Mon, 03 Mar 2025 17:53:00 GMT","1741024380176","1","","","","No","No","","","0","0","1","1258103469164728365","688687114128588823","797920307284934697","0","F","S","S","F","F","F","D","",""
"v4g9zn0","72999","1","Zephyrantes Full Burnern","Mobile Suit Gundam 0083: Stardust Memory","4","Mon, 03 Mar 2025 17:23:18 GMT","1741022598656","19","","","","No","No","","","1","0","4","688687114128588823","688687114128588823","797920307284934697","13","F","S","S","S","B","F","D","",""
"v4gg1mh","72592","1","Yuu Aoki","Ms. vampire who lives in my neighborhood.","0","Mon, 03 Mar 2025 16:49:41 GMT","1741020581430","1","","","","No","No","","","1","0","0","688687114128588823","688687114128588823","797920307284934697","0","F","S","S","S","D","F","D","",""
"v4gg2tk","73230","1","Yamamoto 372-gou","The Irresponsible Galaxy Tylor","2","Mon, 03 Mar 2025 16:28:41 GMT","1741019321154","2","","","","No","No","","","1","0","2","1258103469164728365","688687114128588823","797920307284934697","1","F","S","S","F","F","F","D","",""
"v4g9sx4","72597","1","Sabame","Dororo (2019)","4","Mon, 03 Mar 2025 16:14:35 GMT","1741018475021","12","","","","No","No","","","1","0","4","688687114128588823","688687114128588823","797920307284934697","5","F","S","S","S","A","F","D","",""
"v4g3zvp","72587","1","Gundam Kyrios","Mobile Suit Gundam 00","3","Mon, 03 Mar 2025 14:37:28 GMT","1741012648715","13","","","","No","No","","","4","0","3","688687114128588823","688687114128588823","797920307284934697","5","F","S","S","S","B","F","D","",""
"v4g39vv","4040","6","Shalltear Bloodfallen","Overlord","3","Mon, 03 Mar 2025 13:07:24 GMT","1741007244044","165","","","","No","No","200-400","","354","0","3","688687114128588823","688687114128588823","797920307284934697","89","F","S","S","S","A","F","D","",""
"v4grgqj","72999","1","Anne Frank","Anne no Nikki","2","Mon, 03 Mar 2025 12:25:39 GMT","1741004739036","5","","","","No","No","","","4","0","2","688687114128588823","688687114128588823","797920307284934697","1","F","S","S","S","A","F","D","",""
"v4grp9t","73286","1","Misa Kitagawa","Photo Kano","2","Mon, 03 Mar 2025 10:13:00 GMT","1740996780661","3","","","","No","No","","","0","0","2","688687114128588823","688687114128588823","797920307284934697","1","F","S","S","S","B","F","D","",""
"v4gprsx","43607","2","Motoko Kusanagi","Ghost in the Shell","3","Mon, 03 Mar 2025 09:35:06 GMT","1740994506550","68","","","","No","No","","","49","0","3","688687114128588823","688687114128588823","797920307284934697","38","F","S","S","S","A","F","D","",""
"v4g4t61","23781","1","Zamazenta","Pokémon Journeys: The Series","2","Mon, 03 Mar 2025 08:58:32 GMT","1740992312299","19","","","","No","No","","","7","0","2","688687114128588823","688687114128588823","797920307284934697","13","F","S","S","S","A","F","D","",""
"v4g4q1v","73386","1","Tokie","Urara Meirochou","2","Mon, 03 Mar 2025 06:41:00 GMT","1740984060193","4","","","","No","No","","","1","0","2","688687114128588823","688687114128588823","797920307284934697","1","F","S","S","S","B","F","D","",""
"v4g4j79","72916","1","Selim","Altair: A Record of Battles","3","Mon, 03 Mar 2025 05:57:44 GMT","1740981464545","4","","","","No","No","","","0","0","3","688687114128588823","688687114128588823","797920307284934697","1","F","S","S","S","B","F","D","",""
"v4g4l1h","3835","2","Fangmei Xun","Shenmue the Animation","2","Mon, 03 Mar 2025 05:47:13 GMT","1740980833499","17","","","","No","No","","","0","0","2","1345496003708588172","688687114128588823","797920307284934697","6","F","S","S","F","C","F","D","",""
"v4gn2br","73132","1","P.U.P.","Space Dandy","2","Mon, 03 Mar 2025 00:40:04 GMT","1740962404910","8","","","","No","No","","","1","0","2","688687114128588823","688687114128588823","797920307284934697","4","F","S","S","S","A","F","D","",""
"v4gjrws","72494","1","Souya","Penguindrum","3","Sun, 02 Mar 2025 23:28:57 GMT","1740958137947","9","","","","No","No","","","1","0","3","1345496003708588172","688687114128588823","797920307284934697","4","F","S","S","F","B","F","D","",""
"v4gb7x2","72923","1","Mikan Kasuga","UQ Holder!","2","Sun, 02 Mar 2025 22:28:52 GMT","1740954532885","3","","","","No","No","","","1","0","2","1345496003708588172","688687114128588823","797920307284934697","1","F","S","S","F","B","F","D","",""
"v4gbr1n","73081","1","Patrat","Pokémon: Pikachu and the Pokémon Music Squad","2","Sun, 02 Mar 2025 21:48:05 GMT","1740952085254","10","","","","No","No","","","1","0","2","688687114128588823","688687114128588823","1256218217987313754","5","F","S","S","S","B","F","D","",""
"v4gk9gb","14911","4","Hotep","Deep Insanity: The Lost Child","4","Sun, 02 Mar 2025 19:29:45 GMT","1740943785247","93","","","","No","No","","","1","0","4","688687114128588823","688687114128588823","797920307284934697","49","F","S","S","S","A","F","D","",""
"v4gwsws","72871","1","Eiko Nakaoka","Barefoot Gen","2","Sun, 02 Mar 2025 19:08:56 GMT","1740942536675","1","","","","No","No","","","1","0","2","1345496003708588172","688687114128588823","797920307284934697","0","F","S","S","F","B","F","D","",""
"v4gkpq3","72581","1","Lion","Pig: The Dam Keeper Poems","1","Sun, 02 Mar 2025 18:56:47 GMT","1740941807648","1","","","","No","No","","","1","0","1","688687114128588823","688687114128588823","1256218217987313754","0","F","S","S","S","A","F","D","",""
"v4g29jk","72748","1","Kaneari's Cat","Battle Spirits: Saikyou Ginga Ultimate Zero","2","Sun, 02 Mar 2025 17:17:22 GMT","1740935842020","5","","","","No","No","","","1","0","2","1258103469164728365","688687114128588823","797920307284934697","1","F","S","S","F","F","F","D","",""
"v4gkwx4","20525","2","Slave Trader","Black Summoner","3","Sun, 02 Mar 2025 17:02:27 GMT","1740934947501","25","","","","No","No","","","2","0","3","1345496003708588172","688687114128588823","797920307284934697","11","F","S","S","F","D","F","D","",""
"v4gw6vm","4651","2","Rororo","Overlord II","2","Sun, 02 Mar 2025 16:24:10 GMT","1740932650089","26","","","","No","No","","","1","0","2","688687114128588823","688687114128588823","797920307284934697","15","F","S","S","S","B","F","D","",""
"v4gw4kt","72668","1","Ekusushia","Tales of Eternia: The Animation","1","Sun, 02 Mar 2025 15:46:03 GMT","1740930363450","1","","","","No","No","","","0","0","1","1258103469164728365","688687114128588823","797920307284934697","0","F","S","S","F","D","F","D","",""
"v4gh497","3454","6","Misaki Tobisawa","AOKANA: Four Rhythm Across the Blue","2","Sun, 02 Mar 2025 15:17:29 GMT","1740928649254","57","","","","No","No","","","27","0","2","1345496003708588172","688687114128588823","797920307284934697","29","F","S","S","F","A","F","D","",""
"v4gh0gf","7571","1","Lord Rambach","Reborn to Master the Blade: From Hero-King to Extraordinary Squire","2","Sun, 02 Mar 2025 14:34:26 GMT","1740926066952","3","","","","No","No","","","0","0","2","688687114128588823","688687114128588823","797920307284934697","1","F","S","S","S","D","F","D","",""
"v4gqxb7","73006","1","Gazuchi Mouzuri","Deadman Wonderland","3","Sun, 02 Mar 2025 14:06:05 GMT","1740924365603","4","","","","No","No","","","0","0","3","1258103469164728365","688687114128588823","797920307284934697","1","F","S","S","F","F","F","D","",""
"v4ghcv5","72892","1","Sara Crispino","Yuri!!! on Ice","2","Sun, 02 Mar 2025 13:48:26 GMT","1740923306429","7","","","","No","No","","","1","0","2","1345496003708588172","688687114128588823","797920307284934697","4","F","S","S","F","B","F","D","",""
"v4ghwm6","72706","1","Petronella Van Daan","Anne no Nikki","3","Sun, 02 Mar 2025 13:15:23 GMT","1740921323379","1","","","","No","No","","","1","0","3","1345496003708588172","688687114128588823","797920307284934697","0","F","S","S","F","B","F","D","",""
"v4gq8fz","72992","1","Ari Jin","Flowering Heart","2","Sun, 02 Mar 2025 12:35:13 GMT","1740918913982","4","","","","No","No","","","1","0","2","1345496003708588172","688687114128588823","797920307284934697","1","F","S","S","F","A","F","D","",""
"v4gqclw","419","1","Erika Akanishi","The iDOLM@STER: Cinderella Girls","2","Sun, 02 Mar 2025 11:56:05 GMT","1740916565456","32","","","","No","No","","","1","0","2","688687114128588823","688687114128588823","797920307284934697","20","F","S","S","S","C","F","C","",""
"v4g0964","25529","2","Jun Inoue","Saki","4","Sun, 02 Mar 2025 11:12:38 GMT","1740913958346","54","","","","No","No","","","1","0","4","688687114128588823","688687114128588823","797920307284934697","29","F","S","S","S","A","F","D","",""
"v4g0pp4","4322","6","Misaki Jinguji","Love After World Domination","2","Sun, 02 Mar 2025 10:26:50 GMT","1740911210250","47","","","","No","No","","","10","0","2","688687114128588823","688687114128588823","797920307284934697","25","F","S","S","S","A","F","D","",""
"v4gqvb1","72528","1","Celine","To Love Ru: Darkness 2nd","2","Sun, 02 Mar 2025 09:54:36 GMT","1740909276307","9","","","","No","No","","","2","0","2","688687114128588823","688687114128588823","797920307284934697","4","F","S","S","S","A","F","D","",""
"v4gv877","871","7","Rin Itoshi","Blue Lock","2","Sun, 02 Mar 2025 09:03:38 GMT","1740906218626","84","","","","No","No","400-600","","454","0","2","688687114128588823","688687114128588823","797920307284934697","46","F","S","S","S","A","F","D","",""
"v43crsm","5157","4","Minato Senkawa","ONIMAI: I'm Now Your Sister!","3","Sun, 02 Mar 2025 02:53:52 GMT","1740884032059","61","","","","No","No","","","1","0","3","688687114128588823","688687114128588823","797920307284934697","33","F","S","S","S","B","F","D","",""
"v436mz9","18139","1","Yotsuyu Yagiyama","JoJo's Bizarre Adventure: JoJolion","2","Sun, 02 Mar 2025 02:02:24 GMT","1740880944118","31","","","","No","No","","","1","0","2","1345496003708588172","688687114128588823","797920307284934697","16","F","S","S","F","B","F","D","",""
"v436gdm","3946","6","Liv (Luminance)","Punishing Gray Raven","3","Sun, 02 Mar 2025 01:01:28 GMT","1740877288479","117","","","","No","No","","","8","0","3","688687114128588823","688687114128588823","797920307284934697","61","F","S","S","S","B","F","D","",""
"v436nk2","72618","1","Natsuki Momohara","One Room Special","0","Sun, 02 Mar 2025 00:15:53 GMT","1740874553149","1","","","","No","No","","","1","0","0","688687114128588823","688687114128588823","797920307284934697","0","F","S","S","S","A","F","D","",""
"v4362zk","35211","1","Charlotte","Black Rock Shooter: Dawn Fall","1","Sat, 01 Mar 2025 23:45:45 GMT","1740872745338","3","","","","No","No","","","1","0","1","688687114128588823","688687114128588823","797920307284934697","1","F","S","S","S","A","F","D","",""
"v43xf7z","6065","5","MOKUREN","BLACKSTAR -Theater Starless-","2","Sat, 01 Mar 2025 23:15:12 GMT","1740870912257","32","","","","No","No","","","3","0","2","688687114128588823","688687114128588823","797920307284934697","16","F","S","S","S","D","F","D","",""
"v43xqp5","43293","2","Vanessa Diodati","Symphogear XV","3","Sat, 01 Mar 2025 22:23:47 GMT","1740867827961","35","","","","No","No","","","1","0","3","1345496003708588172","688687114128588823","797920307284934697","18","F","S","S","F","A","F","D","",""
"v43dthm","73198","1","Ape-man","Akame ga Kill!","2","Sat, 01 Mar 2025 20:40:18 GMT","1740861618015","7","","","","No","No","","","1","0","2","688687114128588823","688687114128588823","797920307284934697","4","F","S","S","S","A","F","D","",""
"v4372gl","73078","1","Saint Roswald","One Piece","2","Sat, 01 Mar 2025 18:24:43 GMT","1740853483840","9","","","","No","No","","","1","0","2","688687114128588823","688687114128588823","1256218217987313754","4","F","S","S","S","A","F","D","",""
"v437bxp","72792","1","Holly's Stand","JoJo's Bizarre Adventure: Stardust Crusaders","0","Sat, 01 Mar 2025 17:31:46 GMT","1740850306439","4","","","","No","No","","","1","0","0","1258103469164728365","1258103469164728365","797920307284934697","1","F","S","F","F","A","F","D","",""
"v43t8l2","6258","5","Emu Otori","Project SEKAI COLORFUL STAGE! feat. Hatsune Miku","2","Sat, 01 Mar 2025 17:28:18 GMT","1740850098262","72","","","","No","No","200-400","","311","0","2","688687114128588823","688687114128588823","797920307284934697","39","F","S","S","S","A","F","D","",""
"v438094","72619","1","Meimei","Monster Strike 2nd Season","4","Sat, 01 Mar 2025 15:38:49 GMT","1740843529449","10","","","","No","No","","","0","0","4","688687114128588823","688687114128588823","797920307284934697","6","F","S","S","S","A","F","D","",""
"v43ls5q","72991","1","Mina Carolina","Attack on Titan","0","Sat, 01 Mar 2025 14:14:42 GMT","1740838482011","6","","","","No","No","","","1","0","0","688687114128588823","688687114128588823","797920307284934697","4","F","S","S","S","A","F","D","",""
"v43lm00","11465","4","Sukuna","Jujutsu Kaisen","0","Sat, 01 Mar 2025 12:49:32 GMT","1740833372631","22","","","","No","No","album","","4375","0","0","688687114128588823","688687114128588823","797920307284934697","14","F","S","S","S","A","F","D","",""
"v43l17h","6686","5","Senel Coolidge","Tales of Legendia","2","Sat, 01 Mar 2025 12:01:17 GMT","1740830477755","29","","","","No","No","","","2","0","2","688687114128588823","688687114128588823","797920307284934697","15","F","S","S","S","A","F","D","",""
"v43px6k","72688","1","Chitose's Older Sister","D-Frag!","2","Sat, 01 Mar 2025 00:54:50 GMT","1740790490284","3","","","","No","No","","","0","0","2","688687114128588823","688687114128588823","1256218217987313754","1","F","S","S","S","B","F","D","",""
"v434qmg","11958","1","Eve Reese","Redo of Healer","2","Fri, 28 Feb 2025 23:19:41 GMT","1740784781445","47","","","","No","No","","","43","0","2","688687114128588823","688687114128588823","1256218217987313754","23","F","S","S","S","F","F","D","",""
"v434qm3","3412","6","Juliet Queen Elizabeth VIII","Do It Yourself!!","3","Fri, 28 Feb 2025 23:19:28 GMT","1740784768113","69","","","","No","No","","","1","0","3","688687114128588823","688687114128588823","1256218217987313754","38","F","S","S","S","A","F","D","",""
"v431lz9","73198","1","Albus the White Knight","Pandora Hearts","3","Fri, 28 Feb 2025 19:28:17 GMT","1740770897319","8","","","","No","No","","","1","0","3","688687114128588823","688687114128588823","797920307284934697","4","F","S","S","S","A","F","D","",""
"v43nw2h","37002","2","Balurga","Granblue Fantasy","3","Fri, 28 Feb 2025 17:07:02 GMT","1740762422516","39","","","","No","No","","","1","0","3","688687114128588823","688687114128588823","797920307284934697","23","F","S","S","S","A","F","D","",""
"v43j875","72858","1","Sumire","Good Luck Girl!","0","Fri, 28 Feb 2025 16:03:49 GMT","1740758629991","1","","","","No","No","","","0","0","0","688687114128588823","688687114128588823","797920307284934697","0","F","S","S","S","A","F","D","",""
"v43b897","11160","2","Teru Mikami","Death Note","1","Fri, 28 Feb 2025 15:00:47 GMT","1740754847655","23","","","","No","No","","","25","0","1","1258103469164728365","1258103469164728365","797920307284934697","11","F","S","F","F","A","F","D","",""
"v43j07n","72980","1","Zera","Fairy Tail 2","0","Fri, 28 Feb 2025 14:59:39 GMT","1740754779151","3","","","","No","No","","","1","0","0","688687114128588823","688687114128588823","797920307284934697","1","F","S","S","S","B","F","D","",""
"v43bt4j","18016","3","Kamala Khan","Marvel Future Avengers","3","Fri, 28 Feb 2025 14:20:17 GMT","1740752417984","45","","","","No","No","","","1","0","3","688687114128588823","688687114128588823","797920307284934697","21","F","S","S","S","F","F","D","",""
"v43bt45","13867","3","Maxim Kuznetsov","Cyberpunk: Edgerunners","2","Fri, 28 Feb 2025 14:20:05 GMT","1740752405678","26","","","","No","No","","","1","0","2","688687114128588823","688687114128588823","797920307284934697","15","F","S","S","S","S","F","D","",""
"v4r6940","66897","1","Sailor Chef","Sailor Moon Sailor Stars","3","Thu, 27 Feb 2025 19:26:01 GMT","1740684361556","7","","","","No","No","","","1","0","3","688687114128588823","688687114128588823","1256218217987313754","4","F","S","S","S","S","F","D","",""
"v4rcbgf","73314","1","Jenny Realight","Fairy Tail","1","Thu, 27 Feb 2025 18:24:38 GMT","1740680678331","7","","","","No","No","","","1","0","1","688687114128588823","688687114128588823","1256218217987313754","4","F","S","S","S","A","F","D","",""
"v4rx59z","72695","1","Ruby Moon","Cardcaptor Sakura","2","Thu, 27 Feb 2025 17:31:51 GMT","1740677511677","6","","","","No","No","","","1","0","2","688687114128588823","688687114128588823","797920307284934697","4","F","S","S","S","A","F","D","",""
"v4rxdwg","72638","1","Seisuke Takada","Kengan Ashura","1","Thu, 27 Feb 2025 16:17:13 GMT","1740673033308","1","","","","No","No","","","0","0","1","688687114128588823","688687114128588823","797920307284934697","0","F","S","S","S","B","F","D","",""
"v4rd6fv","72779","1","Chatsworth","Licca-chan Fushigi na Fushigi na Yunia Monogatari","1","Thu, 27 Feb 2025 15:35:29 GMT","1740670529051","1","","","","No","No","","","1","0","1","688687114128588823","688687114128588823","797920307284934697","0","F","S","S","S","A","F","D","",""
"v4rsjzx","72945","1","Rabbit Secretary","Double-J","1","Thu, 27 Feb 2025 14:37:23 GMT","1740667043425","1","","","","No","No","","","0","0","1","688687114128588823","688687114128588823","797920307284934697","0","F","S","S","S","B","F","D","",""
"v4rsjj0","72820","1","Bansai Tsuburaya","Shouwa Genroku Rakugo Shinjuu","3","Thu, 27 Feb 2025 13:43:53 GMT","1740663833649","1","","","","No","No","","","0","0","3","688687114128588823","688687114128588823","797920307284934697","0","F","S","S","S","F","F","D","",""
"v4rdkwb","72887","1","Komba O'Charlie","Bakugan Battle Brawlers","4","Thu, 27 Feb 2025 13:12:09 GMT","1740661929926","9","","","","No","No","","","1","0","4","688687114128588823","688687114128588823","797920307284934697","4","F","S","S","S","B","F","D","",""
"v4r9cbm","72629","1","Haron Mikazuki","Triage X","1","Thu, 27 Feb 2025 01:12:12 GMT","1740618732531","3","","","","No","No","","","1","0","1","688687114128588823","688687114128588823","797920307284934697","1","F","S","S","S","A","F","D","",""
"v4rgdkp","73491","1","Reiji","Tentai Senshi Sunred","2","Thu, 27 Feb 2025 00:27:58 GMT","1740616078095","4","","","","No","No","","","1","0","2","688687114128588823","688687114128588823","797920307284934697","1","F","S","S","S","B","F","D","",""
"v4r3p5h","73147","1","Floatzel","Pokémon: Diamond & Pearl","3","Wed, 26 Feb 2025 22:33:58 GMT","1740609238176","29","","","","No","No","","","1","0","3","688687114128588823","688687114128588823","797920307284934697","15","F","S","S","S","A","F","D","",""
"v4rgfvl","8024","5","Omoharu Nakanaka","Komi-san wa, Komyushou desu.","4","Wed, 26 Feb 2025 22:01:47 GMT","1740607307928","190","","","","No","No","","","14","0","4","688687114128588823","688687114128588823","797920307284934697","106","F","S","S","S","A","F","D","",""
"v4r3395","20466","2","Slave Trader","Black Summoner","3","Wed, 26 Feb 2025 20:39:54 GMT","1740602394643","25","","","","No","No","","","2","0","3","688687114128588823","688687114128588823","797920307284934697","14","F","S","S","S","A","F","D","",""
"vz8q9cs","42799","2","Noriko","Ponyo on the Cliff by the Sea","2","Wed, 26 Feb 2025 20:15:47 GMT","1740600947147","18","","","","No","No","","","3","0","2","1258103469164728365","1258103469164728365","797920307284934697","10","F","S","F","F","A","F","D","",""
"v1rn7d6","24684","3","Koichi","Ponyo on the Cliff by the Sea","2","Wed, 26 Feb 2025 20:15:38 GMT","1740600938634","20","","","","No","No","","","1","0","2","1258103469164728365","1258103469164728365","797920307284934697","10","F","S","F","F","B","F","D","",""
"vnhqksl","24476","3","Granny","My Neighbor Totoro","4","Wed, 26 Feb 2025 20:15:21 GMT","1740600921808","100","","","","No","No","","","1","0","4","688687114128588823","1258103469164728365","797920307284934697","51","F","S","F","S","B","F","D","",""
"v4rpd4m","6759","5","Yuki Takeya","School-Live!","3","Wed, 26 Feb 2025 19:55:50 GMT","1740599750145","85","","","","No","No","","","29","0","3","688687114128588823","688687114128588823","797920307284934697","43","F","S","S","S","B","F","D","",""
"v4rpt6n","9007","4","Naomichi Yamada","Hajime no Ippo: The Fighting!","3","Wed, 26 Feb 2025 18:09:45 GMT","1740593385068","42","","","","No","No","","","1","0","3","688687114128588823","688687114128588823","797920307284934697","24","F","S","S","S","A","F","D","",""
"v4rp28r","7913","5","Kotonoha Katsura","School Days","2","Wed, 26 Feb 2025 17:39:13 GMT","1740591553858","45","","","","No","No","","","18","0","2","688687114128588823","688687114128588823","797920307284934697","24","F","S","S","S","B","F","D","",""
"v4r107z","18417","2","Tsunomaki Watame","Hololive: Holo no Graffiti","1","Wed, 26 Feb 2025 11:45:40 GMT","1740570340394","34","","","","No","No","","","91","0","1","688687114128588823","688687114128588823","797920307284934697","19","F","S","S","S","A","F","D","",""
"v4rw471","14270","2","Violetta Noire","#Compass","2","Wed, 26 Feb 2025 00:37:06 GMT","1740530226988","25","","","","No","No","","","1","0","2","688687114128588823","688687114128588823","797920307284934697","14","F","S","S","S","A","F","D","",""
"v4r23kp","19782","3","Izanami","Noragami Aragoto","4","Tue, 25 Feb 2025 23:07:25 GMT","1740524845064","133","","","","No","No","","","1","0","4","688687114128588823","688687114128588823","797920307284934697","70","F","S","S","S","A","F","D","",""
"v4r24v7","68115","1","Kamaitachi","Onmyoji: Heian Monogatari","2","Tue, 25 Feb 2025 22:31:27 GMT","1740522687996","3","","","","No","No","","","0","0","2","688687114128588823","688687114128588823","797920307284934697","1","F","S","S","S","B","F","D","",""
"v4rhm85","72999","1","Patricia Caulfield","Tsuredure Children","4","Tue, 25 Feb 2025 21:50:46 GMT","1740520246345","28","","","","No","No","","","1","0","4","688687114128588823","688687114128588823","797920307284934697","15","F","S","S","S","A","F","D","",""
"v4rqbzx","22615","1","Cervantes","Fire Emblem Awakening","4","Tue, 25 Feb 2025 21:09:09 GMT","1740517749468","28","","","","No","No","","","1","0","4","688687114128588823","688687114128588823","797920307284934697","15","F","S","S","S","B","F","D","",""
"v4rq8v9","12410","2","Michiru Sonoda","Nozo x Kimi","2","Tue, 25 Feb 2025 19:46:48 GMT","1740512808441","21","","","","No","No","","","1","0","2","688687114128588823","688687114128588823","797920307284934697","13","F","S","S","S","A","F","D","",""
"v4r0632","5900","5","Raphael Kirsten","Fire Emblem: Three Houses","1","Tue, 25 Feb 2025 18:53:44 GMT","1740509624343","14","","","","No","No","","","4","0","1","688687114128588823","688687114128588823","797920307284934697","8","F","S","S","S","A","F","D","",""
"v4rvc7r","72744","1","Yamagi","The Skull Man","1","Tue, 25 Feb 2025 18:23:40 GMT","1740507820435","1","","","","No","No","","","0","0","1","688687114128588823","688687114128588823","797920307284934697","0","F","S","S","S","B","F","D","",""
"vn33p65","19006","2","The Forest Spirit","Princess Mononoke","4","Tue, 25 Feb 2025 17:00:43 GMT","1740502843873","110","","","","No","No","","","10","0","4","1258103469164728365","1258103469164728365","797920307284934697","55","F","S","F","F","A","F","D","",""
"v4jhl7x","43867","2","Eboshi Gozen","Princess Mononoke","3","Tue, 25 Feb 2025 17:00:33 GMT","1740502833910","49","","","","No","No","","","5","0","3","1258103469164728365","1258103469164728365","797920307284934697","23","F","S","F","F","A","F","D","",""
"v4rvd92","29578","1","Kaya","Princess Mononoke","2","Tue, 25 Feb 2025 16:59:44 GMT","1740502784751","11","","","","No","No","","","1","0","2","1258103469164728365","688687114128588823","797920307284934697","5","F","S","S","F","F","F","D","",""
"v4rvd3g","73115","1","Xiao Ke","Quanzhi Fashi","2","Tue, 25 Feb 2025 16:32:18 GMT","1740501138612","3","","","","No","No","","","1","0","2","688687114128588823","688687114128588823","797920307284934697","1","F","S","S","S","A","F","D","",""
"v4rvv24","72795","1","Dr. Moriseiwa","Mobile Suit Gundam SEED C.E.73: Stargazer","3","Tue, 25 Feb 2025 15:21:20 GMT","1740496880880","2","","","","No","No","","","1","0","3","688687114128588823","688687114128588823","797920307284934697","1","F","S","S","S","A","F","D","",""
"v4pcndt","73084","1","Gozo Murobuchi","Kengan Ashura","2","Tue, 25 Feb 2025 12:30:33 GMT","1740486633957","2","","","","No","No","","","1","0","2","688687114128588823","688687114128588823","797920307284934697","1","F","S","S","S","A","F","D","",""
"v4p6305","72828","1","Ayame","Gundam Build Divers","1","Tue, 25 Feb 2025 11:57:20 GMT","1740484640263","3","","","","No","No","","","1","0","1","688687114128588823","688687114128588823","797920307284934697","1","F","S","S","S","A","F","D","",""
"v4px176","6103","4","Magia Rose","Miss Kuroitsu from the Monster Development Department","3","Tue, 25 Feb 2025 08:55:09 GMT","1740473709426","57","","","","No","No","","","1","0","3","688687114128588823","688687114128588823","797920307284934697","29","F","S","S","S","A","F","D","",""
"v4p8f2g","41192","1","So Nagi","Nijisanji KR","3","Tue, 25 Feb 2025 00:14:10 GMT","1740442450046","36","","","","No","No","","","1","0","3","688687114128588823","688687114128588823","797920307284934697","20","F","S","S","S","A","F","D","",""
"v4pf9tz","44069","2","Gimmy Adai","Tengen Toppa Gurren Lagann","1","Mon, 24 Feb 2025 21:03:23 GMT","1740431003149","8","","","","No","No","","","1","0","1","688687114128588823","688687114128588823","797920307284934697","4","F","S","S","S","B","F","D","",""
"v4p9h9j","72450","1","Mismagius","Pokémon: Diamond & Pearl","4","Mon, 24 Feb 2025 20:09:30 GMT","1740427770003","63","","","","No","No","","","6","0","4","688687114128588823","688687114128588823","797920307284934697","36","F","S","S","S","A","F","D","",""
"v4pgx00","34872","2","Fuubi Kase","The Detective is Already Dead","1","Mon, 24 Feb 2025 19:21:01 GMT","1740424861582","13","","","","No","No","","","1","0","1","688687114128588823","688687114128588823","797920307284934697","6","F","S","S","S","A","F","D","",""
"v4pglqq","67423","1","Hamjirou","Himouto! Umaru-chan","1","Mon, 24 Feb 2025 17:54:54 GMT","1740419694850","6","","","","No","No","","","1","0","1","688687114128588823","688687114128588823","797920307284934697","4","F","S","S","S","A","F","D","",""
"v4p9vh1","73181","1","Sameuratarou","Folktales from Japan 2nd Season","2","Mon, 24 Feb 2025 17:22:41 GMT","1740417761899","4","","","","No","No","","","0","0","2","1258103469164728365","688687114128588823","797920307284934697","1","F","S","S","F","B","F","D","",""
"v4pp8ss","3575","6","Tokoyami Towa","Hololive: Holo no Graffiti","2","Mon, 24 Feb 2025 14:36:04 GMT","1740407764075","78","","","","No","No","100-200","","156","0","2","688687114128588823","688687114128588823","797920307284934697","43","F","S","S","S","A","F","D","",""
"v4p4l4g","17817","3","Yotsuha Miyamizu","your name.","2","Mon, 24 Feb 2025 10:02:57 GMT","1740391377050","40","","","","No","No","","","3","0","2","688687114128588823","688687114128588823","797920307284934697","20","F","S","S","S","F","F","D","",""
"vw4pdcc","164","5","Kiruko","Heavenly Delusion","1","Sun, 23 Feb 2025 21:13:35 GMT","1740345215966","32","","","","No","No","album","","106","0","1","490266253680705536","490266253680705536","752577341020045344","21","F","S","F","F","S","F","A","",""
"vqhctmn","1711","5","Hayase Nagatoro","Don't Toy with Me, Miss Nagatoro","4","Sun, 23 Feb 2025 20:45:34 GMT","1740343534427","338","","","","Yes","No","album","","804","2","2","674457055968624650","674457055968624650","1010225109291778058","196","F","B","F","F","S","C","B","",""
"v4pkqd7","42916","1","Verr Goldet","Genshin Impact","2","Sun, 23 Feb 2025 20:06:07 GMT","1740341167800","20","","","","No","No","","","1","0","2","688687114128588823","688687114128588823","797920307284934697","13","F","S","S","S","A","F","D","",""
"v4p2rl2","29052","1","Guccio","JoJo's Bizarre Adventure: Stone Ocean","3","Sun, 23 Feb 2025 17:23:21 GMT","1740331401511","19","","","","No","No","","","1","0","3","1258103469164728365","688687114128588823","797920307284934697","10","F","S","S","F","F","F","D","",""
"v4p0c55","2952","6","Satori Komeiji","Touhou Project","2","Sun, 23 Feb 2025 15:47:50 GMT","1740325670204","60","","","","No","No","","","26","0","2","688687114128588823","688687114128588823","797920307284934697","33","F","S","S","S","A","F","D","",""
"v4p07jl","41620","2","Nishina Toriko","Urasekai Picnic","4","Sun, 23 Feb 2025 15:19:12 GMT","1740323952610","106","","","","No","No","","","10","0","4","688687114128588823","1258103469164728365","797920307284934697","49","F","S","F","S","F","F","D","",""
"v4p0c39","393","7","Jiyan","Wuthering Waves","0","Sun, 23 Feb 2025 14:47:22 GMT","1740322042364","20","","","","No","No","200-400","","360","0","0","688687114128588823","688687114128588823","797920307284934697","14","F","S","S","S","B","F","C","",""
"v4pvxzv","10610","4","Riki Jr. No. 2","The Disastrous Life of Saiki K. 2nd Season","2","Sun, 23 Feb 2025 11:22:42 GMT","1740309762127","31","","","","No","No","","","1","0","2","688687114128588823","688687114128588823","797920307284934697","19","F","S","S","S","S","F","D","",""
"v448mn6","6661","5","Alice Nakiri","Food Wars! Shokugeki no Souma","2","Sat, 22 Feb 2025 19:33:23 GMT","1740252803397","68","","","","No","No","100-200","","113","0","2","688687114128588823","688687114128588823","1256218217987313754","36","F","S","S","S","B","F","D","",""
"v44fp1r","72922","1","Wife","Naga Hamaraja","1","Sat, 22 Feb 2025 16:42:11 GMT","1740242531718","1","","","","No","No","","","1","0","1","1258103469164728365","688687114128588823","797920307284934697","0","F","S","S","F","F","F","D","",""
"v44bwgg","373","3","Male Rover","Wuthering Waves","2","Fri, 21 Feb 2025 18:40:55 GMT","1740163255778","76","","","","No","No","100-200","","109","0","2","688687114128588823","688687114128588823","797920307284934697","40","F","S","S","S","F","F","D","",""
"v4zs34p","73033","1","Horus","JoJo's Bizarre Adventure: Stardust Crusaders","2","Thu, 20 Feb 2025 19:42:45 GMT","1740080565085","15","","","","No","No","","","1","0","2","1258103469164728365","688687114128588823","797920307284934697","6","F","S","S","F","F","F","D","",""
"v4zsf0n","42727","1","Xingxi","Genshin Impact","3","Thu, 20 Feb 2025 19:22:31 GMT","1740079351652","43","","","","No","No","","","1","0","3","688687114128588823","688687114128588823","797920307284934697","24","F","S","S","S","B","F","D","",""
"v4z1lxz","37199","2","Kabuto Yakushi","Naruto","2","Wed, 19 Feb 2025 18:57:43 GMT","1739991463868","53","","","","No","No","","","16","0","2","688687114128588823","688687114128588823","797920307284934697","28","F","S","S","S","B","F","D","",""
"v4zmj2r","15876","4","Rin Kujou","To Love Ru","4","Tue, 18 Feb 2025 21:57:11 GMT","1739915831182","138","","","","No","No","","","1","0","4","688687114128588823","688687114128588823","797920307284934697","73","F","S","S","S","C","F","D","",""
"v41b2mq","46456","1","Loccobarocco","JoJo's Bizarre Adventure: Stone Ocean","0","Mon, 17 Feb 2025 08:10:12 GMT","1739779812692","2","","","","No","No","","","1","0","0","1258103469164728365","688687114128588823","797920307284934697","1","F","S","S","F","F","F","D","",""
"wp52q5","2602","2","Chibiusa","Sailor Moon R","1","Sun, 16 Feb 2025 20:46:10 GMT","1739738770022","20","","","","No","No","","","23","0","1","","525361099437244417","748205881971310692","13","F","S","F","F","B","F","A","",""
"vzvmxq9","789","7","Asuka Langley Soryu","Neon Genesis Evangelion","4","Sun, 16 Feb 2025 19:55:14 GMT","1739735714103","343","","","","Yes","No","600","","696","4","2","","898509092061057055","696070301842276353","195","F","B","F","F","S","A","C","",""
"v4k1165","1256","7","Asuka Langley Soryu","Neon Genesis Evangelion","4","Sun, 16 Feb 2025 19:25:15 GMT","1739733915552","343","","","","Yes","No","600","","696","0","3","284667977696280576","284667977696280576","1220648029598650429","166","F","A","F","F","S","F","D","",""
"v4ns9w0","2427","2","Totori","Heavenly Delusion","1","Sun, 16 Feb 2025 10:01:54 GMT","1739700114740","15","","","","No","No","","","4","0","1","688687114128588823","688687114128588823","797920307284934697","8","F","S","S","S","A","F","D","",""
"v4ngl23","55622","1","Sharon Vineyard","Detective Conan","2","Sat, 15 Feb 2025 22:08:25 GMT","1739657305023","5","","","","No","No","","","1","0","2","1258103469164728365","688687114128588823","797920307284934697","1","F","S","S","F","F","F","D","",""
"v4n17gl","3669","6","Drake","Nikke: Goddess of Victory","4","Sat, 15 Feb 2025 12:04:27 GMT","1739621067834","276","","","","No","No","","","32","0","4","688687114128588823","688687114128588823","797920307284934697","151","F","S","S","S","A","F","D","",""
"v4nnbl2","14678","4","Mel Medarda","Arcane","4","Sat, 15 Feb 2025 08:36:59 GMT","1739608619247","239","","","","No","No","100-200","","103","0","4","688687114128588823","688687114128588823","797920307284934697","131","F","S","S","S","A","F","D","",""
"v4nhshq","72590","1","Anne Frank","Anne no Nikki","0","Fri, 14 Feb 2025 23:04:40 GMT","1739574280143","1","","","","No","No","","","4","0","0","1258103469164728365","688687114128588823","797920307284934697","0","F","S","S","F","S","F","D","",""
"v4jxnk6","72407","1","Geb","JoJo's Bizarre Adventure: Stardust Crusaders","0","Fri, 14 Feb 2025 11:29:04 GMT","1739532544112","4","","","","No","No","","","1","0","0","688687114128588823","688687114128588823","797920307284934697","1","F","S","S","S","A","F","D","",""
"v4bhkpj","72318","1","Natsuki Shinohara","Summer Wars","1","Mon, 10 Feb 2025 20:37:36 GMT","1739219856440","1","","","","No","No","","","1","0","1","","688687114128588823","648031568756998155","0","F","S","S","F","A","F","D","",""
"v4bhzw2","31807","2","Yotsuyu Yagiyama","JoJo's Bizarre Adventure: JoJolion","1","Mon, 10 Feb 2025 20:27:55 GMT","1739219275420","20","","","","No","No","","","1","0","1","737980149995274240","737980149995274240","797920307284934697","10","F","S","F","F","S","F","D","",""
"v4bhvk8","11262","4","Eijirou Kirishima","My Hero Academia","4","Mon, 10 Feb 2025 20:16:20 GMT","1739218580350","330","","","","No","No","200-400","","207","0","4","688687114128588823","688687114128588823","797920307284934697","180","F","S","S","S","A","F","D","",""
"v45tw4g","6296","5","Kokichi Ouma","Danganronpa V3: Killing Harmony","3","Mon, 10 Feb 2025 00:06:40 GMT","1739146000465","152","","","","No","No","200-400","","206","0","3","688687114128588823","688687114128588823","797920307284934697","84","F","S","S","S","A","F","D","",""
"v45f4b3","65486","1","Stan Lee","Marvel Future Avengers","0","Sun, 09 Feb 2025 19:22:42 GMT","1739128962983","7","","","","No","No","","","16","0","0","688687114128588823","688687114128588823","797920307284934697","4","F","S","S","S","A","F","D","",""
"v453w4r","1153","5","Hata no Kokoro","Touhou Project","2","Sun, 09 Feb 2025 16:19:51 GMT","1739117991762","61","","","","No","No","","","12","0","2","688687114128588823","688687114128588823","1256218217987313754","35","F","S","S","S","A","F","D","",""
"v45jh65","72442","1","Anne Frank","Anne no Nikki","1","Sun, 09 Feb 2025 02:11:06 GMT","1739067066424","2","","","","No","No","","","4","0","1","688687114128588823","688687114128588823","797920307284934697","1","F","S","S","S","F","F","D","",""
"v455f0p","3684","5","Pakunoda","Hunter x Hunter","3","Sat, 08 Feb 2025 23:36:27 GMT","1739057787926","134","","","","No","No","","","37","0","3","688687114128588823","688687114128588823","797920307284934697","73","F","S","S","S","B","F","D","",""
"v45w3wz","1018","7","Kousei Arima","Your lie in April","0","Sat, 08 Feb 2025 21:57:40 GMT","1739051860851","19","","","","No","No","100-200","","151","0","0","688687114128588823","688687114128588823","797920307284934697","14","F","S","S","S","S","F","D","",""
"v45h4jf","11953","4","Yuji Itadori","Jujutsu Kaisen","2","Sat, 08 Feb 2025 17:29:52 GMT","1739035792549","86","","","","No","No","album","","2687","0","2","688687114128588823","688687114128588823","797920307284934697","48","F","S","S","S","A","F","D","",""
"v45v6nw","1241","7","Iris","Fire Force","0","Sat, 08 Feb 2025 13:03:16 GMT","1739019796046","20","","","","No","No","100-200","","97","0","0","688687114128588823","688687114128588823","797920307284934697","11","F","S","S","S","C","F","D","",""
"v4wcsvh","6470","5","Nagisa Hazuki","Free! - Iwatobi Swim Club","2","Wed, 05 Feb 2025 22:10:41 GMT","1738793441980","47","","","","No","No","","","36","0","2","688687114128588823","688687114128588823","1230568496014819439","24","F","S","S","S","B","F","D","",""
"v4w6gxg","6040","2","Kenzou","JoJo's Bizarre Adventure: Stone Ocean","1","Wed, 05 Feb 2025 21:38:37 GMT","1738791517193","16","","","","No","No","","","1","0","1","688687114128588823","688687114128588823","1230568496014819439","8","F","S","S","S","A","F","D","",""
"v4wt2df","15334","2","Rock","Black Lagoon","3","Wed, 05 Feb 2025 11:43:12 GMT","1738755792339","52","","","","No","No","","","22","0","3","688687114128588823","688687114128588823","1230568496014819439","28","F","S","S","S","A","F","D","",""
"v4wtnv3","12141","2","Choi Jong-In","Solo Leveling","4","Wed, 05 Feb 2025 10:52:42 GMT","1738752762036","185","","","","No","No","","","29","0","4","688687114128588823","688687114128588823","1230568496014819439","101","F","S","S","S","S","F","D","",""
"v4wv1c6","10426","3","Aponia","Honkai Impact 3rd","2","Mon, 03 Feb 2025 18:15:31 GMT","1738606531466","64","","","","No","No","","","56","0","2","688687114128588823","688687114128588823","1230568496014819439","36","F","S","S","S","S","F","D","",""
"v42l4z1","72319","1","Lind L. Tailor","Death Note","1","Sun, 02 Feb 2025 23:47:29 GMT","1738540049564","6","","","","No","No","","","1","0","1","688687114128588823","688687114128588823","1230568496014819439","4","F","S","S","S","B","F","D","",""
"v42bzl7","3620","6","Moka Akashiya","Rosario + Vampire","3","Sun, 02 Feb 2025 00:02:12 GMT","1738454532895","137","","","","No","No","","","95","0","3","688687114128588823","688687114128588823","1230568496014819439","73","F","S","S","S","A","F","D","",""
"v42k5lm","4269","3","Erika","World's End Harem","0","Sat, 01 Feb 2025 20:04:16 GMT","1738440256237","9","","","","No","No","","","2","0","0","688687114128588823","688687114128588823","1230568496014819439","4","F","S","S","S","A","F","D","",""
"v4h58r4","5918","5","Rem","Re:ZERO -Starting Life in Another World-","4","Thu, 30 Jan 2025 17:39:24 GMT","1738258764986","346","","","","Yes","No","album","","1912","0","0","737980149995274240","688687114128588823","1230568496014819439","140","F","F","S","F","A","F","D","",""
"v4q7x6c","3689","5","Nobunaga","Hunter x Hunter","2","Wed, 29 Jan 2025 15:59:38 GMT","1738166378087","60","","","","No","No","","","31","0","2","688687114128588823","688687114128588823","1230568496014819439","34","F","S","S","S","S","F","D","",""
"vzxs9ht","4945","3","Rebecca","Cyberpunk: Edgerunners","4","Wed, 29 Jan 2025 12:24:19 GMT","1738153459100","335","","","labpunk","Yes","No","album","","975","0","1","","723350542142930944","648234115409248256","210","B","C","F","F","A","F","D","",""
"v4qlwfl","993","7","Blanc","Hyperdimension Neptunia","2","Wed, 29 Jan 2025 06:32:12 GMT","1738132332729","59","","","","No","No","","","18","0","2","688687114128588823","688687114128588823","1230568496014819439","36","F","S","S","S","A","F","D","",""
"v4qrzhc","72240","1","Botasky","Cat Shit One","2","Tue, 28 Jan 2025 22:33:29 GMT","1738103609391","9","","","","No","No","","","2","0","2","688687114128588823","688687114128588823","1230568496014819439","4","F","S","S","S","A","F","D","",""
"v4q4tc3","42548","1","Marjorie","Genshin Impact","1","Tue, 28 Jan 2025 20:35:47 GMT","1738096547823","11","","","","No","No","","","1","0","1","688687114128588823","688687114128588823","1230568496014819439","6","F","S","S","S","A","F","D","",""
"v4qmjfz","49601","1","Brain Storm","JoJo's Bizarre Adventure: JoJolion","3","Mon, 27 Jan 2025 18:22:35 GMT","1738002155966","36","","","","No","No","","","1","0","3","688687114128588823","688687114128588823","1230568496014819439","20","F","S","S","S","A","F","D","",""
"v40xq4j","1056","7","Miharu Ayase","Seirei Gensouki: Spirit Chronicles","0","Mon, 27 Jan 2025 09:11:25 GMT","1737969085429","15","","","","No","No","","","11","0","0","688687114128588823","688687114128588823","1230568496014819439","8","F","S","S","S","S","F","D","",""
"v40fx0b","10635","3","Moody Blues","JoJo's Bizarre Adventure: Golden Wind","1","Sun, 26 Jan 2025 23:51:58 GMT","1737935518198","26","","","","No","No","","","10","0","1","","688687114128588823","1230568496014819439","13","F","S","S","F","F","F","D","",""
"v40g3bn","71689","1","Strength","JoJo's Bizarre Adventure: Stardust Crusaders","1","Sun, 26 Jan 2025 20:08:00 GMT","1737922080211","7","","","","No","No","","","2","0","1","737980149995274240","688687114128588823","1230568496014819439","4","F","S","S","F","F","F","D","",""
"v40pjmr","529","5","Jinhsi","Wuthering Waves","2","Sun, 26 Jan 2025 15:18:28 GMT","1737904708887","83","","","","No","No","400-600","","487","0","2","688687114128588823","688687114128588823","1230568496014819439","48","F","S","S","S","A","F","C","",""
"v40pdnj","42089","1","Wagner","Genshin Impact","2","Sun, 26 Jan 2025 14:32:56 GMT","1737901976335","22","","","","No","No","","","2","0","2","688687114128588823","688687114128588823","1230568496014819439","14","F","S","S","S","A","F","D","",""
"vzbl5rs","751","7","Eris Boreas Greyrat","Mushoku Tensei: Jobless Reincarnation","4","Fri, 24 Jan 2025 13:42:40 GMT","1737726160491","326","","","","Yes","No","album","","574","0","2","1165462922751914014","1165462922751914014","1273835832377081917","164","F","B","F","F","S","F","C","",""
"vz83nvb","858","7","Taiga Aisaka","Toradora!","4","Fri, 24 Jan 2025 13:40:16 GMT","1737726016562","328","","","","Yes","No","album","","470","5","3","","779791375096086568","1245422162945507408","185","F","A","F","F","B","S","C","",""
"vksqtn4","643","6","Asuka Langley Soryu","Neon Genesis Evangelion","4","Fri, 24 Jan 2025 12:42:17 GMT","1737722537303","349","$73c4j","Rust","","Yes","No","600","","696","0","2","509372316539420685","509372316539420685","784442113278083072","214","D","B","F","F","S","F","A","",""
"v4vf3x1","1071","7","Aerith Gainsborough","Final Fantasy VII","2","Fri, 24 Jan 2025 12:39:00 GMT","1737722340947","71","","","","No","No","100-200","","171","0","2","688687114128588823","688687114128588823","797920307284934697","38","F","S","S","S","F","F","D","",""
"vnxpvbj","2515","6","Rei Ayanami","Neon Genesis Evangelion","4","Fri, 24 Jan 2025 12:08:22 GMT","1737720502369","350","","","","Yes","No","600","","845","0","1","","870359861244862494","830559063871455254","136","F","C","F","F","F","F","C","",""
"v1dcdh3","244","7","Rei Ayanami","Neon Genesis Evangelion","4","Fri, 24 Jan 2025 11:29:23 GMT","1737718163727","336","","","","Yes","No","album","","845","0","2","356044856499634176","356044856499634176","932070403269099520","183","F","B","F","F","A","F","A","",""
"v4vf165","924","7","Sawako Kuronuma","Kimi ni Todoke - From Me to You","2","Fri, 24 Jan 2025 11:10:08 GMT","1737717008529","72","","","","No","No","200-400","","285","0","2","","688687114128588823","1230568496014819439","40","F","S","S","F","A","F","C","",""
"v4vmjpl","6785","5","Gabi Braun","Attack on Titan: The Final Season","2","Wed, 22 Jan 2025 22:20:01 GMT","1737584401765","67","","","","No","No","","","41","0","2","688687114128588823","688687114128588823","1230568496014819439","36","F","S","S","S","B","F","D","",""
"v4vvwxl","3773","6","Mine","Akame ga Kill!","2","Wed, 22 Jan 2025 21:36:31 GMT","1737581791969","80","","","","No","No","100-200","","170","0","2","688687114128588823","688687114128588823","797920307284934697","45","F","S","S","S","A","F","D","",""
"v4mc4n4","3684","2","Frieren","Frieren: Beyond Journey's End","4","Wed, 22 Jan 2025 21:03:48 GMT","1737579828590","339","","","","Yes","No","album","","3131","0","1","1195645756615426048","688687114128588823","1230568496014819439","130","F","C","S","F","F","F","D","",""
"vzc708m","6296","5","Rin","Shelter","2","Sun, 19 Jan 2025 23:32:31 GMT","1737329551993","53","","","","No","No","","","68","0","2","688687114128588823","688687114128588823","797920307284934697","28","F","S","S","S","A","F","D","",""
"vzcq8sf","22002","1","Rumiko Manbagi","Komi-san wa, Komyushou desu.","2","Sat, 18 Jan 2025 14:02:25 GMT","1737208945808","31","","","","No","No","","","35","0","2","688687114128588823","688687114128588823","797920307284934697","18","F","S","S","S","B","F","D","",""
"vzg73gx","639","7","Ryuuko Matoi","Kill La Kill","4","Fri, 17 Jan 2025 12:09:26 GMT","1737115766749","348","","","","Yes","No","album","","413","0","3","1308425822582997013","1308425822582997013","1297720318860984432","184","F","A","F","F","S","F","C","",""
"vzxd330","3838","6","Haruki Nakayama","Given","2","Wed, 15 Jan 2025 14:32:06 GMT","1736951526008","49","","","","No","No","","","35","0","2","688687114128588823","688687114128588823","797920307284934697","26","F","S","S","S","A","F","D","",""
"vzxzd41","12414","4","Satoshi Isshiki","Food Wars! Shokugeki no Souma","2","Tue, 14 Jan 2025 15:27:52 GMT","1736868472073","50","","","","No","No","","","30","0","2","688687114128588823","688687114128588823","797920307284934697","28","F","S","S","S","A","F","D","",""
"vzxnp0q","3248","6","Yoko Littner","Tengen Toppa Gurren Lagann","2","Tue, 14 Jan 2025 09:26:46 GMT","1736846806896","77","","","","No","No","200-400","","316","0","2","688687114128588823","688687114128588823","797920307284934697","43","F","S","S","S","A","F","D","",""
"vzx0gcl","19921","1","Sanemi Shinazugawa","Demon Slayer: Kimetsu no Yaiba","0","Mon, 13 Jan 2025 18:32:29 GMT","1736793149418","19","","","","No","No","200-400","","313","0","0","688687114128588823","688687114128588823","797920307284934697","13","F","S","S","S","A","F","D","",""
"vzscxlc","42677","2","Chibi Totoro","My Neighbor Totoro","1","Mon, 13 Jan 2025 14:19:50 GMT","1736777990467","23","","","","No","No","","","21","0","1","688687114128588823","688687114128588823","797920307284934697","14","F","S","S","S","A","F","D","",""
"vzsl9x1","12978","4","Leviathan","Obey Me!","1","Sun, 12 Jan 2025 20:43:30 GMT","1736714610766","31","","","","No","No","100-200","","100","0","1","688687114128588823","688687114128588823","797920307284934697","18","F","S","S","S","A","F","D","",""
"vzsg1ph","3282","6","Kalluto Zoldyck","Hunter x Hunter","1","Sun, 12 Jan 2025 15:08:30 GMT","1736694510347","37","","","","No","No","","","24","1","1","688687114128588823","688687114128588823","797920307284934697","19","F","S","S","S","B","D","D","",""
"vzshrzf","779","7","Amiru Sumeragi","Blue Reflection Ray","1","Sat, 11 Jan 2025 17:00:14 GMT","1736614814985","20","","","","No","No","","","1","0","1","688687114128588823","688687114128588823","797920307284934697","13","F","S","S","S","C","F","C","",""
"vzdtj3x","18086","3","Azhdaha","Genshin Impact","4","Fri, 10 Jan 2025 17:52:24 GMT","1736531544741","193","","","","No","No","","","5","0","4","688687114128588823","688687114128588823","797920307284934697","106","F","S","S","S","A","F","D","",""
"vzd53xc","71320","1","Akiho Sairenji","To Love Ru: Darkness 2nd","3","Thu, 09 Jan 2025 15:16:25 GMT","1736435785991","25","","","","No","No","","","1","0","3","688687114128588823","688687114128588823","797920307284934697","14","F","S","S","S","B","F","D","",""
"vzd5qhj","26107","3","Shinsuke Kita","Haikyuu!! To the Top","4","Thu, 09 Jan 2025 13:26:57 GMT","1736429217140","216","","","","No","No","","","30","0","4","688687114128588823","688687114128588823","797920307284934697","116","F","S","S","S","A","F","D","",""
"vztw8vs","69679","1","Munna","Pokémon: Black & White","2","Sun, 05 Jan 2025 00:13:31 GMT","1736036011579","12","","","","No","No","","","1","0","2","1258103469164728365","688687114128588823","797920307284934697","5","F","S","S","F","F","F","D","",""
"vztqrmm","38305","1","Cyndaquil","Pokémon Advanced","2","Sat, 04 Jan 2025 19:05:43 GMT","1736017543847","22","","","","No","No","","","11","0","2","688687114128588823","688687114128588823","797920307284934697","14","F","S","S","S","A","F","D","",""
"vztvh5t","9942","3","Anubis","Yu-Gi-Oh! The Movie: Pyramid of Light","3","Sat, 04 Jan 2025 13:55:29 GMT","1735998929257","46","","","","No","No","","","1","0","3","688687114128588823","688687114128588823","797920307284934697","25","F","S","S","S","S","F","D","",""
"vz8cdjc","1002","7","Beryl Benito","Tales of Hearts","2","Sat, 04 Jan 2025 13:22:11 GMT","1735996931916","45","","","","No","No","","","1","0","2","688687114128588823","688687114128588823","797920307284934697","26","F","S","S","S","A","F","C","",""
"vz8g2bx","15122","4","Okuyasu Nijimura","JoJo's Bizarre Adventure: Diamond Is Unbreakable","1","Fri, 03 Jan 2025 18:09:04 GMT","1735927744065","30","","","","No","No","","","58","0","1","688687114128588823","688687114128588823","797920307284934697","18","F","S","S","S","A","F","D","",""
"vz80ctw","20173","2","Edward","Cowboy Bebop","2","Thu, 02 Jan 2025 15:39:54 GMT","1735832394044","46","","","","No","No","","","73","0","2","688687114128588823","688687114128588823","797920307284934697","25","F","S","S","S","A","F","D","",""
"vz80tff","868","5","Snow White: Innocent Days","Nikke: Goddess of Victory","3","Thu, 02 Jan 2025 12:56:17 GMT","1735822577481","139","","","","No","No","","","16","0","3","688687114128588823","688687114128588823","797920307284934697","83","F","S","S","S","A","F","C","",""
"vzldrt3","616","7","Masumi Usui","A3! Season Spring & Summer","2","Wed, 01 Jan 2025 23:27:31 GMT","1735774051467","52","","","","No","No","","","9","0","2","688687114128588823","688687114128588823","797920307284934697","31","F","S","S","S","A","F","C","",""
"vzllswz","71389","1","Moses","The Golden Laws","4","Wed, 01 Jan 2025 18:37:26 GMT","1735756646960","22","","","","No","No","","","2","0","4","688687114128588823","688687114128588823","797920307284934697","14","F","S","S","S","A","F","D","",""
"vzl5x4x","14439","1","Qiqi","Genshin Impact","3","Tue, 31 Dec 2024 20:57:07 GMT","1735678627028","158","","","","No","No","100-200","","153","0","3","688687114128588823","688687114128588823","797920307284934697","78","F","S","S","S","F","F","D","",""
"vzlwmh7","18537","2","Juuzou Suzuya","Tokyo Ghoul","4","Tue, 31 Dec 2024 15:14:09 GMT","1735658049879","329","","","snowfire","Yes","No","400-600","","417","0","4","688687114128588823","688687114128588823","797920307284934697","255","B","S","S","S","A","F","D","",""
"vzlqf8t","48943","1","Karera Sakunami","JoJo's Bizarre Adventure: JoJolion","3","Tue, 31 Dec 2024 10:05:53 GMT","1735639553000","55","","","","No","No","","","3","0","3","688687114128588823","688687114128588823","797920307284934697","30","F","S","S","S","A","F","D","",""
"vzfdz5j","68977","1","Mob","gdgd Fairies","3","Mon, 30 Dec 2024 20:39:28 GMT","1735591168542","9","","","","No","No","","","1","0","3","688687114128588823","688687114128588823","797920307284934697","4","F","S","S","S","B","F","D","",""
"vzflxh4","3296","3","Sol","Neural Cloud","3","Mon, 30 Dec 2024 16:04:29 GMT","1735574669646","88","","","","No","No","","","1","0","3","688687114128588823","688687114128588823","797920307284934697","49","F","S","S","S","A","F","D","",""
"vzflr70","5073","5","Catherine","Catherine","1","Mon, 30 Dec 2024 14:41:27 GMT","1735569687356","29","","","","No","No","","","34","0","1","688687114128588823","688687114128588823","797920307284934697","15","F","S","S","S","A","F","D","",""
"vzfj6kw","765","7","Seyrarm Munzer","Shaman King","2","Sun, 29 Dec 2024 21:26:16 GMT","1735507576967","50","","","","No","No","","","1","0","2","688687114128588823","688687114128588823","797920307284934697","31","F","S","S","S","A","F","C","",""
"vzfhzkv","5989","5","Akiko Yosano","Bungou Stray Dogs","1","Sun, 29 Dec 2024 11:56:24 GMT","1735473384547","33","","","","No","No","","","76","0","1","688687114128588823","688687114128588823","797920307284934697","18","F","S","S","S","A","F","D","",""
"vz9sgck","520","7","Mike Nekotani","My Life as Inukai-san's Dog","2","Sat, 28 Dec 2024 22:16:05 GMT","1735424165403","68","","","","No","No","","","34","0","2","688687114128588823","688687114128588823","797920307284934697","43","F","S","S","S","A","F","C","",""
"vz9lr21","997","7","Nona","Death Parade","3","Sat, 28 Dec 2024 14:42:05 GMT","1735396925160","128","","","","No","No","","","18","0","3","688687114128588823","688687114128588823","797920307284934697","75","F","S","S","S","A","F","C","",""
"vz94vcn","15650","3","Emma Brightness","The Hidden Dungeon Only I Can Enter","2","Fri, 27 Dec 2024 23:50:42 GMT","1735343442700","47","","","","No","No","","","11","0","2","688687114128588823","688687114128588823","797920307284934697","25","F","S","S","S","A","F","D","",""
"vz956b0","71413","1","Boy B","JoJo's Bizarre Adventure: Stardust Crusaders - Battle in Egypt","1","Fri, 27 Dec 2024 16:36:46 GMT","1735317406841","4","","","","No","No","","","1","0","1","688687114128588823","688687114128588823","797920307284934697","1","F","S","S","S","A","F","D","",""
"vzg66gq","54678","1","Hell's Gatekeeper Kerberos","Solo Leveling","2","Thu, 26 Dec 2024 22:04:46 GMT","1735250686223","19","","","","No","No","","","4","0","2","688687114128588823","688687114128588823","797920307284934697","13","F","S","S","S","A","F","D","",""
"vzg7n35","16212","3","Koutarou Bokuto","Haikyuu!! Second Season","3","Thu, 26 Dec 2024 17:23:58 GMT","1735233838756","155","","","","No","No","200-400","","268","0","3","688687114128588823","688687114128588823","797920307284934697","84","F","S","S","S","A","F","D","",""
"vzgl07r","14325","1","Fuwawa Abyssgard","Hololive EN","3","Thu, 26 Dec 2024 11:18:52 GMT","1735211932785","102","","","","No","No","100-200","","121","0","3","688687114128588823","688687114128588823","797920307284934697","60","F","S","S","S","A","F","D","",""
"vzgjnvh","25557","3","Kurona Yasuhisa","Tokyo Ghoul Root A","1","Wed, 25 Dec 2024 16:27:38 GMT","1735144058264","19","","","","No","No","","","4","0","1","688687114128588823","688687114128588823","797920307284934697","13","F","S","S","S","A","F","D","",""
"vz3dc9x","983","7","Cedric Jeanne Elmir","I'm the Villainess, So I'm Taming the Final Boss","0","Tue, 24 Dec 2024 15:35:24 GMT","1735054524934","10","","","","No","No","","","1","0","0","688687114128588823","688687114128588823","797920307284934697","6","F","S","S","S","B","F","C","",""
"vz37pzl","26614","3","Ume Aihara","Citrus","2","Tue, 24 Dec 2024 14:37:32 GMT","1735051052178","23","","","","No","No","","","1","0","2","688687114128588823","688687114128588823","797920307284934697","14","F","S","S","S","A","F","D","",""
"vz3d1tk","3338","6","Narancia Ghirga","JoJo's Bizarre Adventure: Golden Wind","1","Tue, 24 Dec 2024 12:57:35 GMT","1735045055344","38","","","","No","No","100-200","","101","0","1","688687114128588823","688687114128588823","797920307284934697","24","F","S","S","S","S","F","D","",""
"vz33f8h","536","7","Materia Kuro","Frame Arms Girl","2","Tue, 24 Dec 2024 01:04:39 GMT","1735002279871","49","","","","No","No","","","1","0","2","688687114128588823","688687114128588823","797920307284934697","29","F","S","S","S","B","F","B","",""
"vz3jj26","6723","4","Daniela Dimitrescu","Resident Evil Village","4","Mon, 23 Dec 2024 16:15:19 GMT","1734970519142","238","","","","No","No","","","35","0","4","688687114128588823","688687114128588823","797920307284934697","128","F","S","S","S","B","F","D","",""
"vz35ksq","10228","4","Yor Forger","Spy x Family","2","Mon, 23 Dec 2024 11:59:06 GMT","1734955146205","89","","","","No","No","album","","3186","0","2","","688687114128588823","797920307284934697","40","F","S","S","F","F","F","D","",""
"vzrpnx4","19306","2","Reg","Made in Abyss","0","Sat, 21 Dec 2024 19:57:35 GMT","1734811055342","13","","","","No","No","100-200","","107","0","0","688687114128588823","688687114128588823","797920307284934697","6","F","S","S","S","A","F","D","",""
"vzzf0rl","7705","5","Klein","Sword Art Online","3","Mon, 16 Dec 2024 00:27:12 GMT","1734308832199","111","","","","No","No","","","27","0","3","688687114128588823","688687114128588823","797920307284934697","63","F","S","S","S","A","F","D","",""
"vzzng52","1124","3","Oushi Ashioki","A Sign of Affection","2","Sun, 15 Dec 2024 10:55:24 GMT","1734260124197","53","","","","No","No","","","45","0","2","688687114128588823","688687114128588823","797920307284934697","29","F","S","S","S","A","F","D","",""
"vz10477","6410","5","Unknown","Mystic Messenger","2","Thu, 12 Dec 2024 18:53:50 GMT","1734029630217","65","","","","No","No","100-200","","109","0","2","688687114128588823","688687114128588823","797920307284934697","36","F","S","S","S","A","F","D","",""
"vzjnn44","59941","1","Gyokuken (White)","Jujutsu Kaisen","2","Mon, 09 Dec 2024 06:24:36 GMT","1733725476362","42","","","","No","No","","","4","0","2","688687114128588823","688687114128588823","797920307284934697","24","F","S","S","S","A","F","D","",""
"vz55wcb","39709","1","Ruin Hunter","Genshin Impact","2","Wed, 04 Dec 2024 20:24:07 GMT","1733343847981","20","","","","No","No","","","1","0","2","688687114128588823","688687114128588823","797920307284934697","13","F","S","S","S","A","F","D","",""
"vzktv0k","41","5","Fallen Cecilia","Epic Seven","1","Tue, 03 Dec 2024 19:23:21 GMT","1733253801209","31","","","","No","No","","","4","0","1","688687114128588823","688687114128588823","797920307284934697","24","F","S","S","S","S","F","A","",""
"vzwdzlw","5372","4","Rem Galeu","How NOT to Summon a Demon Lord","2","Sun, 01 Dec 2024 20:20:13 GMT","1733084413959","59","","","","No","No","","","64","0","2","688687114128588823","688687114128588823","797920307284934697","34","F","S","S","S","A","F","D","",""
"vzw1kkd","351","6","Dorothea","The Kingdoms of Ruin","0","Sat, 30 Nov 2024 22:35:52 GMT","1733006152595","14","","","","No","No","","","2","0","0","688687114128588823","688687114128588823","797920307284934697","9","F","S","S","S","A","F","B","",""
"vzwkppk","298","7","Annie Leonhart","Attack on Titan","1","Sat, 30 Nov 2024 15:58:02 GMT","1732982282388","42","","","","No","No","100-200","","175","0","1","688687114128588823","688687114128588823","797920307284934697","29","F","S","S","S","A","F","B","",""
"vzwq238","3349","6","Lady Dimitrescu","Resident Evil Village","2","Sat, 30 Nov 2024 06:39:16 GMT","1732948756454","80","","","","No","No","200-400","","212","0","2","688687114128588823","688687114128588823","797920307284934697","45","F","S","S","S","A","F","D","",""
"vz2kz1h","3451","6","Druj","The Great Jahy Will Not Be Defeated!","3","Thu, 28 Nov 2024 15:17:57 GMT","1732807077294","97","","","","No","No","","","8","0","3","688687114128588823","688687114128588823","797920307284934697","53","F","S","S","S","A","F","D","",""
"vz220st","3068","6","Mami Nanami","Kanojo, Okarishimasu","3","Thu, 28 Nov 2024 12:27:26 GMT","1732796846696","132","","","","No","No","","","43","0","3","688687114128588823","688687114128588823","797920307284934697","75","F","S","S","S","A","F","D","",""
"vzq738q","372","7","Miorine Rembran","Mobile Suit Gundam: The Witch from Mercury","2","Mon, 25 Nov 2024 17:54:44 GMT","1732557284282","69","","","","No","No","100-200","","157","0","2","688687114128588823","688687114128588823","797920307284934697","45","F","S","S","S","A","F","B","",""
"vzq2vvd","58840","1","Capek's Bodyguard B","Monster","3","Sun, 24 Nov 2024 13:33:09 GMT","1732455189910","3","","","","No","No","","","1","0","3","688687114128588823","688687114128588823","797920307284934697","1","F","S","S","S","A","F","D","",""
"vz07s2v","70786","1","Mariko","Mob Psycho 100","2","Sat, 23 Nov 2024 20:51:40 GMT","1732395100298","8","","","","No","No","","","1","0","2","688687114128588823","688687114128588823","797920307284934697","4","F","S","S","S","A","F","D","",""
"vz07hzf","459","7","Zhongli","Genshin Impact","4","Sat, 23 Nov 2024 20:17:28 GMT","1732393048490","344","","","","Yes","No","album","","1106","0","3","688687114128588823","688687114128588823","797920307284934697","210","F","A","S","S","A","F","B","",""
"vz0njww","6819","5","Cioccolata","JoJo's Bizarre Adventure: Golden Wind","3","Fri, 22 Nov 2024 21:59:01 GMT","1732312741919","100","","","","No","No","","","8","0","3","688687114128588823","688687114128588823","797920307284934697","59","F","S","S","S","A","F","D","",""
"vz0w7q0","2892","6","Ryuunosuke Akutagawa","Bungou Stray Dogs","3","Fri, 22 Nov 2024 15:11:43 GMT","1732288303699","155","","","","No","No","200-400","","264","0","3","688687114128588823","688687114128588823","797920307284934697","89","F","S","S","S","A","F","D","",""
"vz0qxd5","6095","5","Souma Yukihira","Food Wars! Shokugeki no Souma","0","Fri, 22 Nov 2024 09:50:39 GMT","1732269039732","18","","","","No","No","200-400","","227","0","0","688687114128588823","688687114128588823","797920307284934697","11","F","S","S","S","F","F","D","",""
"vzvd3hr","70312","1","Jones","JoJo's Bizarre Adventure","4","Thu, 21 Nov 2024 20:22:44 GMT","1732220564462","43","","","","No","No","","","1","0","4","688687114128588823","688687114128588823","797920307284934697","24","F","S","S","S","A","F","D","",""
"vzvgrq5","730","7","Hayato Kasukabe","The Café Terrace and Its Goddesses","2","Thu, 21 Nov 2024 09:41:08 GMT","1732182068609","53","","","","No","No","","","2","0","2","688687114128588823","688687114128588823","797920307284934697","31","F","S","S","S","A","F","C","",""
"vzvqldh","286","7","Mernes","I'm Quitting Heroing","3","Wed, 20 Nov 2024 12:25:32 GMT","1732105532166","108","","","","No","No","","","6","0","3","688687114128588823","688687114128588823","797920307284934697","71","F","S","S","S","S","F","B","",""
"vzmbg5r","425","7","Kaya Saimori","My Happy Marriage","4","Mon, 18 Nov 2024 22:24:15 GMT","1731968655071","198","","","","No","No","","","1","0","4","688687114128588823","688687114128588823","797920307284934697","129","F","S","S","S","A","F","B","",""
"v1cp20d","277","7","Shiny Chariot","Little Witch Academia","4","Sun, 17 Nov 2024 10:56:10 GMT","1731840970768","257","","","","No","No","","","24","0","4","688687114128588823","688687114128588823","797920307284934697","168","F","S","S","S","S","F","B","",""
"vhtjnfd","14550","3","Risotto Nero","JoJo's Bizarre Adventure: Golden Wind","2","Sat, 16 Nov 2024 22:20:01 GMT","1731795601770","61","","","","No","No","","","36","0","2","1058805575317733477","1058805575317733477","797920307284934697","31","F","S","F","F","A","F","C","",""
"vjfctrc","19190","1","Maiden Heaven","JoJo's Bizarre Adventure: Stone Ocean","2","Sat, 16 Nov 2024 22:18:21 GMT","1731795501213","39","","","","No","No","","","45","0","2","924336354811334676","924336354811334676","797920307284934697","20","F","S","F","F","B","F","C","",""
"vbwsb8f","20567","1","Green Baby","JoJo's Bizarre Adventure: Stone Ocean","3","Sat, 16 Nov 2024 22:16:51 GMT","1731795411455","35","","","","No","No","","","1","0","3","924336354811334676","924336354811334676","797920307284934697","19","F","S","F","F","A","F","C","",""
"v5nfqrr","40282","1","Funny Valentine","JoJo's Bizarre Adventure: Steel Ball Run","0","Sat, 16 Nov 2024 22:16:32 GMT","1731795392442","12","","","","No","No","100-200","","146","0","0","972923090310922260","910940207971446815","966783067991732275","5","F","S","F","F","F","F","D","",""
"vhjlr4w","17085","2","Noriaki Kakyoin","JoJo's Bizarre Adventure: Stardust Crusaders","0","Sat, 16 Nov 2024 22:16:04 GMT","1731795364498","19","","","","No","No","200-400","","224","0","0","737980149995274240","737980149995274240","797920307284934697","10","F","S","F","F","S","F","D","",""
"vhj0kbk","12663","3","Giorno Giovanna","JoJo's Bizarre Adventure: Golden Wind","1","Sat, 16 Nov 2024 22:15:07 GMT","1731795307382","42","","","","No","No","600","","613","0","1","924336354811334676","924336354811334676","797920307284934697","23","F","S","F","F","A","F","D","",""
"vnbq2lx","15444","3","Sheer Heart Attack","JoJo's Bizarre Adventure: Diamond Is Unbreakable","2","Sat, 16 Nov 2024 22:14:32 GMT","1731795272592","44","","","","No","No","","","6","0","2","924336354811334676","924336354811334676","797920307284934697","21","F","S","F","F","S","F","D","",""
"vhrjbm6","9272","4","Okuyasu Nijimura","JoJo's Bizarre Adventure: Diamond Is Unbreakable","4","Sat, 16 Nov 2024 22:11:49 GMT","1731795109493","247","","","","No","No","","","58","0","4","737980149995274240","737980149995274240","797920307284934697","135","F","S","F","F","A","F","C","",""
"vnm64dd","2214","6","Joseph Joestar","JoJo's Bizarre Adventure","2","Sat, 16 Nov 2024 22:11:28 GMT","1731795088517","78","","","","No","No","600","","610","0","2","924336354811334676","924336354811334676","797920307284934697","44","F","S","F","F","A","F","C","",""
"vjmcnrr","34491","1","Yuta Okkotsu","Jujutsu Kaisen","4","Sat, 16 Nov 2024 22:10:29 GMT","1731795029028","262","","","","No","No","album","","1377","0","4","737980149995274240","737980149995274240","797920307284934697","125","F","S","F","F","A","F","D","",""
"vb3cvp3","18444","2","Asuka Langley Soryu","Neon Genesis Evangelion","3","Sat, 16 Nov 2024 22:08:55 GMT","1731794935754","164","","","","No","No","600","","696","0","3","1142935430342385724","1142935430342385724","797920307284934697","79","F","S","F","F","A","F","D","",""
"vbxd86b","2395","3","Zuko","Avatar: The Last Airbender","2","Sat, 16 Nov 2024 22:08:30 GMT","1731794910300","82","","","","No","No","600","","747","0","2","924336354811334676","924336354811334676","797920307284934697","41","F","S","F","F","B","F","C","",""
"v17x007","3291","6","Yuzuriha","Hell's Paradise: Jigokuraku","1","Fri, 08 Nov 2024 21:05:17 GMT","1731099917478","40","","","","No","No","400-600","","412","0","1","688687114128588823","688687114128588823","797920307284934697","24","F","S","S","S","S","F","D","",""
"v1flh8k","2743","6","Kiruko","Heavenly Delusion","2","Fri, 01 Nov 2024 23:36:53 GMT","1730504213975","69","","","","No","No","100-200","","106","0","2","688687114128588823","688687114128588823","797920307284934697","39","F","S","S","S","B","F","C","",""
"v1g24w6","561","7","Yang Xiao Long","RWBY","2","Mon, 28 Oct 2024 19:16:12 GMT","1730142972528","77","","","","No","No","100-200","","107","0","2","688687114128588823","688687114128588823","797920307284934697","50","F","S","S","S","S","F","B","",""
"v1g05ww","6003","5","Meliodas","The Seven Deadly Sins","1","Mon, 28 Oct 2024 15:01:27 GMT","1730127687283","41","","","","No","No","400-600","","409","0","1","688687114128588823","688687114128588823","797920307284934697","24","F","S","S","S","S","F","D","",""
"v13jd9g","41768","2","Bede","Pokémon: Twilight Wings","2","Sun, 27 Oct 2024 13:28:01 GMT","1730035681113","37","","","","No","No","","","12","0","2","","688687114128588823","797920307284934697","16","F","S","S","F","F","F","D","",""
"v1rzn2x","7617","2","Rayne Ames","Mashle","3","Fri, 25 Oct 2024 23:07:01 GMT","1729897621429","115","","","","No","No","","","56","0","3","688687114128588823","688687114128588823","797920307284934697","68","F","S","S","S","A","F","D","",""
"v1r1knd","381","7","Dark Gundam","Mobile Fighter G Gundam","2","Fri, 25 Oct 2024 21:40:53 GMT","1729892453495","41","","","","No","No","","","3","0","2","688687114128588823","688687114128588823","797920307284934697","28","F","S","S","S","A","F","B","",""
"v1plvlr","41694","2","Delphinium","DARLING in the FRANXX","1","Thu, 24 Oct 2024 17:26:45 GMT","1729790805903","16","","","","No","No","","","3","0","1","688687114128588823","688687114128588823","797920307284934697","8","F","S","S","S","S","F","D","",""
"v1zdjj2","17797","2","Misaka Mikoto","A Certain Scientific Railgun","2","Mon, 21 Oct 2024 17:52:52 GMT","1729533172163","67","","","","No","No","200-400","","215","0","2","688687114128588823","688687114128588823","797920307284934697","38","F","S","S","S","A","F","D","",""
"v11cv0s","205","7","Shouko Nishimiya","A Silent Voice","4","Sun, 20 Oct 2024 08:53:09 GMT","1729414389473","337","","","","Yes","No","600","","609","0","2","688687114128588823","688687114128588823","797920307284934697","206","F","B","S","S","A","F","A","",""
"v1kdxww","73","7","Ryuuko Matoi","Kill La Kill","4","Wed, 16 Oct 2024 19:23:58 GMT","1729106638883","348","","","jinglebells","Yes","No","album","","413","7","1","1174055488141410374","1174055488141410374","740670420998553622","296","B","C","F","F","A","S","A","",""
"v1br77h","244","7","Vizzd","Life with an Ordinary Guy Who Reincarnated into a Total Fantasy Knockout","3","Mon, 14 Oct 2024 18:33:01 GMT","1728930781127","90","","","","No","No","","","1","0","3","","688687114128588823","797920307284934697","53","F","S","S","F","F","F","A","",""
"v1kdgc4","71","7","Ryuuko Matoi","Kill La Kill","4","Fri, 11 Oct 2024 21:23:41 GMT","1728681821607","348","","","jinglebells","Yes","No","album","","413","0","1","","485112702323261475","425452548447797256","273","B","C","F","F","S","F","A","",""
"v1wh5hl","2918","6","June","Zero Escape","1","Tue, 08 Oct 2024 20:40:59 GMT","1728420059428","21","","","","No","No","","","6","0","1","688687114128588823","688687114128588823","797920307284934697","14","F","S","S","S","A","F","D","",""
"v127bc6","41513","2","Henry Legolant","Black Clover","3","Tue, 08 Oct 2024 07:17:15 GMT","1728371835168","86","","","","No","No","","","8","0","3","688687114128588823","688687114128588823","797920307284934697","49","F","S","S","S","A","F","D","",""
"v124l11","14","7","Saruhiko Fushimi","K-Project","2","Mon, 07 Oct 2024 17:40:47 GMT","1728322847495","57","","","","No","No","","","14","0","2","","688687114128588823","797920307284934697","34","F","S","S","F","F","F","A","",""
"v125ddb","2519","6","Mion Sonozaki","When They Cry: Higurashi","2","Mon, 07 Oct 2024 09:55:33 GMT","1728294933837","56","","","","No","No","","","47","0","2","688687114128588823","688687114128588823","797920307284934697","33","F","S","S","S","A","F","C","",""
"v1hhsqx","349","4","Loco Musica","Gushing over Magical Girls","1","Sat, 05 Oct 2024 14:01:31 GMT","1728136891359","30","","","","No","No","","","42","0","1","","688687114128588823","797920307284934697","20","F","S","S","F","A","F","B","",""
"v1q9q0t","3113","6","Kanae","Nijisanji","1","Fri, 04 Oct 2024 15:09:02 GMT","1728054542763","28","","","","No","No","","","71","0","1","688687114128588823","688687114128588823","797920307284934697","16","F","S","S","S","A","F","D","",""
"v1qh0s9","873","3","Roxy Hart","Berserk of Gluttony","2","Thu, 03 Oct 2024 18:17:53 GMT","1727979473523","58","","","","No","No","","","39","0","2","688687114128588823","688687114128588823","797920307284934697","36","F","S","S","S","B","F","C","",""
"v10x98x","6387","5","Red Hood","Batman Ninja","2","Thu, 03 Oct 2024 12:07:56 GMT","1727957276097","36","","","","No","No","","","21","0","2","688687114128588823","688687114128588823","797920307284934697","20","F","S","S","S","A","F","D","",""
"v103xmx","3068","6","Ponta","Skeleton Knight in Another World","1","Wed, 02 Oct 2024 20:22:06 GMT","1727900526925","24","","","","No","No","","","12","0","1","688687114128588823","688687114128588823","797920307284934697","15","F","S","S","S","A","F","D","",""
"v10rhr0","339","6","White","Mahoutsukai no Yakusoku","1","Wed, 02 Oct 2024 17:59:12 GMT","1727891952002","27","","","","No","No","","","9","0","1","688687114128588823","688687114128588823","797920307284934697","18","F","S","S","S","F","F","B","",""
"v10mqnl","6213","5","Rossweisse","High School DxD BorN","4","Tue, 01 Oct 2024 20:45:23 GMT","1727815523414","247","","","","No","No","","","40","1","4","688687114128588823","688687114128588823","797920307284934697","145","F","S","S","S","A","D","D","",""
"v1vcc2f","2966","5","Ariane Glenys Maple","Skeleton Knight in Another World","2","Tue, 01 Oct 2024 19:23:27 GMT","1727810607781","61","","","","No","No","","","44","1","2","688687114128588823","688687114128588823","797920307284934697","36","F","S","S","S","A","D","D","",""
"v1vsfgf","165","7","Kasey Anne","Super Crooks","0","Tue, 01 Oct 2024 15:55:09 GMT","1727798109533","12","","","","No","No","","","7","0","0","688687114128588823","688687114128588823","797920307284934697","8","F","S","S","S","S","F","A","",""
"v1vzq7x","14701","3","Bell Cranel","Is It Wrong to Try to Pick Up Girls in a Dungeon?","1","Mon, 30 Sep 2024 20:11:40 GMT","1727727100619","35","","","","No","No","100-200","","196","0","1","688687114128588823","688687114128588823","797920307284934697","19","F","S","S","S","B","F","D","",""
"v1mr72m","23815","3","Haruko Haruhara","FLCL","2","Sun, 29 Sep 2024 09:59:32 GMT","1727603972618","42","","","","No","No","","","86","0","2","688687114128588823","688687114128588823","797920307284934697","24","F","S","S","S","A","F","D","",""
"vn61gxt","10133","4","Nero Claudius","Fate/Extra Last Encore","2","Wed, 25 Sep 2024 18:14:18 GMT","1727288058605","66","","","","No","No","100-200","","105","0","2","688687114128588823","688687114128588823","797920307284934697","39","F","S","S","S","A","F","D","",""
"vn6j0tc","1801","3","Shinjiro Aragaki","Persona 3 the Movie 2: Midsummer Knight's Dream","2","Wed, 25 Sep 2024 14:32:32 GMT","1727274752553","54","","","","No","No","","","39","0","2","688687114128588823","688687114128588823","797920307284934697","33","F","S","S","S","C","F","B","",""
"vn6wjhj","51265","1","Nono","Opera Girl!","2","Wed, 25 Sep 2024 10:38:40 GMT","1727260720263","7","","","","No","No","","","0","0","2","688687114128588823","688687114128588823","797920307284934697","4","F","S","S","S","A","F","D","",""
"vnxbz2q","2885","6","Shizune Hakamichi","Katawa Shoujo","3","Mon, 23 Sep 2024 19:08:39 GMT","1727118519663","86","","","","No","No","","","16","0","3","688687114128588823","688687114128588823","797920307284934697","51","F","S","S","S","A","F","C","",""
"vndjcpj","10817","2","Toko Inui","Nijisanji","1","Fri, 20 Sep 2024 13:25:32 GMT","1726838732760","21","","","","No","No","","","13","0","1","688687114128588823","688687114128588823","797920307284934697","13","F","S","S","S","A","F","D","",""
"vn7k1zt","68311","1","Kenta Zakoyama","Future Card Buddyfight","3","Wed, 18 Sep 2024 14:43:52 GMT","1726670632334","3","","","","No","No","","","0","0","3","688687114128588823","688687114128588823","797920307284934697","1","F","S","S","S","A","F","D","",""
"vntr305","199","7","Yuri","Megalo Box","3","Tue, 17 Sep 2024 09:18:29 GMT","1726564709333","82","","","","No","No","","","2","0","3","688687114128588823","688687114128588823","797920307284934697","56","F","S","S","S","S","F","A","",""
"vntpzjp","13980","4","Welt Yang","Honkai Impact 3rd","2","Tue, 17 Sep 2024 06:54:27 GMT","1726556067949","52","","","","No","No","","","80","0","2","","688687114128588823","797920307284934697","25","F","S","S","F","F","F","D","",""
"vnthk0l","9924","3","Lana","Pokémon Sun & Moon","4","Mon, 16 Sep 2024 17:02:09 GMT","1726506129709","154","","","","No","No","","","11","0","4","688687114128588823","688687114128588823","797920307284934697","90","F","S","S","S","S","F","D","",""
"vn8rrbm","7081","2","Aki Hayakawa","Chainsaw Man","1","Sun, 15 Sep 2024 16:55:55 GMT","1726419355633","43","","","","No","No","album","","1242","0","1","688687114128588823","688687114128588823","797920307284934697","25","F","S","S","S","S","F","D","",""
"vn8v445","2230","1","Tomo Aizawa","Tomo-chan Is a Girl!","1","Sat, 14 Sep 2024 19:03:09 GMT","1726340589695","31","","","","No","No","200-400","","220","0","1","688687114128588823","688687114128588823","797920307284934697","18","F","S","S","S","C","F","D","",""
"vnlfqxh","2985","6","Yukihana Lamy","Hololive: Holo no Graffiti","1","Sat, 14 Sep 2024 13:05:25 GMT","1726319125869","38","","","","No","No","","","71","0","1","688687114128588823","688687114128588823","1256218217987313754","21","F","S","S","S","F","F","C","",""
"vnff306","15425","3","Tohru Honda","Fruits Basket","3","Thu, 12 Sep 2024 19:06:02 GMT","1726167962536","138","","","","No","No","200-400","","240","0","3","","688687114128588823","797920307284934697","65","F","S","S","F","F","F","D","",""
"vnfvlfm","199","7","Akira Ichinose","I Got a Cheat Skill in Another World and Became Unrivaled in The Real World, Too","3","Wed, 11 Sep 2024 17:18:38 GMT","1726075118062","85","","","","No","No","","","1","0","3","","688687114128588823","797920307284934697","49","F","S","S","F","F","F","A","",""
"vn91t9d","38056","1","Misty","Pokémon","2","Tue, 10 Sep 2024 15:39:09 GMT","1725982749641","41","","","","No","No","","","32","0","2","688687114128588823","688687114128588823","797920307284934697","23","F","S","S","S","A","F","D","",""
"vn926hf","14025","2","Miraschon","JoJo's Bizarre Adventure: Stone Ocean","2","Tue, 10 Sep 2024 07:08:09 GMT","1725952089029","41","","","","No","No","","","1","0","2","688687114128588823","688687114128588823","797920307284934697","23","F","S","S","S","C","F","D","",""
"094drw","4697","1","Nobara Kugisaki","Jujutsu Kaisen","4","Mon, 09 Sep 2024 19:39:26 GMT","1725910766385","276","","","","Yes","No","999","","1269","0","4","453992357990367234","453992357990367234","702601188247601174","160","F","S","F","F","B","F","B","",""
"vmh197g","9926","1","Manjiro Sano","Tokyo Revengers","1","Mon, 09 Sep 2024 19:39:26 GMT","1725910766385","38","","","","No","No","999","","1678","5","1","497709038633484289","600864433727864843","715844052700102757","24","F","S","F","F","B","S","D","",""
"vngxmjg","37118","2","Kinoko Komori","My Hero Academia 2","0","Mon, 09 Sep 2024 17:59:40 GMT","1725904780631","12","","","","No","No","","","9","0","0","688687114128588823","688687114128588823","797920307284934697","5","F","S","S","S","A","F","D","",""
"vng1hq3","11038","2","Elphelt Valentine","Guilty Gear","1","Sun, 08 Sep 2024 21:48:35 GMT","1725832115049","23","","","","No","No","","","55","0","1","688687114128588823","688687114128588823","797920307284934697","14","F","S","S","S","D","F","D","",""
"vnghn0c","24398","3","Nero","Black Clover","1","Sun, 08 Sep 2024 14:49:00 GMT","1725806940941","30","","","","No","No","","","74","0","1","688687114128588823","688687114128588823","797920307284934697","16","F","S","S","S","F","F","D","",""
"vjctjmf","536","2","Arlecchino","Genshin Impact","4","Sun, 08 Sep 2024 12:41:03 GMT","1725799263433","343","","","yearofthesheep","Yes","No","album","","1279","0","4","960690529799110656","960690529799110656","815589423399829544","283","B","S","F","F","A","F","B","",""
"vnghm0s","7611","3","Micchon Shikimori","Shikimori's Not Just a Cutie","4","Sun, 08 Sep 2024 12:19:54 GMT","1725797994447","329","","","yearoftherabbit","Yes","No","album","","1117","0","2","688687114128588823","688687114128588823","797920307284934697","240","B","B","S","S","A","F","D","Thu, 27 Mar 2025 11:58:45 GMT","1743076725572"
"vngqqmn","6322","2","Frederica Rosenfort","86 EIGHTY-SIX","2","Sun, 08 Sep 2024 11:07:31 GMT","1725793651889","45","","","","No","No","","","24","0","2","688687114128588823","688687114128588823","797920307284934697","24","F","S","S","S","A","F","D","",""
"vn3lcgn","68404","1","Superman","DC Super Heroes vs. Eagle Talon Promotion Eizou","2","Sat, 07 Sep 2024 19:37:49 GMT","1725737869829","24","","","","No","No","","","6","0","2","1258103469164728365","688687114128588823","797920307284934697","11","F","S","S","F","F","F","D","",""
"vnpjvg0","67925","1","Akira","JoJo's Bizarre Adventure: Diamond Is Unbreakable","2","Tue, 03 Sep 2024 21:07:26 GMT","1725397646472","9","","","","No","No","","","1","0","2","","688687114128588823","797920307284934697","4","F","S","S","F","F","F","D","",""
"vnpkqvx","2493","6","Tatsuya Shiba","The Irregular at Magic High School","2","Tue, 03 Sep 2024 17:22:18 GMT","1725384138793","70","","","","No","No","100-200","","105","0","2","","688687114128588823","797920307284934697","40","F","S","S","F","A","F","C","",""
"vn4945j","47","7","Kippei Nagatsu","Shikizakura","2","Mon, 02 Sep 2024 18:17:08 GMT","1725301028655","31","","","","No","No","","","0","0","2","688687114128588823","688687114128588823","797920307284934697","23","F","S","S","S","A","F","A","",""
"vnz4wlr","12","7","Saburo Yamada","Hypnosis Mic: Division Rap Battle - Rhyme Anima","1","Sat, 31 Aug 2024 20:21:53 GMT","1725135713167","28","","","","No","No","","","6","0","1","688687114128588823","688687114128588823","797920307284934697","19","F","S","S","S","A","F","A","",""
"vnj2hwq","23683","2","Cooler","Dragon Ball Z Movie 5: Cooler's Revenge","2","Mon, 26 Aug 2024 10:46:03 GMT","1724669163459","37","","","","No","No","","","31","0","2","688687114128588823","688687114128588823","797920307284934697","20","F","S","S","S","A","F","D","",""
"vnbl2qm","1880","5","Mast","Nikke: Goddess of Victory","1","Sun, 25 Aug 2024 16:32:12 GMT","1724603532781","30","","","","No","No","","","11","0","1","688687114128588823","688687114128588823","797920307284934697","20","F","S","S","S","A","F","C","",""
"vnk838j","17950","3","Armored Titan","Attack on Titan","0","Thu, 22 Aug 2024 10:45:35 GMT","1724323535125","15","","","","No","No","","","21","0","0","688687114128588823","688687114128588823","797920307284934697","8","F","S","S","S","A","F","D","",""
"vnwkpk6","63","4","Loulan","The Apothecary Diaries","2","Mon, 19 Aug 2024 20:25:58 GMT","1724099158664","56","","","","No","No","","","4","0","2","688687114128588823","688687114128588823","797920307284934697","39","F","S","S","S","A","F","A","",""
"vnw2vn3","66967","1","Osiris","JoJo's Bizarre Adventure: Stardust Crusaders","1","Mon, 19 Aug 2024 17:14:20 GMT","1724087660099","8","","","","No","No","","","1","0","1","688687114128588823","688687114128588823","797920307284934697","4","F","S","S","S","A","F","D","",""
"vnqlw25","4933","5","Harley Quinn","Batman Ninja","4","Wed, 14 Aug 2024 22:29:02 GMT","1723674542748","255","","","","No","No","","","70","0","4","","688687114128588823","797920307284934697","124","F","S","S","F","F","F","D","",""
"vnq1nm5","12786","4","Magna Swing","Black Clover","0","Wed, 14 Aug 2024 11:59:57 GMT","1723636797718","14","","","","No","No","","","23","0","0","688687114128588823","688687114128588823","797920307284934697","8","F","S","S","S","B","F","D","",""
"vnqnxwx","6181","5","Clair Aoki","Gleipnir","2","Wed, 14 Aug 2024 11:07:30 GMT","1723633650869","54","","","","No","No","","","44","0","2","688687114128588823","688687114128588823","797920307284934697","30","F","S","S","S","C","F","C","",""
"vnqhn5l","11615","3","Purple Haze","JoJo's Bizarre Adventure: Golden Wind","2","Tue, 13 Aug 2024 22:34:08 GMT","1723588448534","52","","","","No","No","","","19","0","2","688687114128588823","688687114128588823","797920307284934697","29","F","S","S","S","A","F","D","",""
"vnq03qc","2498","5","Carol Olston","Tomo-chan Is a Girl!","3","Tue, 13 Aug 2024 20:51:56 GMT","1723582316716","113","","","","No","No","","","44","0","3","688687114128588823","688687114128588823","797920307284934697","65","F","S","S","S","A","F","C","",""
"vn061nw","16888","2","Gabi Braun","Attack on Titan: The Final Season","3","Tue, 13 Aug 2024 16:27:56 GMT","1723566476372","134","","","","No","No","","","41","0","3","688687114128588823","688687114128588823","797920307284934697","66","F","S","S","S","F","F","D","",""
"vn061nh","5467","5","Mirko","My Hero Academia 4","3","Tue, 13 Aug 2024 16:27:46 GMT","1723566466528","171","","","","No","No","album","","348","0","3","688687114128588823","688687114128588823","797920307284934697","95","F","S","S","S","B","F","D","",""
"vn07j37","1449","2","Yuzuriha","Hell's Paradise: Jigokuraku","2","Tue, 13 Aug 2024 11:07:55 GMT","1723547275185","79","","","","No","No","400-600","","412","0","2","","688687114128588823","797920307284934697","41","F","S","S","F","B","F","D","",""
"vn0db55","9874","4","Hanasaki Miyabi","Holostars","4","Tue, 13 Aug 2024 10:43:02 GMT","1723545782219","175","","","","No","No","","","9","0","4","688687114128588823","688687114128588823","797920307284934697","93","F","S","S","S","B","F","D","",""
"vn0bvxg","2568","6","Golem","Somali and the Forest Spirit","1","Mon, 12 Aug 2024 12:17:30 GMT","1723465050250","17","","","","No","No","","","10","0","1","688687114128588823","688687114128588823","797920307284934697","9","F","S","S","S","A","F","C","",""
"vn0kq1j","354","2","Izutsumi","Dungeon Meshi","2","Mon, 12 Aug 2024 06:33:49 GMT","1723444429435","70","","","","No","No","200-400","","279","0","2","688687114128588823","688687114128588823","797920307284934697","48","F","S","S","S","A","F","A","",""
"vnvxthp","24978","2","Santana","JoJo's Bizarre Adventure","4","Sun, 11 Aug 2024 18:56:00 GMT","1723402560695","170","","","","No","No","","","3","0","4","688687114128588823","688687114128588823","797920307284934697","88","F","S","S","S","D","F","D","",""
"vnvd1lv","23511","2","Founding Titan","Attack on Titan 3rd Season","1","Sun, 11 Aug 2024 14:06:08 GMT","1723385168603","25","","","","No","No","","","9","0","1","","688687114128588823","797920307284934697","11","F","S","S","F","F","F","D","",""
"vnv8t8z","2730","6","Shouya Ishida","A Silent Voice","2","Sun, 11 Aug 2024 11:35:55 GMT","1723376155816","82","","","","No","No","album","","253","0","2","1258103469164728365","688687114128588823","797920307284934697","45","F","S","S","F","B","F","C","",""
"vnvrnj5","4958","5","Shizuku","Hunter x Hunter","2","Sun, 11 Aug 2024 00:39:03 GMT","1723336743099","82","","","","No","No","400-600","","445","0","2","688687114128588823","688687114128588823","797920307284934697","48","F","S","S","S","A","F","D","",""
"vnvzhj6","35920","2","Laffi","Made in Abyss","2","Sat, 10 Aug 2024 20:29:58 GMT","1723321798930","20","","","","No","No","","","2","0","2","688687114128588823","688687114128588823","797920307284934697","13","F","S","S","S","A","F","D","",""
"vnmctm6","13335","3","Van Gogh","Fate/Grand Order","3","Sat, 10 Aug 2024 00:20:25 GMT","1723249225713","87","","","","No","No","","","12","0","3","688687114128588823","688687114128588823","797920307284934697","49","F","S","S","S","A","F","D","",""
"vnmdlx5","5884","5","Silver Chariot","JoJo's Bizarre Adventure: Stardust Crusaders","1","Fri, 09 Aug 2024 18:49:14 GMT","1723229354781","28","","","","No","No","","","16","0","1","688687114128588823","688687114128588823","797920307284934697","16","F","S","S","S","A","F","C","",""
"vnmw03b","66637","1","Pingu's Father","Pingu in the City","1","Thu, 08 Aug 2024 16:28:08 GMT","1723134488540","11","","","","No","No","","","4","0","1","688687114128588823","688687114128588823","797920307284934697","5","F","S","S","S","A","F","D","",""
"vjc781r","8","3","Souta Saeki","Ryman's Club","2","Wed, 07 Aug 2024 21:55:22 GMT","1723067722104","26","","","","No","No","sp","","1","0","2","688687114128588823","688687114128588823","797920307284934697","19","F","S","S","S","A","F","A","",""
"vjcv74n","10751","4","Nightwing","Batman Ninja","1","Tue, 06 Aug 2024 13:47:57 GMT","1722952077434","26","","","","No","No","","","58","0","1","688687114128588823","688687114128588823","797920307284934697","15","F","S","S","S","A","F","D","",""
"vjx6vvb","35110","1","Millie Parfait","Nijisanji EN","3","Sun, 04 Aug 2024 11:06:26 GMT","1722769586084","68","","","","No","No","","","30","0","3","688687114128588823","688687114128588823","797920307284934697","39","F","S","S","S","A","F","D","",""
"vjxqxc8","2333","6","Irina Shidou","High School DxD NEW","2","Fri, 02 Aug 2024 22:28:48 GMT","1722637728657","67","","","","No","No","","","66","0","2","","688687114128588823","797920307284934697","38","F","S","S","F","D","F","C","",""
"vjssc25","31","2","Übel","Frieren: Beyond Journey's End","2","Fri, 02 Aug 2024 14:08:12 GMT","1722607692757","74","","","","No","No","album","","245","0","2","688687114128588823","688687114128588823","797920307284934697","53","F","S","S","S","A","F","A","",""
"vjdxrql","10211","3","Tomoe","Tsukimichi: Moonlit Fantasy","2","Wed, 31 Jul 2024 18:45:25 GMT","1722451525208","66","","","","No","No","100-200","","184","0","2","688687114128588823","688687114128588823","797920307284934697","36","F","S","S","S","C","F","D","",""
"vjddxjf","66162","1","Shikoku","Children of the Whales","1","Wed, 31 Jul 2024 17:10:40 GMT","1722445840325","3","","","","No","No","","","1","0","1","","688687114128588823","797920307284934697","1","F","S","S","F","B","F","D","",""
"vjdw7b1","9308","3","Vinegar Doppio","JoJo's Bizarre Adventure: Golden Wind","4","Tue, 30 Jul 2024 15:16:19 GMT","1722352579695","257","","","yearofthesheep","Yes","No","","","44","5","2","1265292237349060651","1265292237349060651","648031568756998155","190","B","B","F","F","A","S","D","",""
"vjdknv1","26439","1","Tobirama Senju","Naruto","1","Tue, 30 Jul 2024 14:28:35 GMT","1722349715584","23","","","","No","No","","","28","0","1","","924336354811334676","797920307284934697","10","F","S","F","F","F","F","D","",""
"vjd2xhk","2317","6","Honami Ichinose","Classroom of the Elite","0","Tue, 30 Jul 2024 12:44:39 GMT","1722343479814","19","","","","No","No","","","84","0","0","","688687114128588823","797920307284934697","13","F","S","S","F","B","F","C","",""
"vjt88r6","66557","1","Soft Machine","JoJo's Bizarre Adventure: Golden Wind","1","Mon, 29 Jul 2024 23:40:34 GMT","1722296434966","10","","","","No","No","","","1","0","1","964657138452537375","1167080205488226380","648031568756998155","6","F","S","F","F","A","F","D","",""
"vj7n0m3","2559","6","Gon Freecss","Hunter x Hunter","3","Mon, 29 Jul 2024 01:20:33 GMT","1722216033032","176","","","","No","No","album","","1183","0","3","688687114128588823","688687114128588823","797920307284934697","105","F","S","S","S","S","F","C","",""
"vj750mf","4894","5","Eijirou Kirishima","My Hero Academia","3","Sun, 28 Jul 2024 20:03:46 GMT","1722197026100","159","","","","No","No","200-400","","207","0","3","688687114128588823","688687114128588823","797920307284934697","83","F","S","S","S","F","F","D","",""
"vjt584m","8489","1","Viviano Westwood","JoJo's Bizarre Adventure: Stone Ocean","2","Sat, 27 Jul 2024 18:01:02 GMT","1722103262936","15","","","","No","No","","","2","0","2","716282879985844304","1167080205488226380","648031568756998155","6","F","S","F","F","F","F","D","",""
"vj9d0mx","18445","3","Lang Rangler","JoJo's Bizarre Adventure: Stone Ocean","2","Sat, 27 Jul 2024 18:00:43 GMT","1722103243446","38","","","","No","No","","","1","0","2","1049687392782651492","844336492574408706","1185216143741427793","19","F","S","F","F","F","F","D","",""
"vjlpq85","27829","2","Tusk","JoJo's Bizarre Adventure: Steel Ball Run","2","Sat, 27 Jul 2024 18:00:17 GMT","1722103217161","55","","","","No","No","","","69","0","2","1049687392782651492","1049687392782651492","1185216143741427793","29","F","S","F","F","S","F","D","",""
"vj9d18h","24133","3","Sherry Polnareff","JoJo's Bizarre Adventure: Stardust Crusaders","3","Sat, 27 Jul 2024 18:00:00 GMT","1722103200727","80","","","","No","No","","","2","0","3","841054135021076520","1263142504060944525","1185216143741427793","39","F","S","F","F","A","F","D","",""
"vjr0779","9791","4","Noriaki Kakyoin","JoJo's Bizarre Adventure: Stardust Crusaders","0","Sat, 27 Jul 2024 17:59:24 GMT","1722103164750","19","","","","No","No","200-400","","224","0","0","1167080205488226380","1167080205488226380","797920307284934697","10","F","S","F","F","A","F","D","",""
"vjgzdw2","13100","4","Hermit Purple","JoJo's Bizarre Adventure: Stardust Crusaders","4","Sat, 27 Jul 2024 17:59:05 GMT","1722103145950","186","","","","No","No","","","10","0","4","758521924023222274","758521924023222274","1185216143741427793","94","F","S","F","F","A","F","D","",""
"vjl5xz6","66309","1","Scolippi","JoJo's Bizarre Adventure: Golden Wind","3","Sat, 27 Jul 2024 17:58:29 GMT","1722103109351","47","","","","No","No","","","1","0","3","1167080205488226380","1167080205488226380","797920307284934697","24","F","S","F","F","A","F","D","",""
"vj88lsx","66131","1","Baby Face","JoJo's Bizarre Adventure: Golden Wind","0","Sat, 27 Jul 2024 17:58:10 GMT","1722103090271","4","","","","No","No","","","1","0","0","640615358897848321","1167080205488226380","648031568756998155","1","F","S","F","F","F","F","D","",""
"vjgfnvm","22395","2","Tonio Trussardi","JoJo's Bizarre Adventure: Diamond Is Unbreakable","2","Sat, 27 Jul 2024 17:57:41 GMT","1722103061540","36","","","","No","No","","","4","0","2","844336492574408706","844336492574408706","1185216143741427793","16","F","S","F","F","B","F","D","",""
"vjt256m","10145","4","Rohan Kishibe","JoJo's Bizarre Adventure: Diamond Is Unbreakable","2","Sat, 27 Jul 2024 17:57:20 GMT","1722103040713","73","","","","No","No","100-200","","139","0","2","","844336492574408706","1185216143741427793","31","F","S","F","F","F","F","D","",""
"vjt3mp4","66817","1","Minako Okura","JoJo's Bizarre Adventure: Diamond Is Unbreakable","3","Sat, 27 Jul 2024 17:57:09 GMT","1722103029204","23","","","","No","No","","","1","0","3","826429798514950164","1167080205488226380","648031568756998155","10","F","S","F","F","C","F","D","",""
"vj89gtq","18476","2","King Crimson","JoJo's Bizarre Adventure: Golden Wind","2","Sat, 27 Jul 2024 17:56:26 GMT","1722102986785","59","","","","No","No","","","30","0","2","1049687392782651492","844336492574408706","1185216143741427793","29","F","S","F","F","S","F","D","",""
"vjf2vr3","66098","1","Ken Oyanagi","JoJo's Bizarre Adventure: Diamond Is Unbreakable","1","Sat, 27 Jul 2024 17:56:02 GMT","1722102962664","8","","","","No","No","","","1","0","1","1167080205488226380","1167080205488226380","797920307284934697","4","F","S","F","F","A","F","D","",""
"vjfsfbj","14255","3","Kars","JoJo's Bizarre Adventure","0","Sat, 27 Jul 2024 17:55:47 GMT","1722102947534","16","","","","No","No","","","56","2","0","1049687392782651492","1049687392782651492","812384151113302046","8","F","S","F","F","A","C","D","",""
"vjtr2lj","40541","1","Loccobarocco","JoJo's Bizarre Adventure: Stone Ocean","1","Sat, 27 Jul 2024 12:55:47 GMT","1722084947946","5","","","","No","No","","","1","0","1","688687114128588823","737980149995274240","797920307284934697","1","F","S","F","S","F","F","D","",""
"vj8tf8z","66729","1","Messina","JoJo's Bizarre Adventure","3","Fri, 26 Jul 2024 00:52:10 GMT","1721955130078","24","","","","No","No","","","1","0","3","688687114128588823","688687114128588823","797920307284934697","14","F","S","S","S","A","F","D","",""
"vj8fdl1","66407","1","Surface","JoJo's Bizarre Adventure: Diamond Is Unbreakable","3","Thu, 25 Jul 2024 22:38:03 GMT","1721947083824","25","","","","No","No","","","1","0","3","924336354811334676","924336354811334676","797920307284934697","11","F","S","F","F","A","F","D","",""
"vj8rsg1","18776","2","Pazu","Laputa: Castle in the Sky","1","Thu, 25 Jul 2024 17:38:32 GMT","1721929112266","13","","","","No","No","","","16","0","1","688687114128588823","688687114128588823","797920307284934697","6","F","S","S","S","A","F","D","",""
"vj84znq","10068","4","Kei Karuizawa","Classroom of the Elite","3","Thu, 25 Jul 2024 12:21:16 GMT","1721910076024","147","","","","No","No","100-200","","198","0","3","688687114128588823","688687114128588823","797920307284934697","81","F","S","S","S","B","F","D","",""
"vjl8llb","10138","4","Ponyo","Ponyo on the Cliff by the Sea","2","Wed, 24 Jul 2024 04:37:16 GMT","1721795836719","68","","","","No","No","100-200","","179","0","2","688687114128588823","688687114128588823","797920307284934697","39","F","S","S","S","A","F","D","",""
"vjllbz1","4835","4","Mamako Ousuki","Do You Love Your Mom and Her Two-Hit Multi-Target Attacks?","2","Wed, 24 Jul 2024 02:13:02 GMT","1721787182730","71","","","","No","No","100-200","","128","0","2","688687114128588823","688687114128588823","797920307284934697","41","F","S","S","S","A","F","D","",""
"vjl9924","5243","5","Pitou","Hunter x Hunter (2011)","2","Wed, 24 Jul 2024 00:55:41 GMT","1721782541255","81","","","","No","No","200-400","","214","0","2","688687114128588823","688687114128588823","1166609840903303258","41","F","S","S","S","F","F","D","",""
"vj9s4x5","64995","1","Flare-Flare Fruit","One Piece","4","Sat, 20 Jul 2024 19:15:02 GMT","1721502902542","121","","","","No","No","","","10","0","4","737980149995274240","737980149995274240","797920307284934697","55","F","S","F","F","C","F","D","",""
"vj9jvsx","66255","1","Terunosuke Miyamoto","JoJo's Bizarre Adventure: Diamond Is Unbreakable","2","Sat, 20 Jul 2024 12:59:07 GMT","1721480347375","19","","","","No","No","","","3","0","2","1167080205488226380","1167080205488226380","797920307284934697","10","F","S","F","F","A","F","D","",""
"vj9kfvd","65977","1","Cheap Trick","JoJo's Bizarre Adventure: Diamond Is Unbreakable","2","Sat, 20 Jul 2024 12:58:45 GMT","1721480325318","15","","","","No","No","","","1","0","2","1167080205488226380","1167080205488226380","797920307284934697","8","F","S","F","F","A","F","D","",""
"vj99dlv","66315","1","Centerfold","JoJo's Bizarre Adventure: Stardust Crusaders","4","Sat, 20 Jul 2024 12:58:26 GMT","1721480306598","47","","","","No","No","","","1","0","4","1167080205488226380","1167080205488226380","797920307284934697","24","F","S","F","F","A","F","D","",""
"vbx0s9r","10468","4","Suzie Q","JoJo's Bizarre Adventure","2","Fri, 19 Jul 2024 10:38:17 GMT","1721385497755","52","","","","No","No","","","7","1","2","","924336354811334676","797920307284934697","28","F","S","F","F","B","D","D","",""
"vj3gzzj","23417","2","Gen Narumi","Kaiju No. 8","1","Tue, 16 Jul 2024 13:35:19 GMT","1721136919085","24","","","","No","No","","","73","0","1","688687114128588823","688687114128588823","797920307284934697","14","F","S","S","S","B","F","D","",""
"vjrcf1x","65960","1","Monkey","Manga Ookami wa Ookamida","2","Mon, 15 Jul 2024 08:31:38 GMT","1721032298295","7","","","","No","No","","","1","0","2","688687114128588823","688687114128588823","797920307284934697","4","F","S","S","S","A","F","D","",""
"vjrkmgb","65995","1","Donato Porpora","Tokyo Ghoul","2","Sat, 13 Jul 2024 21:39:17 GMT","1720906757569","8","","","","No","No","","","1","0","2","688687114128588823","688687114128588823","797920307284934697","4","F","S","S","S","F","F","D","",""
"vjrkmg5","66686","1","Chie Hori","Tokyo Ghoul: Pinto","1","Sat, 13 Jul 2024 21:38:52 GMT","1720906732350","4","","","","No","No","","","1","0","1","688687114128588823","688687114128588823","797920307284934697","1","F","S","S","S","A","F","D","",""
"vjrm22w","43914","1","Tsurugi Higashikata","JoJo's Bizarre Adventure: JoJolion","2","Sat, 13 Jul 2024 09:22:31 GMT","1720862551058","19","","","","No","No","","","2","0","2","688687114128588823","688687114128588823","797920307284934697","13","F","S","S","S","A","F","D","",""
"vjplmrq","66489","1","Wang Chen","JoJo's Bizarre Adventure","4","Fri, 12 Jul 2024 21:11:53 GMT","1720818713014","52","","","","No","No","","","1","0","4","591725834612506644","1167080205488226380","648031568756998155","26","F","S","F","F","A","F","D","",""
"vjp3xgm","18210","2","Makoto Tachibana","Free! - Iwatobi Swim Club","2","Fri, 12 Jul 2024 12:19:31 GMT","1720786771989","56","","","","No","No","","","61","0","2","688687114128588823","688687114128588823","797920307284934697","30","F","S","S","S","A","F","D","",""
"vjp3gq6","43492","1","Hot Pants","JoJo's Bizarre Adventure: Steel Ball Run","3","Fri, 12 Jul 2024 11:06:27 GMT","1720782387605","65","","","","No","No","","","34","0","3","","1167080205488226380","648031568756998155","29","F","S","F","F","F","F","D","",""
"vjp1n52","37865","2","Lilia","Mushoku Tensei: Jobless Reincarnation","1","Fri, 12 Jul 2024 09:56:03 GMT","1720778163144","23","","","","No","No","","","15","0","1","1167080205488226380","1167080205488226380","797920307284934697","11","F","S","F","F","A","F","D","",""
"vjpzm7d","22611","1","Planet Waves","JoJo's Bizarre Adventure: Stone Ocean","1","Fri, 12 Jul 2024 09:53:59 GMT","1720778039941","10","","","","No","No","","","1","0","1","331595729455808514","1167080205488226380","648031568756998155","6","F","S","F","F","S","F","D","",""
"vjpz7rg","66197","1","Jesus of Nazareth","The Golden Laws","4","Fri, 12 Jul 2024 09:51:43 GMT","1720777903565","84","","","abandonedchurch","Yes","No","","","25","0","4","733715643752513586","1167080205488226380","648031568756998155","61","B","S","F","F","A","F","D","",""
"vjpzssq","65823","1","Osiris","JoJo's Bizarre Adventure: Stardust Crusaders","2","Fri, 12 Jul 2024 09:51:21 GMT","1720777881195","16","","","","No","No","","","1","0","2","692608668100853791","1167080205488226380","648031568756998155","8","F","S","F","F","B","F","D","",""
"vjpp8r9","34814","1","Secco","JoJo's Bizarre Adventure: Golden Wind","3","Fri, 12 Jul 2024 09:50:26 GMT","1720777826461","39","","","","No","No","","","4","2","3","727650289422958614","1167080205488226380","648031568756998155","21","F","S","F","F","S","C","D","",""
"vjppmcq","66380","1","Chibi and Buchi's Owner","JoJo's Bizarre Adventure: Stardust Crusaders - Battle in Egypt","2","Fri, 12 Jul 2024 09:50:06 GMT","1720777806485","7","","","","No","No","","","1","0","2","549070246787547159","1167080205488226380","648031568756998155","4","F","S","F","F","A","F","D","",""
"vjjc2br","4676","4","Jesus Christ","Flying House","2","Thu, 11 Jul 2024 21:25:27 GMT","1720733127440","69","","","","No","No","200-400","","260","0","2","1246258973821243494","1167080205488226380","797920307284934697","35","F","S","F","F","A","F","D","",""
"vj1mzpz","13227","4","Sticky Fingers","JoJo's Bizarre Adventure: Golden Wind","1","Thu, 11 Jul 2024 21:20:59 GMT","1720732859673","26","","","","No","No","","","16","0","1","1167080205488226380","1167080205488226380","797920307284934697","14","F","S","F","F","A","F","D","",""
"vj4r7mm","66016","1","Tiziano","JoJo's Bizarre Adventure: Golden Wind","2","Thu, 11 Jul 2024 21:20:30 GMT","1720732830394","20","","","","No","No","","","1","0","2","1167080205488226380","1167080205488226380","797920307284934697","10","F","S","F","F","A","F","D","",""
"vj4tqlr","22355","3","Androssi Zahard","Tower of God","1","Wed, 10 Jul 2024 21:31:52 GMT","1720647112532","26","","","","No","No","","","55","0","1","688687114128588823","688687114128588823","797920307284934697","15","F","S","S","S","S","F","D","",""
"vj43v1x","12316","4","Nero Claudius (Bride)","Fate/Grand Order","3","Wed, 10 Jul 2024 11:45:54 GMT","1720611954558","113","","","","No","No","","","34","0","3","688687114128588823","688687114128588823","797920307284934697","64","F","S","S","S","A","F","D","",""
"vj4h7nb","4791","5","Nezuko Kamado","Demon Slayer: Kimetsu no Yaiba","4","Tue, 09 Jul 2024 15:48:59 GMT","1720540139069","359","","","","Yes","No","album","","5807","0","2","688687114128588823","688687114128588823","797920307284934697","190","F","B","S","S","S","F","D","",""
"vj4hwvb","15397","3","Chizuru Mizuhara","Kanojo, Okarishimasu","1","Tue, 09 Jul 2024 14:12:31 GMT","1720534351886","39","","","","No","No","600","","604","0","1","","688687114128588823","797920307284934697","19","F","S","S","F","F","F","D","",""
"vj4hhcz","1967","3","Yamada Asaemon Sagiri","Hell's Paradise: Jigokuraku","1","Tue, 09 Jul 2024 13:05:23 GMT","1720530323862","37","","","","No","No","400-600","","375","0","1","","688687114128588823","797920307284934697","18","F","S","S","F","D","F","C","",""
"vj4qwk0","66559","1","Hana","Wolf Children","1","Tue, 09 Jul 2024 12:34:19 GMT","1720528459468","3","","","","No","No","","","3","0","1","688687114128588823","688687114128588823","797920307284934697","1","F","S","S","S","A","F","D","",""
"vjz7r56","2204","6","Celia Claire","Seirei Gensouki: Spirit Chronicles","1","Mon, 08 Jul 2024 21:52:50 GMT","1720475570267","31","","","","No","No","","","54","0","1","688687114128588823","688687114128588823","797920307284934697","20","F","S","S","S","A","F","C","",""
"vjzt1ph","292","1","Ultimatia","Ragna Crimson","3","Mon, 08 Jul 2024 19:56:51 GMT","1720468611360","69","","","","No","No","","","16","0","3","688687114128588823","688687114128588823","797920307284934697","46","F","S","S","S","A","F","A","",""
"vbzlt1p","1987","6","Sung Jin-Woo","Solo Leveling","4","Mon, 08 Jul 2024 19:16:31 GMT","1720466191059","348","","","","Yes","No","album","","5004","0","0","","413070679198662667","900092769194868826","146","F","F","F","F","C","F","B","",""
"vjz22vs","5912","5","Mukuro Rokudo","REBORN!","2","Sun, 07 Jul 2024 15:38:19 GMT","1720366699688","36","","","","No","No","","","14","0","2","688687114128588823","688687114128588823","797920307284934697","21","F","S","S","S","A","F","C","",""
"vjzqgn5","7410","3","Mafuyu Asahina","Project SEKAI COLORFUL STAGE! feat. Hatsune Miku","4","Sun, 07 Jul 2024 12:40:51 GMT","1720356051830","264","","","","No","No","200-400","","357","0","4","688687114128588823","688687114128588823","797920307284934697","148","F","S","S","S","A","F","D","",""
"vj1df22","52","4","Zaryusu Shasha","Overlord II","2","Sat, 06 Jul 2024 22:46:48 GMT","1720306008410","40","","","","No","No","","","2","0","2","688687114128588823","688687114128588823","1256218217987313754","29","F","S","S","S","A","F","A","",""
"vj1t575","18273","2","Hawkeye","Marvel Disk Wars: The Avengers","4","Sat, 06 Jul 2024 17:12:30 GMT","1720285950534","101","","","","No","No","","","5","0","4","688687114128588823","688687114128588823","797920307284934697","58","F","S","S","S","A","F","D","",""
"vj19sls","66187","1","Yui Sasaki","X-Men","1","Sat, 06 Jul 2024 12:55:03 GMT","1720270503948","2","","","","No","No","","","1","0","1","924336354811334676","688687114128588823","797920307284934697","1","F","S","S","F","B","F","D","",""
"vj1f92p","66063","1","Straits","JoJo's Bizarre Adventure","4","Sat, 06 Jul 2024 12:32:44 GMT","1720269164501","69","","","","No","No","","","1","0","4","","688687114128588823","797920307284934697","33","F","S","S","F","F","F","D","",""
"vj1grxj","59932","1","Iron Man Dio","Iron Man","1","Sat, 06 Jul 2024 12:12:14 GMT","1720267934549","8","","","","No","No","","","2","0","1","","688687114128588823","797920307284934697","4","F","S","S","F","A","F","D","",""
"vj1gdk1","43748","1","Soft & Wet","JoJo's Bizarre Adventure: JoJolion","1","Sat, 06 Jul 2024 11:29:23 GMT","1720265363330","16","","","","No","No","","","26","0","1","688687114128588823","688687114128588823","797920307284934697","8","F","S","S","S","A","F","D","",""
"vj1mh6z","65822","1","Surface","JoJo's Bizarre Adventure: Diamond Is Unbreakable","1","Fri, 05 Jul 2024 18:15:53 GMT","1720203353526","6","","","","No","No","","","1","0","1","","1167080205488226380","797920307284934697","4","F","S","F","F","F","F","D","",""
"vj12g1q","22589","3","Suzune","Senran Kagura Burst","1","Fri, 05 Jul 2024 13:50:58 GMT","1720187458167","24","","","","No","No","","","11","0","1","688687114128588823","688687114128588823","797920307284934697","14","F","S","S","S","A","F","D","",""
"vjn6gc6","60861","1","Sperm Cell","Cells at Work! CODE BLACK!","3","Thu, 04 Jul 2024 23:53:41 GMT","1720137221307","54","","","","No","No","","","69","1","3","688687114128588823","688687114128588823","797920307284934697","30","F","S","S","S","B","D","D","",""
"vjnbbrg","18864","2","Rimuru Tempest","That Time I Got Reincarnated as a Slime","4","Thu, 04 Jul 2024 18:53:05 GMT","1720119185296","335","","","","Yes","No","album","","2014","0","4","1167080205488226380","1167080205488226380","797920307284934697","159","F","S","F","F","A","F","D","",""
"vjnd8pg","10511","4","Robert E. O. Speedwagon","JoJo's Bizarre Adventure","2","Thu, 04 Jul 2024 18:36:32 GMT","1720118192914","75","","","","No","No","100-200","","137","0","2","","688687114128588823","797920307284934697","36","F","S","S","F","F","F","D","",""
"vjnl698","3590","4","Denji","Chainsaw Man","4","Thu, 04 Jul 2024 14:58:19 GMT","1720105099846","358","","","yearofthedragon","Yes","No","album","","2305","0","3","688687114128588823","688687114128588823","797920307284934697","296","B","A","S","S","A","F","C","",""
"vjnlbkk","1913","3","Erna","Spy Classroom","3","Thu, 04 Jul 2024 10:22:52 GMT","1720088572888","90","","","","No","No","","","9","0","3","688687114128588823","688687114128588823","797920307284934697","53","F","S","S","S","A","F","C","",""
"vjnk50b","9811","4","Ars Almal","Nijisanji","2","Wed, 03 Jul 2024 13:49:55 GMT","1720014595092","51","","","","No","No","","","6","0","2","688687114128588823","688687114128588823","797920307284934697","29","F","S","S","S","A","F","D","",""
"vjjcsmc","65686","1","Wheel of Fortune","JoJo's Bizarre Adventure: Stardust Crusaders","2","Tue, 02 Jul 2024 23:55:25 GMT","1719964525020","20","","","","No","No","","","1","0","2","688687114128588823","688687114128588823","797920307284934697","13","F","S","S","S","A","F","D","",""
"vjjxmz3","2306","6","Katakuri Charlotte","One Piece","2","Tue, 02 Jul 2024 20:54:03 GMT","1719953643843","79","","","","No","No","200-400","","228","0","2","924336354811334676","688687114128588823","797920307284934697","41","F","S","S","F","F","F","C","",""
"vjjdblm","852","1","Huohuo","Honkai: Star Rail","2","Tue, 02 Jul 2024 17:58:06 GMT","1719943086403","68","","","","No","No","100-200","","129","0","2","688687114128588823","688687114128588823","1256218217987313754","44","F","S","S","S","A","F","B","",""
"vjj834l","65801","1","Rolling Stones","JoJo's Bizarre Adventure: Golden Wind","2","Tue, 02 Jul 2024 14:13:43 GMT","1719929623247","17","","","","No","No","","","1","0","2","688687114128588823","688687114128588823","1256218217987313754","8","F","S","S","S","S","F","D","",""
"vjb64l4","9513","4","Lucy Heartfilia","Fairy Tail","4","Sun, 30 Jun 2024 21:37:47 GMT","1719783467319","335","","","","No","No","600","","681","0","4","688687114128588823","688687114128588823","797920307284934697","166","F","S","S","S","F","F","D","",""
"vjbs3r1","520","1","Magia Baiser","Gushing over Magical Girls","3","Sun, 30 Jun 2024 19:49:15 GMT","1719776955038","112","","","","No","No","200-400","","226","0","3","924336354811334676","688687114128588823","797920307284934697","65","F","S","S","F","C","F","B","",""
"vjbsl1p","10431","4","Deadpool","Marvel Disk Wars: The Avengers","1","Sun, 30 Jun 2024 19:12:11 GMT","1719774731644","33","","","","No","No","100-200","","130","0","1","688687114128588823","688687114128588823","797920307284934697","19","F","S","S","S","S","F","D","",""
"vjb7vxm","2071","6","Clara Valac","Welcome to Demon School, Iruma-kun","2","Sun, 30 Jun 2024 15:41:09 GMT","1719762069316","63","","","","No","No","","","96","0","2","","688687114128588823","797920307284934697","39","F","S","S","F","A","F","B","",""
"vjbfmst","43606","1","King Nothing","JoJo's Bizarre Adventure: JoJolion","1","Sun, 30 Jun 2024 11:17:41 GMT","1719746261423","12","","","","No","No","","","1","0","1","924336354811334676","924336354811334676","797920307284934697","5","F","S","F","F","A","F","D","",""
"vjb12g4","5697","3","Katana Man","Chainsaw Man","3","Sun, 30 Jun 2024 11:17:00 GMT","1719746220715","141","","","","No","No","","","12","0","3","","924336354811334676","797920307284934697","73","F","S","F","F","A","F","C","",""
"vjb947t","10820","4","Arcueid Brunestud","Tsukihime","1","Sun, 30 Jun 2024 09:33:15 GMT","1719739995680","28","","","","No","No","100-200","","100","0","1","688687114128588823","688687114128588823","797920307284934697","15","F","S","S","S","B","F","D","",""
"vjb4xgb","8913","1","Abel Walker","Mashle","0","Sat, 29 Jun 2024 23:14:44 GMT","1719702884582","7","","","","No","No","","","13","0","0","688687114128588823","688687114128588823","797920307284934697","4","F","S","S","S","A","F","C","",""
"vjb1rd4","22391","3","Nora","Noragami","2","Sat, 29 Jun 2024 21:44:56 GMT","1719697496846","43","","","","No","No","album","","10","0","2","688687114128588823","924336354811334676","797920307284934697","24","F","S","F","S","B","F","D","",""
"vjbz4qj","23415","3","Mia Karnstein","Code Vein","3","Sat, 29 Jun 2024 21:22:31 GMT","1719696151029","70","","","","No","No","","","10","0","3","924336354811334676","688687114128588823","797920307284934697","34","F","S","S","F","F","F","D","",""
"vjb1j0z","38","1","Nazarena Teluzian","Ragna Crimson","2","Sat, 29 Jun 2024 20:52:05 GMT","1719694325841","26","","","","No","No","","","1","0","2","688687114128588823","688687114128588823","797920307284934697","19","F","S","S","S","A","F","A","",""
"vjbkjjm","4514","5","Zeke","Attack on Titan 2nd Season","2","Sat, 29 Jun 2024 13:56:59 GMT","1719669419943","70","","","","No","No","","","62","0","2","688687114128588823","688687114128588823","797920307284934697","43","F","S","S","S","S","F","D","",""
"vjbhg4r","1793","6","Eris Boreas Greyrat","Mushoku Tensei: Jobless Reincarnation","4","Sat, 29 Jun 2024 07:28:33 GMT","1719646113544","320","","","","Yes","No","album","","574","0","3","688687114128588823","688687114128588823","797920307284934697","189","F","A","S","S","A","F","C","",""
"vj5csp4","8898","1","Fuwawa Abyssgard","Hololive EN","2","Fri, 28 Jun 2024 22:29:58 GMT","1719613798946","51","","","","No","No","100-200","","121","0","2","1167080205488226380","688687114128588823","797920307284934697","29","F","S","S","F","D","F","C","",""
"vj5c2t0","14729","3","Hu Tao","Genshin Impact","4","Fri, 28 Jun 2024 21:59:10 GMT","1719611950374","352","","","mingvase","Yes","No","album","","2763","0","3","688687114128588823","688687114128588823","797920307284934697","265","B","A","S","S","A","F","D","",""
"vjvcnd9","12","5","Vivi Nefertari","One Piece","4","Fri, 28 Jun 2024 20:59:54 GMT","1719608394128","322","","","","Yes","No","album","","88","0","2","1142935430342385724","1142935430342385724","797920307284934697","188","F","B","F","F","A","F","A","",""
"vj57gdr","49403","1","Choi Yoo-Ra","Solo Leveling","1","Fri, 28 Jun 2024 15:22:11 GMT","1719588131546","9","","","","No","No","","","1","0","1","688687114128588823","688687114128588823","797920307284934697","4","F","S","S","S","A","F","D","",""
"vj5lt2d","65900","1","Kosho Shinogi","Baki the Grappler","2","Fri, 28 Jun 2024 11:29:36 GMT","1719574176740","3","","","","No","No","","","1","0","2","688687114128588823","688687114128588823","797920307284934697","1","F","S","S","S","A","F","D","",""
"vj58v1z","16718","3","Mayoi Hachikuji","Bakemonogatari","0","Fri, 28 Jun 2024 10:30:27 GMT","1719570627891","14","","","","No","No","","","62","0","0","688687114128588823","688687114128588823","797920307284934697","8","F","S","S","S","A","F","D","",""
"vj5r27x","2256","6","Tori Himemiya","Ensemble Stars!","0","Thu, 27 Jun 2024 23:48:29 GMT","1719532109279","13","","","","No","No","","","29","0","0","688687114128588823","688687114128588823","797920307284934697","8","F","S","S","S","A","F","C","",""
"vj5k5kn","31730","2","Mr. Nijimura","JoJo's Bizarre Adventure: Diamond Is Unbreakable","1","Thu, 27 Jun 2024 13:11:14 GMT","1719493874992","12","","","","No","No","","","1","0","1","688687114128588823","688687114128588823","797920307284934697","6","F","S","S","S","S","F","D","",""
"vj50brn","2105","6","San","Princess Mononoke","2","Thu, 27 Jun 2024 11:37:47 GMT","1719488267456","73","","","","No","No","album","","129","0","2","1167080205488226380","1167080205488226380","797920307284934697","39","F","S","F","F","A","F","C","",""
"vj5wk65","9980","4","Roberta","Black Lagoon","3","Thu, 27 Jun 2024 09:43:12 GMT","1719481392383","81","","","","No","No","","","34","0","3","688687114128588823","688687114128588823","797920307284934697","44","F","S","S","S","A","F","D","",""
"vj07pcg","65598","1","Akira","JoJo's Bizarre Adventure: Diamond Is Unbreakable","4","Tue, 25 Jun 2024 23:14:45 GMT","1719357285735","39","","","","No","No","","","1","0","4","924336354811334676","924336354811334676","797920307284934697","21","F","S","F","F","A","F","D","",""
"vjk4qzt","40838","1","Yabaley's Tomato Juice","Kimi to Kanojo to Kanojo no Koi.","2","Tue, 25 Jun 2024 20:59:11 GMT","1719349151808","9","","","","No","No","","","1","0","2","","688687114128588823","797920307284934697","4","F","S","S","F","D","F","D","",""
"vjkz2nv","4709","5","Kuromi","Onegai My Melody Sukkiri","1","Tue, 25 Jun 2024 19:20:05 GMT","1719343205401","38","","","","No","No","200-400","","288","0","1","688687114128588823","688687114128588823","797920307284934697","24","F","S","S","S","A","F","D","",""
"vjknf95","4988","5","Sheena Fujibayashi","Tales of Symphonia","3","Tue, 25 Jun 2024 18:04:55 GMT","1719338695993","80","","","","No","No","","","15","0","3","688687114128588823","688687114128588823","797920307284934697","45","F","S","S","S","A","F","D","",""
"vjkn8bc","128","6","Shizuku Hasei","Undead Girl Murder Farce","1","Tue, 25 Jun 2024 17:32:10 GMT","1719336730377","23","","","","No","No","","","8","0","1","688687114128588823","688687114128588823","797920307284934697","18","F","S","S","S","A","F","A","",""
"vjkn9nn","17083","1","Tony Stark","Iron Man","1","Tue, 25 Jun 2024 15:42:01 GMT","1719330121163","10","","","","No","No","","","13","1","1","688687114128588823","688687114128588823","797920307284934697","6","F","S","S","S","S","D","D","",""
"vjkb71c","6131","2","Asuka Tenjouin","Yu-Gi-Oh! GX","0","Tue, 25 Jun 2024 13:57:42 GMT","1719323862536","8","","","","No","No","","","16","0","0","688687114128588823","688687114128588823","797920307284934697","4","F","S","S","S","A","F","D","",""
"vjkkwb2","4514","2","Ikaros","Heaven's Lost Property","0","Tue, 25 Jun 2024 11:00:43 GMT","1719313243977","13","","","","No","No","","","98","0","0","688687114128588823","688687114128588823","797920307284934697","5","F","S","S","S","B","F","D","",""
"vjkmknq","12253","4","Neopolitan","RWBY","2","Mon, 24 Jun 2024 21:35:47 GMT","1719264947299","43","","","","No","No","","","55","0","2","688687114128588823","688687114128588823","797920307284934697","25","F","S","S","S","A","F","D","",""
"vjw6624","13589","2","Tails","Sonic X","4","Mon, 24 Jun 2024 18:50:31 GMT","1719255031456","221","","","","No","No","","","91","0","4","","688687114128588823","797920307284934697","101","F","S","S","F","F","F","D","",""
"vjw7q4j","58836","1","Stan Lee","Marvel Future Avengers","2","Mon, 24 Jun 2024 13:48:56 GMT","1719236936158","29","","","","No","No","","","16","0","2","688687114128588823","688687114128588823","797920307284934697","15","F","S","S","S","S","F","D","",""
"vjw7jp0","5373","5","Nozomi Kaminashi","Keijo!!!!!!!!","2","Mon, 24 Jun 2024 13:18:35 GMT","1719235115391","46","","","","No","No","","","15","0","2","737980149995274240","688687114128588823","797920307284934697","25","F","S","S","F","A","F","D","",""
"vj06cxf","2227","6","Dio Brando","JoJo's Bizarre Adventure","4","Sun, 23 Jun 2024 21:24:03 GMT","1719177843167","347","","","","Yes","No","album","","985","0","0","1156190101081161738","1156190101081161738","1118135307561340958","154","F","F","F","F","S","F","C","",""
"vjwzgdp","39814","1","Charlotte","JoJo's Bizarre Adventure: Stone Ocean","2","Sun, 23 Jun 2024 21:21:24 GMT","1719177684196","15","","","","No","No","","","1","0","2","688687114128588823","688687114128588823","797920307284934697","8","F","S","S","S","A","F","D","",""
"vjw15rk","65912","1","Messina","JoJo's Bizarre Adventure","1","Sun, 23 Jun 2024 18:25:52 GMT","1719167152878","6","","","","No","No","","","1","0","1","1167080205488226380","1167080205488226380","797920307284934697","4","F","S","F","F","A","F","D","",""
"vjw588x","6354","3","Mica","Nikke: Goddess of Victory","1","Sun, 23 Jun 2024 12:15:55 GMT","1719144955881","21","","","","No","No","","","1","0","1","1167080205488226380","688687114128588823","797920307284934697","11","F","S","S","F","D","F","C","",""
"vjwq8g6","13163","4","Wamuu","JoJo's Bizarre Adventure","3","Sun, 23 Jun 2024 11:15:35 GMT","1719141335067","109","","","","No","No","","","20","1","3","924336354811334676","924336354811334676","797920307284934697","56","F","S","F","F","S","D","D","",""
"vkchqld","1026","6","Jotaro Kujo","JoJo's Bizarre Adventure: Stardust Crusaders","4","Sun, 23 Jun 2024 09:46:31 GMT","1719135991801","346","","","yearofthesnake","Yes","No","album","","1267","0","3","707947005863002193","707947005863002193","1130964837153910945","280","B","A","F","F","S","F","B","",""
"vjwvgtq","26912","1","Elizabeth Midford","Black Butler","3","Sun, 23 Jun 2024 01:06:56 GMT","1719104816177","43","","","","No","No","","","10","0","3","688687114128588823","688687114128588823","797920307284934697","23","F","S","S","S","B","F","D","",""
"v5k8cb2","62716","1","Wilson Phillips","JoJo's Bizarre Adventure: Stardust Crusaders","2","Sat, 22 Jun 2024 21:23:49 GMT","1719091429766","10","","","","No","No","","","1","0","2","737980149995274240","1167080205488226380","797920307284934697","5","F","S","F","F","F","F","D","",""
"vj2sfjb","65047","1","Talking Head","JoJo's Bizarre Adventure: Golden Wind","4","Sat, 22 Jun 2024 18:04:20 GMT","1719079460971","67","","","","No","No","","","1","0","4","688687114128588823","688687114128588823","797920307284934697","39","F","S","S","S","A","F","D","",""
"vj2lczm","1127","2","Todd Ingram","Scott Pilgrim Takes Off","0","Sat, 22 Jun 2024 09:47:07 GMT","1719049627713","11","","","","No","No","","","31","0","0","688687114128588823","688687114128588823","797920307284934697","6","F","S","S","S","B","F","C","",""
"vj23vkm","5056","5","Miyuki Shirogane","Kaguya-sama: Love Is War","3","Fri, 21 Jun 2024 23:30:38 GMT","1719012638874","151","","","","No","No","100-200","","163","0","3","688687114128588823","688687114128588823","797920307284934697","86","F","S","S","S","A","F","D","",""
"vj21mtr","199","5","Kiyoka Kudou","My Happy Marriage","4","Fri, 21 Jun 2024 17:27:25 GMT","1718990845997","285","","","solisfairstand","No","No","200-400","","223","0","4","688687114128588823","688687114128588823","797920307284934697","258","B","S","S","S","A","F","A","",""
"vwfn6w6","634","6","Hak Son","Yona of the Dawn","4","Thu, 20 Jun 2024 18:39:06 GMT","1718908746440","282","","","springrain","Yes","No","100-200","","184","0","4","924336354811334676","924336354811334676","797920307284934697","238","B","S","F","F","A","F","A","",""
"vjh6fgm","943","6","Vodka","Food Fantasy","0","Thu, 20 Jun 2024 18:09:29 GMT","1718906969390","18","","","","No","No","100-200","","116","0","0","688687114128588823","688687114128588823","797920307284934697","15","F","S","S","S","A","F","B","",""
"v2w300c","8","2","Shiori Goshiki","A Galaxy Next Door","3","Thu, 20 Jun 2024 16:06:50 GMT","1718899610537","94","","","","No","No","sp","","14","0","3","924336354811334676","924336354811334676","797920307284934697","58","F","S","F","F","C","F","A","",""
"vjh73gd","39290","2","Carue","One Piece","1","Thu, 20 Jun 2024 13:03:35 GMT","1718888615973","20","","","","No","No","","","18","0","1","688687114128588823","688687114128588823","797920307284934697","13","F","S","S","S","B","F","D","",""
"vjh46sc","65547","1","Holly's Stand","JoJo's Bizarre Adventure: Stardust Crusaders","2","Thu, 20 Jun 2024 09:18:18 GMT","1718875098338","19","","","","No","No","","","1","1","2","1142935430342385724","1142935430342385724","797920307284934697","10","F","S","F","F","A","D","D","",""
"v5k2brz","4104","5","King Crimson","JoJo's Bizarre Adventure: Golden Wind","2","Wed, 19 Jun 2024 19:04:05 GMT","1718823845174","62","","","","No","No","","","30","3","2","1037067020690272337","594433619188121602","648031568756998155","38","F","S","F","F","S","B","C","",""
"vjh29d6","65587","1","Boy","JoJo's Bizarre Adventure: Stardust Crusaders - Battle in Egypt","4","Wed, 19 Jun 2024 18:03:29 GMT","1718820209040","44","","","","No","No","","","1","0","4","1142935430342385724","1142935430342385724","797920307284934697","23","F","S","F","F","B","F","D","",""
"vjhj9g8","3648","2","Shotaro Hidari","Fuuto PI","1","Wed, 19 Jun 2024 12:35:29 GMT","1718800529125","15","","","","No","No","","","18","0","1","688687114128588823","688687114128588823","797920307284934697","8","F","S","S","S","A","F","D","",""
"vjhbljx","2058","6","Marius von Hagen","Tears of Themis","3","Wed, 19 Jun 2024 12:22:48 GMT","1718799768605","134","","","","No","No","100-200","","109","0","3","924336354811334676","688687114128588823","797920307284934697","71","F","S","S","F","F","F","C","",""
"vjhbm65","2167","6","Golem","Somali and the Forest Spirit","1","Wed, 19 Jun 2024 11:23:03 GMT","1718796183863","17","","","","No","No","","","10","0","1","","688687114128588823","797920307284934697","8","F","S","S","F","B","F","B","",""
"vjh0jd9","65914","1","Chaka","JoJo's Bizarre Adventure: Stardust Crusaders - Battle in Egypt","3","Tue, 18 Jun 2024 22:35:56 GMT","1718750156975","26","","","","No","No","","","1","0","3","1142935430342385724","1142935430342385724","797920307284934697","13","F","S","F","F","A","F","D","",""
"vjhvvrv","16124","1","Galo Thymos","Promare","2","Tue, 18 Jun 2024 22:02:50 GMT","1718748170276","20","","","","No","No","","","22","0","2","1142935430342385724","688687114128588823","797920307284934697","10","F","S","S","F","F","F","D","",""
"vjq7jvf","17581","2","Zeke","Attack on Titan 2nd Season","2","Tue, 18 Jun 2024 11:36:53 GMT","1718710613101","72","","","","No","No","","","62","0","2","688687114128588823","688687114128588823","797920307284934697","35","F","S","S","S","F","F","D","",""
"vjq795r","26392","1","Akira Otoishi","JoJo's Bizarre Adventure: Diamond Is Unbreakable","4","Tue, 18 Jun 2024 11:31:32 GMT","1718710292852","84","","","","No","No","","","2","0","4","1142935430342385724","1142935430342385724","797920307284934697","40","F","S","F","F","A","F","D","",""
"vjq46s4","14082","3","Rei Hino","Sailor Moon","2","Mon, 17 Jun 2024 20:44:51 GMT","1718657091886","49","","","","No","No","","","30","0","2","688687114128588823","688687114128588823","797920307284934697","26","F","S","S","S","B","F","D","",""
"vkp61x3","4076","5","Josuke Higashikata","JoJo's Bizarre Adventure: JoJolion","4","Mon, 17 Jun 2024 17:39:27 GMT","1718645967078","311","","","","Yes","No","100-200","","198","0","2","704862569554378864","704862569554378864","1173004107888463945","149","F","B","F","F","A","F","C","",""
"vbkrwnq","1498","6","Noriaki Kakyoin","JoJo's Bizarre Adventure: Stardust Crusaders","4","Mon, 17 Jun 2024 17:39:27 GMT","1718645967078","318","","","","Yes","No","200-400","","224","0","2","688387464439529499","688387464439529499","1184101517100318760","164","F","B","F","F","A","F","B","",""
"vjq1sdh","14380","1","Kirishima Aya","Mankitsu Happening","2","Mon, 17 Jun 2024 16:16:23 GMT","1718640983410","22","","","","No","No","","","2","0","2","688687114128588823","688687114128588823","797920307284934697","14","F","S","S","S","A","F","D","",""
"vjqhlsl","284","5","Parsee Mizuhashi","Touhou Project","3","Mon, 17 Jun 2024 00:10:08 GMT","1718583008826","87","","","","No","No","","","3","0","3","688687114128588823","688687114128588823","797920307284934697","60","F","S","S","S","A","F","A","",""
"vjqhbn2","19107","2","Inca Kasugatani","Fire Force Season 2","1","Sun, 16 Jun 2024 23:30:04 GMT","1718580604474","21","","","","No","No","","","3","0","1","688687114128588823","688687114128588823","797920307284934697","13","F","S","S","S","A","F","D","",""
"vj0cgnx","12760","4","Koichi Hirose","JoJo's Bizarre Adventure: Diamond Is Unbreakable","1","Sun, 16 Jun 2024 20:19:01 GMT","1718569141019","32","","","","No","No","","","39","1","1","","1142935430342385724","797920307284934697","16","F","S","F","F","A","D","D","",""
"vjqmhlh","65664","1","Minako Okura","JoJo's Bizarre Adventure: Diamond Is Unbreakable","3","Sun, 16 Jun 2024 19:21:46 GMT","1718565706420","23","","","","No","No","","","1","0","3","688687114128588823","688687114128588823","797920307284934697","14","F","S","S","S","A","F","D","",""
"vk4642t","753","6","Yoshikage Kira","JoJo's Bizarre Adventure: Diamond Is Unbreakable","4","Sun, 16 Jun 2024 17:28:50 GMT","1718558930816","326","","","yearoftheboar","Yes","No","200-400","","234","0","4","","902709152399388712","902334382939963402","278","B","S","F","F","S","F","A","",""
"vj0shsp","19172","2","Miku Kohinata","Symphogear","3","Sun, 16 Jun 2024 14:54:13 GMT","1718549653559","46","","","","No","No","","","4","0","3","688687114128588823","688687114128588823","797920307284934697","25","F","S","S","S","A","F","D","",""
"vj0shpj","10467","4","Hibiki Tachibana","Symphogear","2","Sun, 16 Jun 2024 12:27:32 GMT","1718540852521","35","","","","No","No","","","20","0","2","924336354811334676","688687114128588823","797920307284934697","16","F","S","S","F","F","F","D","",""
"vj0tsjf","65626","1","Bartender","JoJo's Bizarre Adventure: Stardust Crusaders - Battle in Egypt","0","Sun, 16 Jun 2024 11:11:15 GMT","1718536275325","1","","","","No","No","","","1","0","0","","1142935430342385724","797920307284934697","0","F","S","F","F","F","F","D","",""
"vjmk4mp","65113","1","Arnold","JoJo's Bizarre Adventure: Diamond Is Unbreakable","3","Sun, 16 Jun 2024 10:10:21 GMT","1718532621447","31","","","","No","No","","","1","0","3","1142935430342385724","1142935430342385724","797920307284934697","15","F","S","F","F","A","F","D","",""
"v52nlt8","11715","4","Forever","JoJo's Bizarre Adventure: Stardust Crusaders","2","Sun, 16 Jun 2024 10:09:50 GMT","1718532590860","41","","","","No","No","","","2","0","2","","1167080205488226380","797920307284934697","20","F","S","F","F","B","F","C","",""
"vj0qdwz","18202","1","Maiden Heaven","JoJo's Bizarre Adventure: Stone Ocean","2","Sun, 16 Jun 2024 10:08:11 GMT","1718532491701","39","","","","No","No","","","45","0","2","1142935430342385724","1142935430342385724","797920307284934697","23","F","S","F","F","A","F","C","",""
"vj0781w","9962","3","Dragon's Dream","JoJo's Bizarre Adventure: Stone Ocean","2","Sun, 16 Jun 2024 10:07:48 GMT","1718532468579","38","","","","No","No","","","4","0","2","1142935430342385724","1142935430342385724","797920307284934697","21","F","S","F","F","A","F","C","",""
"vj01b6m","15787","3","Sticky Fingers","JoJo's Bizarre Adventure: Golden Wind","2","Sat, 15 Jun 2024 15:02:30 GMT","1718463750219","52","","","","No","No","","","16","0","2","","688687114128588823","797920307284934697","25","F","S","S","F","F","F","D","",""
"vj02wzd","65380","1","Ill Ratt","Death Note","1","Sat, 15 Jun 2024 04:11:48 GMT","1718424708080","4","","","","No","No","","","1","0","1","688687114128588823","688687114128588823","797920307284934697","1","F","S","S","S","B","F","D","",""
"vj0m22s","9845","4","Juliet Persia","Boarding School Juliet","1","Fri, 14 Jun 2024 19:34:32 GMT","1718393672660","29","","","","No","No","","","65","0","1","688687114128588823","688687114128588823","797920307284934697","15","F","S","S","S","A","F","D","",""
"vjvxbrj","8468","1","Nerissa Ravencroft","Hololive EN","4","Fri, 14 Jun 2024 16:08:42 GMT","1718381322030","208","","","","No","No","100-200","","120","0","4","1142935430342385724","688687114128588823","797920307284934697","109","F","S","S","F","F","F","C","",""
"vjv7jn8","1823","6","Negative Weiss","RWBY: Ice Queendom","3","Fri, 14 Jun 2024 09:08:46 GMT","1718356126170","105","","","","No","No","","","8","0","3","688687114128588823","688687114128588823","797920307284934697","65","F","S","S","S","B","F","B","",""
"vjv1qkg","196","3","Odette Malencon","Fatal Twelve","4","Thu, 13 Jun 2024 13:40:39 GMT","1718286039978","209","","","","No","No","","","6","0","4","688687114128588823","688687114128588823","797920307284934697","140","F","S","S","S","A","F","A","",""
"vjvjdwx","65419","1","Pocky","JoJo's Bizarre Adventure: Stardust Crusaders","2","Thu, 13 Jun 2024 12:59:35 GMT","1718283575898","13","","","","No","No","","","1","0","2","1142935430342385724","688687114128588823","797920307284934697","5","F","S","S","F","F","F","D","",""
"vjvjzmp","13378","1","Pablo Cavasoz","Blue Lock","2","Thu, 13 Jun 2024 10:29:44 GMT","1718274584694","42","","","","No","No","","","13","0","2","1142935430342385724","688687114128588823","797920307284934697","23","F","S","S","F","F","F","C","",""
"vjmjr9v","14944","3","Escanor","The Seven Deadly Sins: Signs of Holy War","2","Tue, 11 Jun 2024 10:58:05 GMT","1718103485257","75","","","","No","No","200-400","","218","0","2","688687114128588823","688687114128588823","797920307284934697","43","F","S","S","S","A","F","D","",""
"vbcc88m","1655","6","Arrietty","The Secret World of Arrietty","2","Mon, 10 Jun 2024 17:23:48 GMT","1718040228418","51","","","","No","No","","","33","0","2","688687114128588823","688687114128588823","797920307284934697","33","F","S","S","S","B","F","B","",""
"vbcxmll","25929","1","Apple","Death Note","4","Mon, 10 Jun 2024 11:59:53 GMT","1718020793931","165","","","","No","No","","","22","0","3","","688687114128588823","797920307284934697","85","F","A","S","F","A","F","D","",""
"vbcrwr7","18124","2","Jade Leech","Twisted Wonderland","2","Sun, 09 Jun 2024 19:39:33 GMT","1717961973369","35","","","","No","No","","","34","0","2","1142935430342385724","688687114128588823","797920307284934697","19","F","S","S","F","A","F","D","",""
"vklpzmj","628","6","Johnny Joestar","JoJo's Bizarre Adventure: Steel Ball Run","0","Sun, 09 Jun 2024 19:38:08 GMT","1717961888088","20","","","","No","No","400-600","","524","0","0","463362392550539264","463362392550539264","408001655402004480","13","F","S","F","F","A","F","A","",""
"vbcpg8j","10360","4","Nekomata Okayu","Hololive: Holo no Graffiti","1","Sun, 09 Jun 2024 18:22:03 GMT","1717957323655","38","","","","No","No","100-200","","202","0","1","737980149995274240","688687114128588823","797920307284934697","21","F","S","S","F","B","F","D","",""
"vb67x0s","23270","3","Black Sabbath","JoJo's Bizarre Adventure: Golden Wind","1","Sun, 09 Jun 2024 17:47:00 GMT","1717955220838","20","","","","No","No","","","3","0","1","1142935430342385724","1142935430342385724","797920307284934697","10","F","S","F","F","B","F","D","",""
"vbc1kjm","10689","4","Takashi Mitsuya","Tokyo Revengers","2","Sun, 09 Jun 2024 13:20:09 GMT","1717939209382","77","","","","No","No","200-400","","239","0","2","688687114128588823","688687114128588823","797920307284934697","43","F","S","S","S","A","F","D","",""
"vbcjsm7","64910","1","Vergille Strauss","Apfelland Monogatari","2","Sun, 09 Jun 2024 10:38:26 GMT","1717929506639","1","","","","No","No","","","10","0","2","924336354811334676","688687114128588823","797920307284934697","0","F","S","S","F","C","F","D","",""
"vbcqnrm","38158","2","Chloe von Einzbern","Fate/Kaleid Liner Prisma Illya 2wei!","3","Sat, 08 Jun 2024 21:13:57 GMT","1717881237607","81","","","","No","No","","","35","0","3","924336354811334676","688687114128588823","797920307284934697","43","F","S","S","F","A","F","D","",""
"vb6sc2z","5446","4","Lala","Monster Musume no Iru Nichijou","2","Sat, 08 Jun 2024 12:34:42 GMT","1717850082326","45","","","","No","No","","","9","0","2","688687114128588823","688687114128588823","797920307284934697","25","F","S","S","S","B","F","C","",""
"vb6sqf3","39099","1","Alice Fel Elrange","Baku Ane: Otouto Shibocchau zo!","2","Sat, 08 Jun 2024 08:46:40 GMT","1717836400480","24","","","","No","No","","","1","0","2","384016043577704450","688687114128588823","648031568756998155","14","F","S","S","F","S","F","D","",""
"vb63p9b","1774","6","Shinpei Ajiro","Summer Time Rendering","2","Fri, 07 Jun 2024 19:58:21 GMT","1717790301512","65","","","","No","No","","","92","0","2","688687114128588823","688687114128588823","797920307284934697","41","F","S","S","S","A","F","B","",""
"vb63vxv","64985","1","Mario Zucchero","JoJo's Bizarre Adventure: Golden Wind","4","Fri, 07 Jun 2024 18:55:45 GMT","1717786545954","63","","","","No","No","","","1","0","4","206167673472679936","688687114128588823","648031568756998155","35","F","S","S","F","A","F","D","",""
"vb6rlfz","5297","5","Hanako Ikezawa","Katawa Shoujo","1","Fri, 07 Jun 2024 18:36:13 GMT","1717785373661","24","","","","No","No","","","55","0","1","688687114128588823","688687114128588823","797920307284934697","15","F","S","S","S","A","F","C","",""
"vb6vljp","17312","3","Aisha Greyrat","Mushoku Tensei: Jobless Reincarnation","3","Thu, 06 Jun 2024 17:05:47 GMT","1717693547383","98","","","","No","No","","","14","0","3","924336354811334676","924336354811334676","797920307284934697","49","F","S","F","F","B","F","D","",""
"vbxsqzt","5543","5","Clair Aoki","Gleipnir","1","Thu, 06 Jun 2024 07:42:49 GMT","1717659769191","27","","","","No","No","","","44","4","1","688687114128588823","688687114128588823","648031568756998155","18","F","S","S","S","A","A","C","",""
"vbxgzz8","1634","6","Sailor Moon","Sailor Moon","4","Wed, 05 Jun 2024 18:10:46 GMT","1717611046570","344","","","","Yes","No","200-400","","370","0","1","688687114128588823","688687114128588823","797920307284934697","189","F","C","S","S","A","F","B","",""
"vbxnh3n","13750","3","Sayuki Tokihara","Hensuki: Are you willing to fall in love with a pervert, as long as she's a cutie?","0","Wed, 05 Jun 2024 06:46:16 GMT","1717569976370","13","","","","No","No","","","54","0","0","688687114128588823","688687114128588823","797920307284934697","5","F","S","S","S","C","F","D","",""
"vbxh9k4","38228","2","Momon","Overlord","2","Tue, 04 Jun 2024 21:01:27 GMT","1717534887077","37","","","","No","No","","","21","0","2","688687114128588823","688687114128588823","797920307284934697","20","F","S","S","S","A","F","D","",""
"vbsxv9t","1905","6","Elf","Uncle from Another World","2","Tue, 04 Jun 2024 08:55:43 GMT","1717491343321","61","","","","No","No","","","63","0","2","1232374519503519847","688687114128588823","648031568756998155","36","F","S","S","F","S","F","C","",""
"vbsslm8","13751","3","A2","NieR: Automata","2","Tue, 04 Jun 2024 08:18:44 GMT","1717489124723","69","","","","No","No","200-400","","211","0","2","688687114128588823","688687114128588823","1244937999058210886","39","F","S","S","S","A","F","D","",""
"vbsrxkj","9392","4","Masaomi Kida","Durarara!!","1","Mon, 03 Jun 2024 16:40:46 GMT","1717432846881","18","","","","No","No","","","4","0","1","","688687114128588823","797920307284934697","11","F","S","S","F","A","F","D","",""
"vbs1kn4","10428","4","Cocoa Hoto","Is the Order a Rabbit?","1","Mon, 03 Jun 2024 10:08:38 GMT","1717409318509","19","","","","No","No","","","19","0","1","688687114128588823","688687114128588823","797920307284934697","13","F","S","S","S","A","F","D","",""
"vbsqr6c","24165","2","Ryu Lion","Is It Wrong to Try to Pick Up Girls in a Dungeon?","3","Sun, 02 Jun 2024 19:54:49 GMT","1717358089012","95","","","","No","No","100-200","","116","0","3","","688687114128588823","797920307284934697","48","F","S","S","F","B","F","D","",""
"vbdgtcr","23411","2","Mia Karnstein","Code Vein","3","Sat, 01 Jun 2024 20:22:54 GMT","1717273374430","61","","","","No","No","","","10","0","3","","688687114128588823","797920307284934697","29","F","S","S","F","F","F","D","",""
"vbdrrj2","10066","4","Narberal Gamma","Overlord","2","Sat, 01 Jun 2024 16:50:48 GMT","1717260648881","67","","","","No","No","100-200","","130","0","2","1142935430342385724","688687114128588823","797920307284934697","33","F","S","S","F","F","F","D","",""
"vbd4376","4936","5","Thor","Marvel Disk Wars: The Avengers","2","Sat, 01 Jun 2024 11:47:01 GMT","1717242421277","46","","","","No","No","","","14","0","2","688687114128588823","688687114128588823","797920307284934697","28","F","S","S","S","A","F","C","",""
"vbd15t1","65530","1","Tatara","Tokyo Ghoul","4","Sat, 01 Jun 2024 09:35:26 GMT","1717234526834","77","","","yearofthedragon","No","No","","","1","0","4","","688687114128588823","797920307284934697","54","B","S","S","F","F","F","D","",""
"vbdhjqn","1461","4","Marika","Chillin' in My 30s after Getting Fired from the Demon King's Army","0","Fri, 31 May 2024 20:08:52 GMT","1717186132956","13","","","","No","No","","","33","0","0","688687114128588823","688687114128588823","797920307284934697","6","F","S","S","S","A","F","C","",""
"vbd2wp3","5877","2","Lilly Satou","Katawa Shoujo","4","Fri, 31 May 2024 19:38:44 GMT","1717184324583","170","","","","No","No","","","41","0","4","","688687114128588823","797920307284934697","91","F","S","S","F","A","F","D","",""
"vb7cr5g","65310","1","Yoshioka","JoJo's Bizarre Adventure: Diamond Is Unbreakable","1","Fri, 31 May 2024 10:47:12 GMT","1717152432916","4","","","","No","No","","","1","0","1","688687114128588823","688687114128588823","797920307284934697","1","F","S","S","S","B","F","D","",""
"vblsltq","21361","1","Planet Waves","JoJo's Bizarre Adventure: Stone Ocean","2","Thu, 30 May 2024 20:35:26 GMT","1717101326521","21","","","","No","No","","","1","0","2","924336354811334676","924336354811334676","797920307284934697","11","F","S","F","F","A","F","C","",""
"vb7gqw6","28419","1","Shotaro Kaneda's Bike","Akira","3","Thu, 30 May 2024 16:27:28 GMT","1717086448572","33","","","","No","No","","","14","0","3","924336354811334676","688687114128588823","797920307284934697","16","F","S","S","F","B","F","D","",""
"vbtcg24","65326","1","Shirotabi","Ghost Stories","2","Wed, 29 May 2024 11:23:06 GMT","1716981786772","7","","","","No","No","","","6","0","2","688687114128588823","688687114128588823","1244937999058210886","4","F","S","S","S","A","F","D","",""
"vbt6mvq","172","1","Argenti","Honkai: Star Rail","2","Wed, 29 May 2024 06:37:30 GMT","1716964650226","64","","","","No","No","100-200","","188","0","2","688687114128588823","688687114128588823","1164995008403877939","45","F","S","S","S","A","F","A","",""
"vbtgh4k","6892","1","Angel Devil","Chainsaw Man","1","Tue, 28 May 2024 16:56:31 GMT","1716915391337","35","","","","No","No","200-400","","348","0","1","1142935430342385724","1142935430342385724","797920307284934697","18","F","S","F","F","A","F","C","",""
"vbtz0nc","64863","1","Rolling Stones","JoJo's Bizarre Adventure: Golden Wind","3","Tue, 28 May 2024 12:25:21 GMT","1716899121185","35","","","","No","No","","","1","0","3","924336354811334676","924336354811334676","797920307284934697","16","F","S","F","F","F","F","D","",""
"vbtngxw","9469","4","Ibaraki-Douji","Fate/Grand Order","1","Tue, 28 May 2024 09:21:17 GMT","1716888077555","23","","","","No","No","","","10","0","1","688687114128588823","688687114128588823","797920307284934697","14","F","S","S","S","S","F","D","",""
"vbt09cd","1668","6","William James Moriarty","Moriarty the Patriot","0","Mon, 27 May 2024 19:34:27 GMT","1716838467917","17","","","","No","No","100-200","","187","0","0","688687114128588823","688687114128588823","797920307284934697","9","F","S","S","S","B","F","B","",""
"vbtv3tq","14763","3","Naoto Hachiouji","Don't Toy with Me, Miss Nagatoro","0","Mon, 27 May 2024 16:44:17 GMT","1716828257790","15","","","","No","No","album","","37","0","0","688687114128588823","688687114128588823","797920307284934697","8","F","S","S","S","S","F","D","",""
"vb8gkg4","16013","3","Cancer Cell","Cells at Work!","1","Sun, 26 May 2024 18:11:44 GMT","1716747104653","20","","","","No","No","","","9","0","1","688687114128588823","688687114128588823","797920307284934697","13","F","S","S","S","A","F","D","",""
"vb8hqds","33654","2","Zamasu","Dragon Ball Super","2","Sat, 25 May 2024 20:22:42 GMT","1716668562589","41","","","","No","No","","","17","0","2","","688687114128588823","797920307284934697","21","F","S","S","F","B","F","D","",""
"vb8hjng","1616","6","Airi Sakura","Classroom of the Elite","2","Sat, 25 May 2024 19:49:56 GMT","1716666596982","71","","","","No","No","","","60","1","2","688687114128588823","688687114128588823","797920307284934697","46","F","S","S","S","A","D","B","",""
"vb8hw8j","39908","1","Bellion","Solo Leveling","0","Sat, 25 May 2024 19:01:58 GMT","1716663718716","9","","","","No","No","","","30","0","0","688687114128588823","688687114128588823","797920307284934697","4","F","S","S","S","B","F","D","",""
"vb8v1gt","15091","3","Cyclops","X-Men","3","Sat, 25 May 2024 17:20:38 GMT","1716657638124","59","","","","No","No","","","6","0","3","688687114128588823","688687114128588823","797920307284934697","36","F","S","S","S","A","F","D","",""
"vb80zs1","9441","4","Elise","Fire Emblem Fates","2","Sat, 25 May 2024 16:44:12 GMT","1716655452904","35","","","","No","No","","","10","0","2","688687114128588823","688687114128588823","797920307284934697","21","F","S","S","S","A","F","D","",""
"vvdjrw9","5201","1","Uta","One Piece Film: Red","0","Sat, 25 May 2024 16:21:43 GMT","1716654103557","16","","","","No","No","400-600","","411","0","0","734260712012251197","734260712012251197","1035581052929966100","9","F","S","F","F","A","F","B","",""
"vblc9qw","12295","4","Hassan of the Serenity","Fate/Prototype: Sougin no Fragments","2","Sat, 25 May 2024 13:17:41 GMT","1716643061197","51","","","","No","No","","","19","0","2","","688687114128588823","797920307284934697","28","F","S","S","F","A","F","D","",""
"vbl6mn6","1400","6","Akane Hououji","The Café Terrace and Its Goddesses","3","Sat, 25 May 2024 11:31:39 GMT","1716636699622","115","","","","No","No","","","57","0","3","1142935430342385724","688687114128588823","797920307284934697","69","F","S","S","F","A","F","B","",""
"vbfcppx","64711","1","Poco's Father","JoJo's Bizarre Adventure","2","Thu, 23 May 2024 11:07:49 GMT","1716462469559","8","","","","No","No","","","1","0","2","","737980149995274240","797920307284934697","4","F","S","F","F","B","F","D","",""
"vbf2vb2","10764","3","Leone Abbacchio","JoJo's Bizarre Adventure: Golden Wind","3","Tue, 21 May 2024 19:24:41 GMT","1716319481154","125","","","","No","No","","","36","0","3","688687114128588823","688687114128588823","797920307284934697","70","F","S","S","S","A","F","D","",""
"vb9xm96","23601","1","Hanta Sero","My Hero Academia","1","Tue, 21 May 2024 09:04:24 GMT","1716282264398","27","","","","No","No","","","32","0","1","1111631826310668399","688687114128588823","648031568756998155","14","F","S","S","F","A","F","D","",""
"vb9fb7g","64276","1","Chi-Chi","Dragon Ball Z","3","Mon, 20 May 2024 18:35:48 GMT","1716230148414","47","","","","No","No","","","11","0","3","688687114128588823","688687114128588823","797920307284934697","26","F","S","S","S","A","F","D","",""
"vb9r5xw","65018","1","Tower of Gray","JoJo's Bizarre Adventure: Stardust Crusaders","2","Mon, 20 May 2024 15:54:21 GMT","1716220461503","14","","","","No","No","","","1","0","2","1142935430342385724","1142935430342385724","797920307284934697","8","F","S","F","F","A","F","D","",""
"vb9rx7g","9879","4","Roy Mustang","Fullmetal Alchemist","2","Mon, 20 May 2024 14:36:40 GMT","1716215800839","81","","","","No","No","200-400","","340","0","2","688687114128588823","688687114128588823","797920307284934697","45","F","S","S","S","A","F","D","",""
"vb913kp","57786","1","Vanica Zogratis","Black Clover","3","Mon, 20 May 2024 08:38:33 GMT","1716194313482","62","","","","No","No","","","14","0","3","688687114128588823","688687114128588823","797920307284934697","38","F","S","S","S","A","F","D","",""
"vb9hkqc","14385","3","Franken Stein","Soul Eater","2","Sun, 19 May 2024 20:51:26 GMT","1716151886737","63","","","","No","No","100-200","","124","0","2","737980149995274240","688687114128588823","797920307284934697","31","F","S","S","F","F","F","D","",""
"vb9hmhj","22579","3","Prushka","Made in Abyss","2","Sun, 19 May 2024 18:37:22 GMT","1716143842211","40","","","","No","No","","","29","0","2","688687114128588823","688687114128588823","797920307284934697","24","F","S","S","S","A","F","D","",""
"v2wdfdq","3273","5","Giorno Giovanna","JoJo's Bizarre Adventure: Golden Wind","4","Sun, 19 May 2024 12:22:19 GMT","1716121339394","333","","","inwonderland","Yes","No","600","","613","0","2","433311013899730955","433311013899730955","798671562990551090","243","B","B","F","F","A","F","B","",""
"vbg6mmf","38922","1","Blondie","JoJo's Bizarre Adventure: Stone Ocean","1","Sun, 19 May 2024 12:04:20 GMT","1716120260843","7","","","","No","No","","","1","0","1","289258645458386944","688687114128588823","648031568756998155","4","F","S","S","F","B","F","D","",""
"vbg8bm6","64689","1","Yasunori Nakajima","Tokyo Ghoul","1","Sat, 18 May 2024 23:08:06 GMT","1716073686568","2","","","","No","No","","","1","0","1","688687114128588823","688687114128588823","797920307284934697","1","F","S","S","S","A","F","D","",""
"vbggmd3","1916","6","Great Saiyaman","Dragon Ball Z","1","Sat, 18 May 2024 18:46:15 GMT","1716057975524","29","","","","No","No","","","11","0","1","","688687114128588823","797920307284934697","15","F","S","S","F","F","F","B","",""
"vbg36hd","64784","1","Clash","JoJo's Bizarre Adventure: Golden Wind","4","Sat, 18 May 2024 18:21:38 GMT","1716056498911","56","","","","No","No","","","1","0","4","885604069685723156","688687114128588823","648031568756998155","29","F","S","S","F","B","F","D","",""
"vbgg563","1608","6","Kokichi Ouma","Danganronpa V3: Killing Harmony","0","Sat, 18 May 2024 16:59:08 GMT","1716051548673","19","","","","No","No","200-400","","206","0","0","688687114128588823","688687114128588823","797920307284934697","15","F","S","S","S","A","F","B","",""
"vb4cqj9","64992","1","Yoshie","JoJo's Bizarre Adventure: Diamond Is Unbreakable","3","Fri, 17 May 2024 19:05:55 GMT","1715972755212","32","","","","No","No","","","1","0","3","1142935430342385724","1142935430342385724","797920307284934697","15","F","S","F","F","B","F","D","",""
"vbghfrr","64461","1","Metallica","JoJo's Bizarre Adventure: Golden Wind","4","Fri, 17 May 2024 19:01:40 GMT","1715972500717","88","","","yearoftheox","No","No","","","4","0","3","","924336354811334676","797920307284934697","60","B","A","F","F","B","F","D","",""
"vb5z1sd","64408","1","Toyohiro Kanedaichi","JoJo's Bizarre Adventure: Diamond Is Unbreakable","1","Fri, 17 May 2024 19:00:44 GMT","1715972444382","9","","","","No","No","","","1","0","1","1142935430342385724","1142935430342385724","797920307284934697","4","F","S","F","F","A","F","D","",""
"vbghhww","1889","6","Nodoka Toyohama","Rascal Does Not Dream of Bunny Girl Senpai","1","Fri, 17 May 2024 18:30:52 GMT","1715970652803","30","","","","No","No","","","20","0","1","688687114128588823","688687114128588823","797920307284934697","20","F","S","S","S","B","F","B","",""
"vb3g4dt","61128","1","Yoma Hashimoto","Kishibe Rohan wa Ugokanai","3","Thu, 16 May 2024 16:28:10 GMT","1715876890365","31","","","","No","No","","","4","0","3","1127826558095204352","688687114128588823","648031568756998155","18","F","S","S","F","S","F","D","",""
"vb3qf0p","1462","6","Keroberos","Cardcaptor Sakura","3","Wed, 15 May 2024 17:01:37 GMT","1715792497923","84","","","","No","No","","","38","0","3","688687114128588823","688687114128588823","797920307284934697","50","F","S","S","S","B","F","B","",""
"vb3vm2j","20370","1","Bat Devil","Chainsaw Man","2","Wed, 15 May 2024 14:17:57 GMT","1715782677450","29","","","","No","No","","","6","0","2","999172855264727170","688687114128588823","648031568756998155","15","F","S","S","F","A","F","C","",""
"vb3m4vd","64774","1","May","Pokémon Advanced","2","Wed, 15 May 2024 13:26:50 GMT","1715779610224","28","","","","No","No","","","13","0","2","688687114128588823","688687114128588823","648031568756998155","15","F","S","S","S","A","F","D","",""
"vb3vl9k","10625","4","Eve Reese","Redo of Healer","2","Wed, 15 May 2024 12:47:23 GMT","1715777243501","58","","","","No","No","","","43","0","2","688687114128588823","688687114128588823","797920307284934697","35","F","S","S","S","A","F","D","",""
"v29jqb0","3512","5","Chika Takami","Love Live! Sunshine!!","0","Tue, 24 Oct 2023 16:54:29 GMT","1698166469865","11","","","","No","No","","","21","0","0","","688687114128588823","1164995008403877939","6","F","S","S","F","F","F","C","",""
"v2g7g6m","58238","1","Terunosuke Miyamoto","JoJo's Bizarre Adventure: Diamond Is Unbreakable","3","Mon, 23 Oct 2023 22:39:07 GMT","1698100747097","38","","","","No","No","","","3","0","3","688687114128588823","688687114128588823","1164995008403877939","23","F","S","S","S","B","F","D","",""
"v2gtl2p","14498","3","Shirakami Fubuki","Hololive: Holo no Graffiti","4","Mon, 23 Oct 2023 21:17:46 GMT","1698095866664","309","","","springrain","Yes","No","200-400","","274","0","4","688687114128588823","688687114128588823","1164995008403877939","239","B","S","S","S","B","F","D","",""
"v2rp0kg","25264","1","Smoker","One Piece","1","Fri, 20 Oct 2023 19:18:45 GMT","1697829525635","17","","","","No","No","","","36","0","1","688687114128588823","688687114128588823","1164995008403877939","8","F","S","S","S","A","F","D","",""
"vhlb139","16169","2","Hermit Purple","JoJo's Bizarre Adventure: Stardust Crusaders","3","Sun, 10 Sep 2023 09:06:52 GMT","1694336812226","91","","","","No","No","","","10","0","3","","688687114128588823","797920307284934697","45","F","S","S","F","D","F","D","",""
"vhl0pb1","56774","1","Marco Pagott","Porco Rosso","2","Sat, 09 Sep 2023 22:20:24 GMT","1694298024248","9","","","","No","No","","","21","0","2","924336354811334676","688687114128588823","797920307284934697","4","F","S","S","F","F","F","D","",""
"vhf54gq","14154","2","Heine","Combatants Will Be Dispatched!","0","Fri, 08 Sep 2023 17:23:42 GMT","1694193822783","9","","","","No","No","","","6","0","0","688687114128588823","688687114128588823","797920307284934697","4","F","S","S","S","B","F","D","",""
"vhfq7n3","1504","4","Tsuzura Hanatemari","Kakegurui Twin","2","Fri, 08 Sep 2023 10:17:33 GMT","1694168253516","55","","","","No","No","","","9","0","2","688687114128588823","688687114128588823","797920307284934697","36","F","S","S","S","A","F","B","",""
"vh9tkn0","14741","1","Konan","Naruto Shippuden","2","Thu, 07 Sep 2023 18:57:47 GMT","1694113067461","60","","","","No","No","","","75","0","2","","688687114128588823","797920307284934697","31","F","S","S","F","B","F","D","",""
"vhgjct3","8938","4","Hassan of the Serenity","Fate/Prototype: Sougin no Fragments","1","Tue, 05 Sep 2023 14:15:58 GMT","1693923358555","25","","","","No","No","","","19","0","1","688687114128588823","688687114128588823","797920307284934697","15","F","S","S","S","B","F","C","",""
"vh3qmdp","56723","1","Emo Bananya","Bananya and the Curious Bunch","1","Sun, 03 Sep 2023 12:53:30 GMT","1693745610062","10","","","","No","No","","","20","0","1","688687114128588823","688687114128588823","797920307284934697","5","F","S","S","S","D","F","D","",""
"vh4gb8b","53964","1","Jojo","gdgd Fairies","3","Wed, 30 Aug 2023 19:18:31 GMT","1693423111588","32","","","","No","No","","","12","0","3","924336354811334676","688687114128588823","797920307284934697","16","F","S","S","F","F","F","D","",""
"vh4vt4h","8298","4","Emilia","Re:ZERO -Starting Life in Another World-","4","Tue, 29 Aug 2023 21:13:58 GMT","1693343638889","339","","","ripple","Yes","No","album","","1074","0","2","688687114128588823","688687114128588823","797920307284934697","261","B","B","S","S","A","F","C","Tue, 25 Mar 2025 00:17:42 GMT","1742861862704"
"vh1gjtm","32412","2","Shirahoshi","One Piece","2","Sun, 27 Aug 2023 16:33:44 GMT","1693154024332","56","","","","No","No","","","20","0","2","","688687114128588823","797920307284934697","28","F","S","S","F","F","F","C","",""
"vh1pg1z","19038","2","Tonio Trussardi","JoJo's Bizarre Adventure: Diamond Is Unbreakable","4","Sun, 27 Aug 2023 14:41:03 GMT","1693147263925","147","","","","No","No","","","4","0","4","688687114128588823","688687114128588823","797920307284934697","86","F","S","S","S","A","F","D","",""
"vh1jd4m","2718","5","King Hassan","Fate/Grand Order","3","Sun, 27 Aug 2023 06:56:00 GMT","1693119360528","95","","","","No","No","","","29","0","3","688687114128588823","688687114128588823","797920307284934697","58","F","S","S","S","B","F","B","",""
"vhnbrrf","2165","5","Weather Report","JoJo's Bizarre Adventure: Stone Ocean","2","Fri, 25 Aug 2023 17:31:54 GMT","1692984714583","71","","","","No","No","100-200","","109","0","2","737980149995274240","737980149995274240","797920307284934697","41","F","S","F","F","A","F","B","",""
"vhn5bpz","39773","1","Monarch of Plagues","Solo Leveling","2","Fri, 25 Aug 2023 14:53:19 GMT","1692975199785","35","","","","No","No","","","19","0","2","688687114128588823","688687114128588823","797920307284934697","20","F","S","S","S","B","F","C","",""
"vhjt5s3","4677","2","Syrup","BOFURI: I Don't Want to Get Hurt, so I'll Max Out My Defense.","2","Thu, 24 Aug 2023 21:36:50 GMT","1692913010729","38","","","","No","No","","","39","0","2","","688687114128588823","797920307284934697","21","F","S","S","F","B","F","C","",""
"vhj25gh","3506","2","Future Devil","Chainsaw Man","2","Thu, 24 Aug 2023 21:23:36 GMT","1692912216350","56","","","","No","No","","","10","0","2","924336354811334676","924336354811334676","797920307284934697","30","F","S","F","F","F","F","A","",""
"vhjzg4d","55972","1","Beach Boy","JoJo's Bizarre Adventure: Golden Wind","1","Thu, 24 Aug 2023 09:24:32 GMT","1692869072924","9","","","","No","No","","","1","0","1","1142511023555878963","688687114128588823","648031568756998155","4","F","S","S","F","S","F","D","",""
"vhjhlgf","56530","1","Bartolomeo","One Piece","3","Wed, 23 Aug 2023 22:50:56 GMT","1692831056646","57","","","","No","No","","","26","0","3","","688687114128588823","797920307284934697","28","F","S","S","F","D","F","D","",""
"vhjqlp4","33160","2","Godzilla Earth","Godzilla Movie 1: Planet of the Monsters","1","Wed, 23 Aug 2023 22:27:32 GMT","1692829652381","17","","","","No","No","","","30","0","1","","688687114128588823","797920307284934697","8","F","S","S","F","C","F","C","",""
"vhjqm9d","1362","2","Mamako Ousuki","Do You Love Your Mom and Her Two-Hit Multi-Target Attacks?","0","Wed, 23 Aug 2023 21:48:28 GMT","1692827308153","15","","","","No","No","100-200","","128","0","0","","688687114128588823","797920307284934697","9","F","S","S","F","A","F","B","",""
"vhjv78d","2161","5","Misa Amane","Death Note","4","Wed, 23 Aug 2023 18:58:15 GMT","1692817095825","335","","","","Yes","No","album","","665","0","2","688687114128588823","688687114128588823","797920307284934697","196","F","B","S","S","A","F","B","",""
"vh5d952","56550","1","Aki","Tokyo Ghoul: Jack","2","Mon, 21 Aug 2023 22:59:53 GMT","1692658793115","11","","","","No","No","","","1","0","2","688687114128588823","688687114128588823","797920307284934697","5","F","S","S","S","C","F","D","",""
"vh5tfxj","56192","1","Ayana Hirose","JoJo's Bizarre Adventure: Diamond Is Unbreakable","2","Mon, 21 Aug 2023 20:25:38 GMT","1692649538419","14","","","","No","No","","","1","0","2","688687114128588823","688687114128588823","797920307284934697","8","F","S","S","S","A","F","D","",""
"vh5pnf3","2283","5","Ninym Ralei","The Genius Prince's Guide to Raising a Nation Out of Debt","3","Mon, 21 Aug 2023 11:06:52 GMT","1692616012095","140","","","","No","No","200-400","","261","0","3","688687114128588823","688687114128588823","797920307284934697","90","F","S","S","S","A","F","B","",""
"vh54qk3","2455","5","Gaara","Naruto","1","Mon, 21 Aug 2023 08:03:47 GMT","1692605027678","41","","","","No","No","200-400","","220","0","1","688687114128588823","688687114128588823","797920307284934697","25","F","S","S","S","B","F","B","",""
"vh5h5kq","38950","1","Mekara","Marvel Future Avengers 2nd Season","2","Sun, 20 Aug 2023 20:13:13 GMT","1692562393877","3","","","","No","No","","","1","0","2","737980149995274240","688687114128588823","797920307284934697","1","F","S","S","F","F","F","C","",""
"vhksxj1","56249","1","Mela Ghirga","JoJo's Bizarre Adventure: Golden Wind","3","Sun, 20 Aug 2023 11:53:15 GMT","1692532395442","24","","","","No","No","","","1","0","3","","737980149995274240","797920307284934697","11","F","S","F","F","F","F","D","",""
"vhkn623","56252","1","Yoshioka","JoJo's Bizarre Adventure: Diamond Is Unbreakable","1","Sat, 19 Aug 2023 22:40:27 GMT","1692484827846","4","","","","No","No","","","1","0","1","737980149995274240","924336354811334676","797920307284934697","1","F","S","F","F","F","F","D","",""
"vhkpsxr","53725","1","Maha Zoldyck","Hunter x Hunter","2","Sat, 19 Aug 2023 22:31:42 GMT","1692484302775","15","","","","No","No","","","8","0","2","","688687114128588823","797920307284934697","6","F","S","S","F","F","F","D","",""
"vhw8j1t","2818","5","Komurasaki","One Piece","0","Fri, 18 Aug 2023 19:17:35 GMT","1692386255999","14","","","","No","No","","","12","0","0","924336354811334676","688687114128588823","797920307284934697","8","F","S","S","F","F","F","B","",""
"vhwrx6d","13444","3","Hitoshi Shinsou","My Hero Academia 2","3","Fri, 18 Aug 2023 14:18:11 GMT","1692368291462","148","","","","No","No","100-200","","98","3","3","709865261502824538","688687114128588823","648031568756998155","90","F","S","S","F","S","B","C","",""
"vhw4wp4","7787","4","Kaoru Seta","BanG Dream!","1","Fri, 18 Aug 2023 10:14:23 GMT","1692353663559","24","","","","No","No","","","28","0","1","688687114128588823","924336354811334676","797920307284934697","13","F","S","F","S","F","F","C","",""
"vh23nh7","4219","2","Tomoko Sakurai","Heaven's Lost Property","3","Thu, 17 Aug 2023 20:43:56 GMT","1692305036688","71","","","","No","No","","","9","0","3","1058805575317733477","924336354811334676","797920307284934697","36","F","S","F","F","B","F","C","",""
"vh2fsb2","7452","4","Ken Kaneki","Tokyo Ghoul","4","Thu, 17 Aug 2023 17:25:32 GMT","1692293132890","348","","","yearofthehorse","Yes","No","album","","1919","2","1","","1016145098406367254","985793542976852011","249","B","C","F","F","A","C","C","",""
"vh2c7v9","55763","1","Hideki Ide","Death Note","3","Thu, 17 Aug 2023 16:32:20 GMT","1692289940562","14","","","","No","No","","","1","0","3","688687114128588823","688687114128588823","797920307284934697","8","F","S","S","S","A","F","D","",""
"vq4hm9d","10251","3","Lucy Steel","JoJo's Bizarre Adventure: Steel Ball Run","4","Thu, 17 Aug 2023 13:09:27 GMT","1692277767735","247","","","yearofthesnake","Yes","No","","","32","0","1","544215825490378861","544215825490378861","913213790756167722","156","B","C","F","F","F","F","C","",""
"vh24bbb","56170","1","Wilson Phillips","JoJo's Bizarre Adventure: Stardust Crusaders","3","Wed, 16 Aug 2023 21:40:43 GMT","1692222043437","21","","","","No","No","","","1","0","3","688687114128588823","688687114128588823","797920307284934697","13","F","S","S","S","F","F","D","",""
"vqs80fq","14629","3","Diego Brando","JoJo's Bizarre Adventure: Steel Ball Run","3","Wed, 16 Aug 2023 16:54:54 GMT","1692204894398","154","","","","No","No","200-400","","261","0","1","823109386804658186","823109386804658186","1073363136763138098","76","F","B","F","F","S","F","C","",""
"vhhdwbj","18938","3","Nekomaru Nidai","Danganronpa 2: Goodbye Despair","2","Tue, 15 Aug 2023 21:15:30 GMT","1692134130955","41","","","","No","No","","","9","0","2","1037927410273882163","688687114128588823","648031568756998155","23","F","S","S","F","B","F","C","",""
"vqzt3l3","2268","5","Norman","The Promised Neverland","2","Tue, 15 Aug 2023 16:22:10 GMT","1692116530236","69","","","","No","No","100-200","","113","0","2","742024963774480384","742024963774480384","948927337033003058","39","F","S","F","F","B","F","B","",""
"vqw5z1h","15866","1","Crazy Diamond","JoJo's Bizarre Adventure: Diamond Is Unbreakable","3","Tue, 04 Jul 2023 23:43:59 GMT","1688514239741","93","","","","No","No","","","31","0","3","688687114128588823","688687114128588823","1062805182028726413","50","F","S","S","S","A","F","D","",""
"v0xrk7d","31171","2","Kisame Hoshigaki","Naruto","1","Wed, 21 Jun 2023 12:22:21 GMT","1687350141494","26","","","","No","No","","","33","1","1","719912014759198780","688687114128588823","648031568756998155","15","F","S","S","F","A","D","C","",""
"v0zr83s","31034","2","Rogue Cheney","Fairy Tail","1","Wed, 31 May 2023 05:40:57 GMT","1685511657588","21","","","","No","No","","","21","0","1","688687114128588823","688687114128588823","1062805182028726413","13","F","S","S","S","D","F","C","",""
"v01nv5w","1185","5","Boa Hancock","One Piece","0","Mon, 29 May 2023 12:29:15 GMT","1685363355070","21","","","","No","No","album","","759","15","0","688687114128588823","688687114128588823","648031568756998155","16","F","S","S","S","A","S","A","",""
"v0nln8q","53450","1","Mary Stuart","JoJo's Bizarre Adventure","2","Sun, 28 May 2023 13:33:32 GMT","1685280812869","12","","","","No","No","","","1","0","2","239040374813753344","688687114128588823","648031568756998155","6","F","S","S","F","A","F","C","",""
"v0nqsnx","53083","1","Pocky","JoJo's Bizarre Adventure: Stardust Crusaders","2","Sat, 27 May 2023 16:18:40 GMT","1685204320286","13","","","","No","No","","","1","0","2","450949254224150529","688687114128588823","648031568756998155","6","F","S","S","F","S","F","C","",""
"tnw6r7","1419","4","Light Yagami","Death Note","4","Sat, 27 May 2023 12:42:03 GMT","1685191323021","349","","","yearofthedog","Yes","No","album","","871","0","2","308414459268038657","308414459268038657","928472184857427968","276","B","B","F","F","A","F","A","",""
"v0nvmw3","36337","1","Silver Soldier","Solo Leveling","2","Sat, 27 May 2023 12:31:22 GMT","1685190682059","18","","","","No","No","","","2","0","2","688687114128588823","688687114128588823","1062805182028726413","14","F","S","S","S","B","F","C","",""
"v0jcf2j","31119","2","Marcel Galliard","Attack on Titan 2nd Season","2","Sat, 27 May 2023 11:13:32 GMT","1685186012316","38","","","","No","No","","","2","0","2","843920567751933974","688687114128588823","648031568756998155","24","F","S","S","F","S","F","C","",""
"v0jczqp","53066","1","Bug-Eaten","JoJo's Bizarre Adventure: Diamond Is Unbreakable","3","Sat, 27 May 2023 10:45:30 GMT","1685184330828","21","","","","No","No","","","1","0","3","560700763777531908","688687114128588823","648031568756998155","13","F","S","S","F","S","F","C","",""
"v0b5350","22921","1","Storm","X-Men","3","Wed, 24 May 2023 19:57:21 GMT","1684958241016","27","","","","No","No","","","8","0","3","688687114128588823","688687114128588823","1062805182028726413","16","F","S","S","S","B","F","D","",""
"vmt7tnx","443","5","Gyro Zeppeli","JoJo's Bizarre Adventure: Steel Ball Run","4","Wed, 24 May 2023 14:34:16 GMT","1684938856891","326","","","","Yes","No","400-600","","572","0","3","672889780257816591","672889780257816591","891477594082541598","198","F","A","F","F","S","F","A","",""
"v0b0m3n","53084","1","Conny","The Promised Neverland","0","Wed, 24 May 2023 11:35:01 GMT","1684928101460","6","","","","No","No","","","3","0","0","331543743582961666","688687114128588823","648031568756998155","4","F","S","S","F","A","F","C","",""
"v05lx1n","6824","3","Hitch Dreyse","Attack on Titan","0","Tue, 23 May 2023 21:55:54 GMT","1684878954565","15","","","","No","No","","","17","4","0","","688687114128588823","648031568756998155","10","F","S","S","F","A","A","C","",""
"v05fngq","11952","3","Minoru Mineta","My Hero Academia","2","Tue, 23 May 2023 20:10:30 GMT","1684872630967","58","","","","No","No","","","11","0","2","688687114128588823","688687114128588823","1062805182028726413","36","F","S","S","S","A","F","C","",""
"v0krw9x","3994","2","Mass Production Evangelion","Neon Genesis Evangelion","3","Mon, 22 May 2023 04:52:01 GMT","1684731121631","68","","","","No","No","","","3","1","3","976828827869274134","688687114128588823","648031568756998155","45","F","S","S","F","S","D","A","",""
"v0k587d","53065","1","Anne","JoJo's Bizarre Adventure: Stardust Crusaders","2","Sun, 21 May 2023 19:09:30 GMT","1684696170920","18","","","","No","No","","","2","0","2","974350115936550932","688687114128588823","648031568756998155","13","F","S","S","F","A","F","C","",""
"vvfq3pz","11864","3","Ryuuko Matoi","Kill La Kill","3","Sun, 21 May 2023 19:04:24 GMT","1684695864434","165","","","","No","No","400-600","","413","0","3","549791905773518870","549791905773518870","1004277805950980106","74","F","S","F","F","F","F","D","",""
"v0kkgk5","52989","1","Girl A","JoJo's Bizarre Adventure: Stardust Crusaders - Battle in Egypt","2","Sun, 21 May 2023 18:42:16 GMT","1684694536149","9","","","","No","No","","","1","0","2","407857490521489409","688687114128588823","648031568756998155","4","F","S","S","F","F","F","C","",""
"v0k2f4b","52999","1","Conny","The Promised Neverland","2","Sun, 21 May 2023 16:54:00 GMT","1684688040520","24","","","","No","No","","","3","0","2","","688687114128588823","648031568756998155","13","F","S","S","F","F","F","C","",""
"v0k2pxp","52808","1","Satomi Murano","Parasyte -the maxim-","3","Sun, 21 May 2023 16:01:18 GMT","1684684878357","27","","","","No","No","","","6","0","3","992588540535910471","688687114128588823","648031568756998155","14","F","S","S","F","D","F","C","",""
"v0kh912","52648","1","Ji","Princess Mononoke","2","Sun, 21 May 2023 15:30:17 GMT","1684683017191","5","","","","No","No","","","1","0","2","688687114128588823","688687114128588823","1062805182028726413","1","F","S","S","S","B","F","C","",""
"v0k0wgm","6182","4","Jahy","The Great Jahy Will Not Be Defeated!","1","Sun, 21 May 2023 13:27:35 GMT","1684675655704","36","","","","No","No","100-200","","133","0","1","","688687114128588823","1062805182028726413","19","F","S","S","F","F","F","C","",""
"v0w82b0","12704","3","Mei Aihara","Citrus","3","Sun, 21 May 2023 00:01:39 GMT","1684627299111","122","","","","No","No","","","80","0","3","688687114128588823","688687114128588823","1062805182028726413","68","F","S","S","S","B","F","D","",""
"v02b8j8","7424","4","Homura","Senran Kagura: Portrait of Girls","2","Thu, 18 May 2023 22:15:33 GMT","1684448133778","55","","","","No","No","","","21","0","2","","688687114128588823","1062805182028726413","29","F","S","S","F","C","F","C","",""
"vmwf2s9","6464","4","Johnny Joestar","JoJo's Bizarre Adventure: Steel Ball Run","4","Thu, 18 May 2023 21:37:00 GMT","1684445820982","329","","","yearoftherooster","No","No","400-600","","524","1","3","","485619082998317058","538076036555079696","248","B","A","F","F","B","D","C","",""
"v0252ls","1251","5","Arjuna (Alter)","Fate/Grand Order","3","Thu, 18 May 2023 20:40:06 GMT","1684442406575","108","","","","No","No","","","34","0","3","","688687114128588823","1062805182028726413","63","F","S","S","F","F","F","A","",""
"v025xh3","1511","5","Astel Leda","Holostars","3","Thu, 18 May 2023 19:58:28 GMT","1684439908474","103","","","","No","No","","","23","0","3","","688687114128588823","1062805182028726413","60","F","S","S","F","F","F","A","",""